image_id,component_count,relation_count
hiero_0000,1,0
hiero_0001,1,0
hiero_0002,1,0
hiero_0003,1,0
hiero_0004,1,0
hiero_0005,1,0
hiero_0006,1,0
hiero_0007,2,1
hiero_0008,2,1
hiero_0009,1,0
hiero_0010,1,0
hiero_0011,1,0
hiero_0012,1,0
hiero_0013,1,0
hiero_0014,1,0
hiero_0015,1,0
hiero_0016,1,0
hiero_0017,1,0
hiero_0018,1,0
hiero_0019,1,0
hiero_0020,1,0
hiero_0021,1,0
hiero_0022,1,0
hiero_0023,1,0
hiero_0024,1,0
hiero_0025,1,0
hiero_0026,1,0
hiero_0027,1,0
hiero_0028,1,0
hiero_0029,1,0
hiero_0030,1,0
hiero_0031,1,0
hiero_0032,1,0
hiero_0033,1,0
hiero_0034,1,0
hiero_0035,1,0
hiero_0036,1,0
hiero_0037,1,0
hiero_0038,1,0
hiero_0039,1,0
hiero_0040,1,0
hiero_0041,1,0
hiero_0042,1,0
hiero_0043,1,0
hiero_0044,1,0
hiero_0045,1,0
hiero_0046,1,0
hiero_0047,1,0
hiero_0048,1,0
hiero_0049,1,0
hiero_0050,1,0
hiero_0051,1,0
hiero_0052,1,0
hiero_0053,1,0
hiero_0054,1,0
hiero_0055,1,0
hiero_0056,1,0
hiero_0057,1,0
hiero_0058,1,0
hiero_0059,1,0
hiero_0060,1,0
hiero_0061,1,0
hiero_0062,1,0
hiero_0063,1,0
hiero_0064,1,0
hiero_0065,1,0
hiero_0066,1,0
hiero_0067,1,0
hiero_0068,1,0
hiero_0069,9,36
hiero_0070,1,0
hiero_0071,1,0
hiero_0072,1,0
hiero_0073,1,0
hiero_0074,2,1
hiero_0075,1,0
hiero_0076,1,0
hiero_0077,1,0
hiero_0078,1,0
hiero_0079,1,0
hiero_0080,1,0
hiero_0081,1,0
hiero_0082,1,0
hiero_0083,1,0
hiero_0084,1,0
hiero_0085,1,0
hiero_0086,1,0
hiero_0087,1,0
hiero_0088,1,0
hiero_0089,1,0
hiero_0090,1,0
hiero_0091,1,0
hiero_0092,1,0
hiero_0093,1,0
hiero_0094,1,0
hiero_0095,1,0
hiero_0096,2,1
hiero_0097,2,1
hiero_0098,2,1
hiero_0099,1,0
hiero_0100,1,0
hiero_0101,1,0
hiero_0102,1,0
hiero_0103,1,0
hiero_0104,1,0
hiero_0105,1,0
hiero_0106,1,0
hiero_0107,1,0
hiero_0108,1,0
hiero_0109,1,0
hiero_0110,1,0
hiero_0111,1,0
hiero_0112,1,0
hiero_0113,1,0
hiero_0114,1,0
hiero_0115,1,0
hiero_0116,1,0
hiero_0117,1,0
hiero_0118,1,0
hiero_0119,3,3
hiero_0120,1,0
hiero_0121,1,0
hiero_0122,1,0
hiero_0123,1,0
hiero_0124,2,1
hiero_0125,2,1
hiero_0126,1,0
hiero_0127,1,0
hiero_0128,2,1
hiero_0129,1,0
hiero_0130,1,0
hiero_0131,1,0
hiero_0132,1,0
hiero_0133,1,0
hiero_0134,1,0
hiero_0135,1,0
hiero_0136,1,0
hiero_0137,1,0
hiero_0138,2,1
hiero_0139,1,0
hiero_0140,1,0
hiero_0141,1,0
hiero_0142,1,0
hiero_0143,2,1
hiero_0144,1,0
hiero_0145,1,0
hiero_0146,1,0
hiero_0147,1,0
hiero_0148,1,0
hiero_0149,1,0
hiero_0150,2,1
hiero_0151,2,1
hiero_0152,1,0
hiero_0153,1,0
hiero_0154,1,0
hiero_0155,1,0
hiero_0156,1,0
hiero_0157,2,1
hiero_0158,2,1
hiero_0159,2,1
hiero_0160,2,1
hiero_0161,4,6
hiero_0162,2,1
hiero_0163,2,1
hiero_0164,1,0
hiero_0165,2,1
hiero_0166,2,1
hiero_0167,2,1
hiero_0168,4,6
hiero_0169,2,1
hiero_0170,2,1
hiero_0171,2,1
hiero_0172,1,0
hiero_0173,1,0
hiero_0174,2,1
hiero_0175,3,3
hiero_0176,6,15
hiero_0177,5,10
hiero_0178,6,15
hiero_0179,7,21
hiero_0180,8,28
hiero_0181,9,36
hiero_0182,6,15
hiero_0183,2,1
hiero_0184,2,1
hiero_0185,1,0
hiero_0186,2,1
hiero_0187,1,0
hiero_0188,4,6
hiero_0189,1,0
hiero_0190,2,1
hiero_0191,2,1
hiero_0192,2,1
hiero_0193,2,1
hiero_0194,1,0
hiero_0195,3,3
hiero_0196,3,3
hiero_0197,2,1
hiero_0198,2,1
hiero_0199,1,0
hiero_0200,3,3
hiero_0201,1,0
hiero_0202,2,1
hiero_0203,3,3
hiero_0204,4,6
hiero_0205,5,10
hiero_0206,6,15
hiero_0207,7,21
hiero_0208,8,28
hiero_0209,12,66
hiero_0210,2,1
hiero_0211,2,1
hiero_0212,1,0
hiero_0213,2,1
hiero_0214,2,1
hiero_0215,1,0
hiero_0216,2,1
hiero_0217,2,1
hiero_0218,2,1
hiero_0219,2,1
hiero_0220,2,1
hiero_0221,2,1
hiero_0222,2,1
hiero_0223,2,1
hiero_0224,2,1
hiero_0225,1,0
hiero_0226,2,1
hiero_0227,3,3
hiero_0228,3,3
hiero_0229,2,1
hiero_0230,1,0
hiero_0231,1,0
hiero_0232,1,0
hiero_0233,2,1
hiero_0234,1,0
hiero_0235,1,0
hiero_0236,1,0
hiero_0237,1,0
hiero_0238,1,0
hiero_0239,4,6
hiero_0240,3,3
hiero_0241,2,1
hiero_0242,1,0
hiero_0243,1,0
hiero_0244,2,1
hiero_0245,2,1
hiero_0246,2,1
hiero_0247,1,0
hiero_0248,1,0
hiero_0249,3,3
hiero_0250,2,1
hiero_0251,3,3
hiero_0252,1,0
hiero_0253,1,0
hiero_0254,2,1
hiero_0255,2,1
hiero_0256,2,1
hiero_0257,5,10
hiero_0258,2,1
hiero_0259,2,1
hiero_0260,2,1
hiero_0261,2,1
hiero_0262,2,1
hiero_0263,1,0
hiero_0264,2,1
hiero_0265,2,1
hiero_0266,2,1
hiero_0267,1,0
hiero_0268,1,0
hiero_0269,1,0
hiero_0270,1,0
hiero_0271,1,0
hiero_0272,1,0
hiero_0273,1,0
hiero_0274,1,0
hiero_0275,1,0
hiero_0276,1,0
hiero_0277,1,0
hiero_0278,1,0
hiero_0279,1,0
hiero_0280,1,0
hiero_0281,1,0
hiero_0282,1,0
hiero_0283,1,0
hiero_0284,1,0
hiero_0285,1,0
hiero_0286,1,0
hiero_0287,1,0
hiero_0288,1,0
hiero_0289,1,0
hiero_0290,1,0
hiero_0291,1,0
hiero_0292,2,1
hiero_0293,1,0
hiero_0294,1,0
hiero_0295,1,0
hiero_0296,1,0
hiero_0297,1,0
hiero_0298,1,0
hiero_0299,1,0
hiero_0300,1,0
hiero_0301,1,0
hiero_0302,1,0
hiero_0303,1,0
hiero_0304,1,0
hiero_0305,1,0
hiero_0306,1,0
hiero_0307,1,0
hiero_0308,1,0
hiero_0309,1,0
hiero_0310,1,0
hiero_0311,1,0
hiero_0312,1,0
hiero_0313,1,0
hiero_0314,3,3
hiero_0315,1,0
hiero_0316,1,0
hiero_0317,1,0
hiero_0318,1,0
hiero_0319,1,0
hiero_0320,1,0
hiero_0321,1,0
hiero_0322,1,0
hiero_0323,1,0
hiero_0324,1,0
hiero_0325,1,0
hiero_0326,1,0
hiero_0327,1,0
hiero_0328,1,0
hiero_0329,1,0
hiero_0330,1,0
hiero_0331,1,0
hiero_0332,1,0
hiero_0333,1,0
hiero_0334,1,0
hiero_0335,1,0
hiero_0336,1,0
hiero_0337,1,0
hiero_0338,2,1
hiero_0339,2,1
hiero_0340,3,3
hiero_0341,2,1
hiero_0342,2,1
hiero_0343,2,1
hiero_0344,1,0
hiero_0345,1,0
hiero_0346,1,0
hiero_0347,1,0
hiero_0348,1,0
hiero_0349,1,0
hiero_0350,1,0
hiero_0351,2,1
hiero_0352,1,0
hiero_0353,1,0
hiero_0354,5,10
hiero_0355,1,0
hiero_0356,1,0
hiero_0357,1,0
hiero_0358,1,0
hiero_0359,1,0
hiero_0360,2,1
hiero_0361,2,1
hiero_0362,2,1
hiero_0363,2,1
hiero_0364,2,1
hiero_0365,2,1
hiero_0366,2,1
hiero_0367,2,1
hiero_0368,2,1
hiero_0369,2,1
hiero_0370,2,1
hiero_0371,3,3
hiero_0372,2,1
hiero_0373,2,1
hiero_0374,1,0
hiero_0375,2,1
hiero_0376,2,1
hiero_0377,2,1
hiero_0378,1,0
hiero_0379,3,3
hiero_0380,4,6
hiero_0381,2,1
hiero_0382,3,3
hiero_0383,2,1
hiero_0384,2,1
hiero_0385,1,0
hiero_0386,1,0
hiero_0387,1,0
hiero_0388,2,1
hiero_0389,2,1
hiero_0390,5,10
hiero_0391,1,0
hiero_0392,1,0
hiero_0393,1,0
hiero_0394,2,1
hiero_0395,1,0
hiero_0396,2,1
hiero_0397,1,0
hiero_0398,1,0
hiero_0399,6,15
hiero_0400,1,0
hiero_0401,3,3
hiero_0402,4,6
hiero_0403,1,0
hiero_0404,1,0
hiero_0405,1,0
hiero_0406,3,3
hiero_0407,2,1
hiero_0408,2,1
hiero_0409,1,0
hiero_0410,2,1
hiero_0411,1,0
hiero_0412,2,1
hiero_0413,1,0
hiero_0414,1,0
hiero_0415,3,3
hiero_0416,1,0
hiero_0417,4,6
hiero_0418,2,1
hiero_0419,1,0
hiero_0420,1,0
hiero_0421,4,6
hiero_0422,1,0
hiero_0423,1,0
hiero_0424,1,0
hiero_0425,1,0
hiero_0426,1,0
hiero_0427,1,0
hiero_0428,1,0
hiero_0429,1,0
hiero_0430,1,0
hiero_0431,1,0
hiero_0432,1,0
hiero_0433,1,0
hiero_0434,2,1
hiero_0435,1,0
hiero_0436,1,0
hiero_0437,1,0
hiero_0438,1,0
hiero_0439,3,3
hiero_0440,1,0
hiero_0441,1,0
hiero_0442,1,0
hiero_0443,1,0
hiero_0444,1,0
hiero_0445,2,1
hiero_0446,3,3
hiero_0447,4,6
hiero_0448,3,3
hiero_0449,6,15
hiero_0450,7,21
hiero_0451,8,28
hiero_0452,2,1
hiero_0453,1,0
hiero_0454,1,0
hiero_0455,1,0
hiero_0456,1,0
hiero_0457,1,0
hiero_0458,1,0
hiero_0459,1,0
hiero_0460,2,1
hiero_0461,1,0
hiero_0462,1,0
hiero_0463,1,0
hiero_0464,1,0
hiero_0465,1,0
hiero_0466,2,1
hiero_0467,1,0
hiero_0468,1,0
hiero_0469,1,0
hiero_0470,1,0
hiero_0471,1,0
hiero_0472,1,0
hiero_0473,1,0
hiero_0474,1,0
hiero_0475,1,0
hiero_0476,1,0
hiero_0477,1,0
hiero_0478,1,0
hiero_0479,1,0
hiero_0480,3,3
hiero_0481,3,3
hiero_0482,3,3
hiero_0483,1,0
hiero_0484,1,0
hiero_0485,1,0
hiero_0486,1,0
hiero_0487,1,0
hiero_0488,1,0
hiero_0489,1,0
hiero_0490,1,0
hiero_0491,1,0
hiero_0492,1,0
hiero_0493,1,0
hiero_0494,1,0
hiero_0495,2,1
hiero_0496,1,0
hiero_0497,1,0
hiero_0498,1,0
hiero_0499,2,1
hiero_0500,2,1
hiero_0501,2,1
hiero_0502,2,1
hiero_0503,1,0
hiero_0504,1,0
hiero_0505,2,1
hiero_0506,2,1
hiero_0507,1,0
hiero_0508,1,0
hiero_0509,2,1
hiero_0510,5,10
hiero_0511,2,1
hiero_0512,2,1
hiero_0513,2,1
hiero_0514,3,3
hiero_0515,4,6
hiero_0516,4,6
hiero_0517,1,0
hiero_0518,3,3
hiero_0519,1,0
hiero_0520,1,0
hiero_0521,2,1
hiero_0522,1,0
hiero_0523,2,1
hiero_0524,2,1
hiero_0525,2,1
hiero_0526,1,0
hiero_0527,2,1
hiero_0528,5,10
hiero_0529,1,0
hiero_0530,1,0
hiero_0531,3,3
hiero_0532,1,0
hiero_0533,1,0
hiero_0534,1,0
hiero_0535,3,3
hiero_0536,5,10
hiero_0537,3,3
hiero_0538,3,3
hiero_0539,3,3
hiero_0540,1,0
hiero_0541,3,3
hiero_0542,1,0
hiero_0543,1,0
hiero_0544,1,0
hiero_0545,2,1
hiero_0546,1,0
hiero_0547,2,1
hiero_0548,1,0
hiero_0549,3,3
hiero_0550,1,0
hiero_0551,1,0
hiero_0552,1,0
hiero_0553,1,0
hiero_0554,2,1
hiero_0555,1,0
hiero_0556,2,1
hiero_0557,1,0
hiero_0558,2,1
hiero_0559,1,0
hiero_0560,2,1
hiero_0561,4,6
hiero_0562,5,10
hiero_0563,3,3
hiero_0564,1,0
hiero_0565,1,0
hiero_0566,3,3
hiero_0567,1,0
hiero_0568,5,10
hiero_0569,1,0
hiero_0570,1,0
hiero_0571,1,0
hiero_0572,1,0
hiero_0573,1,0
hiero_0574,4,6
hiero_0575,1,0
hiero_0576,1,0
hiero_0577,1,0
hiero_0578,5,10
hiero_0579,3,3
hiero_0580,4,6
hiero_0581,4,6
hiero_0582,1,0
hiero_0583,1,0
hiero_0584,1,0
hiero_0585,1,0
hiero_0586,1,0
hiero_0587,1,0
hiero_0588,4,6
hiero_0589,3,3
hiero_0590,1,0
hiero_0591,2,1
hiero_0592,2,1
hiero_0593,2,1
hiero_0594,2,1
hiero_0595,4,6
hiero_0596,1,0
hiero_0597,2,1
hiero_0598,2,1
hiero_0599,4,6
hiero_0600,2,1
hiero_0601,3,3
hiero_0602,3,3
hiero_0603,3,3
hiero_0604,3,3
hiero_0605,2,1
hiero_0606,5,10
hiero_0607,2,1
hiero_0608,3,3
hiero_0609,3,3
hiero_0610,3,3
hiero_0611,3,3
hiero_0612,4,6
hiero_0613,1,0
hiero_0614,1,0
hiero_0615,23,253
hiero_0616,9,36
hiero_0617,12,66
hiero_0618,5,10
hiero_0619,4,6
hiero_0620,1,0
hiero_0621,1,0
hiero_0622,1,0
hiero_0623,1,0
hiero_0624,1,0
hiero_0625,1,0
hiero_0626,1,0
hiero_0627,2,1
hiero_0628,1,0
hiero_0629,1,0
hiero_0630,1,0
hiero_0631,1,0
hiero_0632,1,0
hiero_0633,2,1
hiero_0634,1,0
hiero_0635,1,0
hiero_0636,1,0
hiero_0637,1,0
hiero_0638,2,1
hiero_0639,2,1
hiero_0640,2,1
hiero_0641,3,3
hiero_0642,1,0
hiero_0643,1,0
hiero_0644,1,0
hiero_0645,3,3
hiero_0646,1,0
hiero_0647,1,0
hiero_0648,1,0
hiero_0649,1,0
hiero_0650,3,3
hiero_0651,1,0
hiero_0652,1,0
hiero_0653,1,0
hiero_0654,2,1
hiero_0655,2,1
hiero_0656,2,1
hiero_0657,1,0
hiero_0658,1,0
hiero_0659,1,0
hiero_0660,1,0
hiero_0661,3,3
hiero_0662,1,0
hiero_0663,7,21
hiero_0664,1,0
hiero_0665,1,0
hiero_0666,5,10
hiero_0667,1,0
hiero_0668,1,0
hiero_0669,1,0
hiero_0670,1,0
hiero_0671,1,0
hiero_0672,1,0
hiero_0673,1,0
hiero_0674,1,0
hiero_0675,1,0
hiero_0676,1,0
hiero_0677,1,0
hiero_0678,1,0
hiero_0679,1,0
hiero_0680,1,0
hiero_0681,1,0
hiero_0682,1,0
hiero_0683,2,1
hiero_0684,2,1
hiero_0685,1,0
hiero_0686,2,1
hiero_0687,1,0
hiero_0688,1,0
hiero_0689,1,0
hiero_0690,2,1
hiero_0691,1,0
hiero_0692,1,0
hiero_0693,2,1
hiero_0694,1,0
hiero_0695,1,0
hiero_0696,1,0
hiero_0697,1,0
hiero_0698,1,0
hiero_0699,1,0
hiero_0700,1,0
hiero_0701,1,0
hiero_0702,2,1
hiero_0703,1,0
hiero_0704,1,0
hiero_0705,1,0
hiero_0706,1,0
hiero_0707,1,0
hiero_0708,1,0
hiero_0709,1,0
hiero_0710,1,0
hiero_0711,1,0
hiero_0712,3,3
hiero_0713,1,0
hiero_0714,1,0
hiero_0715,1,0
hiero_0716,1,0
hiero_0717,1,0
hiero_0718,1,0
hiero_0719,1,0
hiero_0720,1,0
hiero_0721,1,0
hiero_0722,1,0
hiero_0723,2,1
hiero_0724,1,0
hiero_0725,2,1
hiero_0726,1,0
hiero_0727,1,0
hiero_0728,3,3
hiero_0729,1,0
hiero_0730,1,0
hiero_0731,1,0
hiero_0732,1,0
hiero_0733,1,0
hiero_0734,2,1
hiero_0735,2,1
hiero_0736,2,1
hiero_0737,1,0
hiero_0738,2,1
hiero_0739,1,0
hiero_0740,1,0
hiero_0741,1,0
hiero_0742,1,0
hiero_0743,1,0
hiero_0744,1,0
hiero_0745,1,0
hiero_0746,2,1
hiero_0747,2,1
hiero_0748,1,0
hiero_0749,1,0
hiero_0750,1,0
hiero_0751,1,0
hiero_0752,1,0
hiero_0753,1,0
hiero_0754,1,0
hiero_0755,2,1
hiero_0756,2,1
hiero_0757,1,0
hiero_0758,2,1
hiero_0759,1,0
hiero_0760,1,0
hiero_0761,1,0
hiero_0762,1,0
hiero_0763,1,0
hiero_0764,1,0
hiero_0765,1,0
hiero_0766,1,0
hiero_0767,1,0
hiero_0768,1,0
hiero_0769,1,0
hiero_0770,1,0
hiero_0771,1,0
hiero_0772,1,0
hiero_0773,1,0
hiero_0774,1,0
hiero_0775,1,0
hiero_0776,1,0
hiero_0777,1,0
hiero_0778,1,0
hiero_0779,1,0
hiero_0780,1,0
hiero_0781,1,0
hiero_0782,1,0
hiero_0783,1,0
hiero_0784,1,0
hiero_0785,1,0
hiero_0786,1,0
hiero_0787,1,0
hiero_0788,1,0
hiero_0789,1,0
hiero_0790,1,0
hiero_0791,1,0
hiero_0792,1,0
hiero_0793,1,0
hiero_0794,1,0
hiero_0795,1,0
hiero_0796,1,0
hiero_0797,1,0
hiero_0798,1,0
hiero_0799,1,0
hiero_0800,1,0
hiero_0801,2,1
hiero_0802,1,0
hiero_0803,1,0
hiero_0804,1,0
hiero_0805,1,0
hiero_0806,1,0
hiero_0807,1,0
hiero_0808,1,0
hiero_0809,2,1
hiero_0810,2,1
hiero_0811,2,1
hiero_0812,1,0
hiero_0813,1,0
hiero_0814,3,3
hiero_0815,2,1
hiero_0816,1,0
hiero_0817,1,0
hiero_0818,1,0
hiero_0819,1,0
hiero_0820,2,1
hiero_0821,1,0
hiero_0822,2,1
hiero_0823,3,3
hiero_0824,1,0
hiero_0825,1,0
hiero_0826,1,0
hiero_0827,1,0
hiero_0828,1,0
hiero_0829,4,6
hiero_0830,5,10
hiero_0831,4,6
hiero_0832,4,6
hiero_0833,1,0
hiero_0834,1,0
hiero_0835,1,0
hiero_0836,1,0
hiero_0837,1,0
hiero_0838,1,0
hiero_0839,1,0
hiero_0840,1,0
hiero_0841,1,0
hiero_0842,1,0
hiero_0843,1,0
hiero_0844,1,0
hiero_0845,1,0
hiero_0846,1,0
hiero_0847,1,0
hiero_0848,1,0
hiero_0849,1,0
hiero_0850,1,0
hiero_0851,2,1
hiero_0852,1,0
hiero_0853,1,0
hiero_0854,1,0
hiero_0855,1,0
hiero_0856,1,0
hiero_0857,1,0
hiero_0858,1,0
hiero_0859,1,0
hiero_0860,1,0
hiero_0861,1,0
hiero_0862,1,0
hiero_0863,1,0
hiero_0864,1,0
hiero_0865,1,0
hiero_0866,1,0
hiero_0867,2,1
hiero_0868,3,3
hiero_0869,6,15
hiero_0870,5,10
hiero_0871,6,15
hiero_0872,7,21
hiero_0873,8,28
hiero_0874,12,66
hiero_0875,7,21
hiero_0876,1,0
hiero_0877,1,0
hiero_0878,2,1
hiero_0879,1,0
hiero_0880,1,0
hiero_0881,1,0
hiero_0882,1,0
hiero_0883,1,0
hiero_0884,1,0
hiero_0885,1,0
hiero_0886,2,1
hiero_0887,1,0
hiero_0888,1,0
hiero_0889,1,0
hiero_0890,1,0
hiero_0891,1,0
hiero_0892,1,0
hiero_0893,1,0
hiero_0894,1,0
hiero_0895,1,0
hiero_0896,1,0
hiero_0897,1,0
hiero_0898,1,0
hiero_0899,1,0
hiero_0900,1,0
hiero_0901,1,0
hiero_0902,1,0
hiero_0903,2,1
hiero_0904,3,3
hiero_0905,4,6
hiero_0906,5,10
hiero_0907,6,15
hiero_0908,7,21
hiero_0909,8,28
hiero_0910,9,36
hiero_0911,2,1
hiero_0912,3,3
hiero_0913,4,6
hiero_0914,5,10
hiero_0915,1,0
hiero_0916,1,0
hiero_0917,1,0
hiero_0918,1,0
hiero_0919,1,0
hiero_0920,1,0
hiero_0921,1,0
hiero_0922,1,0
hiero_0923,1,0
hiero_0924,1,0
hiero_0925,1,0
hiero_0926,1,0
hiero_0927,1,0
hiero_0928,1,0
hiero_0929,1,0
hiero_0930,1,0
hiero_0931,1,0
hiero_0932,1,0
hiero_0933,1,0
hiero_0934,1,0
hiero_0935,1,0
hiero_0936,1,0
hiero_0937,1,0
hiero_0938,1,0
hiero_0939,1,0
hiero_0940,1,0
hiero_0941,1,0
hiero_0942,2,1
hiero_0943,1,0
hiero_0944,1,0
hiero_0945,1,0
hiero_0946,1,0
hiero_0947,1,0
hiero_0948,1,0
hiero_0949,1,0
hiero_0950,1,0
hiero_0951,1,0
hiero_0952,1,0
hiero_0953,1,0
hiero_0954,1,0
hiero_0955,1,0
hiero_0956,2,1
hiero_0957,1,0
hiero_0958,1,0
hiero_0959,1,0
hiero_0960,3,3
hiero_0961,1,0
hiero_0962,1,0
hiero_0963,1,0
hiero_0964,1,0
hiero_0965,1,0
hiero_0966,1,0
hiero_0967,1,0
hiero_0968,1,0
hiero_0969,1,0
hiero_0970,1,0
hiero_0971,1,0
hiero_0972,1,0
hiero_0973,3,3
hiero_0974,1,0
hiero_0975,1,0
hiero_0976,1,0
hiero_0977,1,0
hiero_0978,1,0
hiero_0979,1,0
hiero_0980,1,0
hiero_0981,1,0
hiero_0982,1,0
hiero_0983,1,0
hiero_0984,1,0
hiero_0985,1,0
hiero_0986,1,0
hiero_0987,1,0
hiero_0988,1,0
hiero_0989,1,0
hiero_0990,3,3
hiero_0991,3,3
hiero_0992,1,0
hiero_0993,1,0
hiero_0994,1,0
hiero_0995,1,0
hiero_0996,1,0
hiero_0997,3,3
hiero_0998,3,3
hiero_0999,3,3
hiero_1000,3,3
hiero_1001,3,3
hiero_1002,3,3
hiero_1003,3,3
hiero_1004,3,3
hiero_1005,2,1
hiero_1006,2,1
hiero_1007,1,0
hiero_1008,1,0
hiero_1009,3,3
hiero_1010,1,0
hiero_1011,1,0
hiero_1012,1,0
hiero_1013,1,0
hiero_1014,2,1
hiero_1015,1,0
hiero_1016,1,0
hiero_1017,1,0
hiero_1018,1,0
hiero_1019,2,1
hiero_1020,3,3
hiero_1021,4,6
hiero_1022,5,10
hiero_1023,6,15
hiero_1024,7,21
hiero_1025,8,28
hiero_1026,9,36
hiero_1027,5,10
hiero_1028,1,0
hiero_1029,2,1
hiero_1030,3,3
hiero_1031,4,6
hiero_1032,5,10
hiero_1033,6,15
hiero_1034,7,21
hiero_1035,8,28
hiero_1036,9,36
hiero_1037,1,0
hiero_1038,1,0
hiero_1039,1,0
hiero_1040,1,0
hiero_1041,2,1
hiero_1042,1,0
hiero_1043,1,0
hiero_1044,1,0
hiero_1045,2,1
hiero_1046,1,0
hiero_1047,1,0
hiero_1048,1,0
hiero_1049,1,0
hiero_1050,1,0
hiero_1051,1,0
hiero_1052,1,0
hiero_1053,1,0
hiero_1054,1,0
hiero_1055,2,1
hiero_1056,1,0
hiero_1057,1,0
hiero_1058,1,0
hiero_1059,1,0
hiero_1060,1,0
hiero_1061,1,0
hiero_1062,1,0
hiero_1063,1,0
hiero_1064,2,1
hiero_1065,1,0
hiero_1066,2,1
hiero_1067,2,1
hiero_1068,1,0
hiero_1069,1,0
hiero_1070,2,1
hiero_1071,1,0
