image_id,components,holes,euler,endpoints,junctions,skeleton_length_normalized,foreground_density,aspect_ratio,centroid_x_normalized,centroid_y_normalized
hiero_0000,1,17,-16,7,484,6.098796,0.151367,0.803571,0.511038,0.549446
hiero_0001,1,14,-13,5,491,6.264524,0.152832,0.767857,0.509859,0.552366
hiero_0002,1,17,-16,7,496,6.076699,0.151855,0.803571,0.506858,0.544438
hiero_0003,1,13,-12,10,441,5.723146,0.145264,0.75,0.494144,0.539049
hiero_0004,1,14,-13,12,398,5.888874,0.154785,0.789474,0.447161,0.439102
hiero_0005,1,21,-20,9,416,6.264524,0.158447,0.719298,0.50142,0.481799
hiero_0006,1,14,-13,12,477,6.275573,0.161377,0.75,0.503404,0.515861
hiero_0007,2,17,-15,10,498,6.67332,0.170654,0.946429,0.489494,0.571218
hiero_0008,2,22,-20,13,552,6.772757,0.172852,0.964286,0.493556,0.580045
hiero_0009,1,16,-15,11,485,6.076699,0.153564,1.035714,0.456876,0.587664
hiero_0010,1,17,-16,11,447,5.933068,0.15625,0.948276,0.524854,0.536011
hiero_0011,1,20,-19,14,434,5.756291,0.145996,0.719298,0.525528,0.553747
hiero_0012,1,12,-11,3,555,7.126311,0.182617,0.964286,0.507186,0.563294
hiero_0013,1,15,-14,11,503,6.783806,0.183105,0.9,0.492833,0.516417
hiero_0014,1,20,-19,15,597,7.789223,0.209717,0.790323,0.483757,0.559517
hiero_0015,1,11,-10,12,332,4.596194,0.13501,0.803571,0.540772,0.561652
hiero_0016,1,8,-7,4,424,5.380641,0.129395,1.230769,0.456545,0.460112
hiero_0017,1,18,-17,8,501,6.363961,0.173584,0.793103,0.517537,0.524745
hiero_0018,1,8,-7,14,365,4.739825,0.121826,1.828571,0.421812,0.434807
hiero_0019,1,12,-11,3,373,4.828213,0.12793,0.732143,0.491472,0.528536
hiero_0020,1,11,-10,9,356,4.684582,0.117188,0.732143,0.527311,0.48623
hiero_0021,1,6,-5,7,353,4.574097,0.113525,0.696429,0.507897,0.499126
hiero_0022,1,11,-10,11,327,4.331029,0.111572,0.678571,0.538464,0.50506
hiero_0023,1,7,-6,7,491,6.109845,0.149414,0.946429,0.472248,0.473652
hiero_0024,1,11,-10,12,412,5.325398,0.131836,0.767857,0.498553,0.504369
hiero_0025,1,11,-10,8,372,5.126524,0.140137,0.767857,0.488485,0.505444
hiero_0026,1,14,-13,9,431,5.701048,0.164307,0.803571,0.502438,0.542742
hiero_0027,1,13,-12,17,381,5.391689,0.148193,0.706897,0.484092,0.491943
hiero_0028,1,12,-11,1,328,4.31998,0.102783,0.625,0.538079,0.500779
hiero_0029,1,10,-9,9,347,4.62934,0.11499,0.785714,0.530255,0.480693
hiero_0030,1,12,-11,11,339,4.39732,0.10791,0.75,0.582862,0.487875
hiero_0031,1,17,-16,9,319,4.165301,0.104736,0.696429,0.531214,0.473084
hiero_0032,1,9,-8,8,306,4.231592,0.109619,0.875,0.479294,0.422745
hiero_0033,1,7,-6,15,289,4.187398,0.11084,0.642857,0.471366,0.553655
hiero_0034,1,9,-8,8,255,3.745456,0.099365,0.571429,0.535473,0.445217
hiero_0035,1,12,-11,7,260,3.745456,0.102295,0.714286,0.483704,0.441266
hiero_0036,1,16,-15,12,298,4.054815,0.110596,0.607143,0.465025,0.459506
hiero_0037,1,17,-16,7,297,4.054815,0.108643,0.625,0.514853,0.458848
hiero_0038,1,9,-8,13,337,4.441514,0.117188,0.714286,0.566048,0.459277
hiero_0039,1,10,-9,2,398,5.259107,0.124023,0.625,0.509658,0.51664
hiero_0040,1,29,-28,12,514,7.590349,0.183105,0.877193,0.524729,0.482333
hiero_0041,1,16,-15,8,477,6.209281,0.154785,0.839286,0.499606,0.54685
hiero_0042,1,13,-12,5,445,5.977262,0.154785,0.946429,0.494134,0.499162
hiero_0043,1,17,-16,3,507,6.662272,0.171387,1.053571,0.494079,0.468461
hiero_0044,1,39,-38,33,561,8.606815,0.253906,1.142857,0.502599,0.536599
hiero_0045,1,3,-2,3,227,3.436097,0.081299,0.625,0.525807,0.492305
hiero_0046,1,7,-6,4,274,4.110058,0.104004,0.678571,0.478323,0.454849
hiero_0047,1,4,-3,4,195,3.193029,0.082275,0.642857,0.5236,0.477977
hiero_0048,1,6,-5,11,253,4.154252,0.111816,0.857143,0.532649,0.458004
hiero_0049,1,6,-5,8,271,4.529903,0.124756,0.857143,0.516726,0.44545
hiero_0050,1,8,-7,3,187,3.170932,0.084473,0.589286,0.529489,0.511335
hiero_0051,1,9,-8,7,234,3.811747,0.109619,0.642857,0.486915,0.466105
hiero_0052,1,11,-10,6,249,3.889087,0.106201,0.785714,0.537464,0.504526
hiero_0053,1,11,-10,8,205,3.414,0.091064,0.578947,0.542895,0.485757
hiero_0054,1,14,-13,10,266,4.165301,0.11499,0.631579,0.502853,0.452163
hiero_0055,1,15,-14,10,270,4.187398,0.112793,0.77193,0.552252,0.484713
hiero_0056,1,5,-4,8,218,3.679165,0.09375,0.642857,0.486003,0.479655
hiero_0057,1,5,-4,3,228,3.623922,0.089355,0.642857,0.483777,0.489071
hiero_0058,1,4,-3,4,255,3.800699,0.092773,0.625,0.495354,0.482525
hiero_0059,1,14,-13,5,314,4.463612,0.111328,0.696429,0.557806,0.565138
hiero_0060,1,20,-19,11,353,5.76734,0.147705,0.714286,0.518285,0.510563
hiero_0061,1,12,-11,17,422,5.877825,0.150879,0.910714,0.514715,0.50536
hiero_0062,1,3,-2,4,132,2.264951,0.056152,0.267857,0.498913,0.429484
hiero_0063,1,3,-2,2,158,2.662699,0.062256,3.444444,0.425245,0.511887
hiero_0064,1,5,-4,8,268,4.717728,0.11792,1.465116,0.46765,0.439344
hiero_0065,1,13,-12,5,475,6.187184,0.157471,0.839286,0.508915,0.532655
hiero_0066,1,32,-31,9,315,4.607243,0.124756,0.77193,0.626468,0.504097
hiero_0067,1,10,-9,3,418,5.557417,0.135986,0.767857,0.50345,0.52996
hiero_0068,1,12,-11,3,364,4.62934,0.115234,0.910714,0.467691,0.4616
hiero_0069,9,8,1,8,387,5.192815,0.126221,0.894737,0.487639,0.450979
hiero_0070,1,10,-9,6,332,4.441514,0.115723,0.535714,0.499703,0.519317
hiero_0071,1,15,-14,9,301,4.176349,0.118652,0.535714,0.495177,0.503183
hiero_0072,1,21,-20,10,422,6.496544,0.172363,0.821429,0.497167,0.472025
hiero_0073,1,8,-7,6,389,4.850311,0.121094,1.035714,0.592994,0.543158
hiero_0074,2,2,0,9,204,3.038349,0.070068,0.428571,0.528582,0.469294
hiero_0075,1,9,-8,18,321,4.452563,0.12085,0.803571,0.539773,0.448611
hiero_0076,1,9,-8,7,313,4.408369,0.120361,0.517857,0.49962,0.520886
hiero_0077,1,14,-13,10,343,4.684582,0.118164,0.767857,0.540741,0.464521
hiero_0078,1,12,-11,4,491,6.253476,0.153809,0.767857,0.502579,0.546726
hiero_0079,1,17,-16,9,438,5.899922,0.14502,0.892857,0.449337,0.50121
hiero_0080,1,3,-2,2,220,3.347709,0.079346,0.571429,0.536875,0.496971
hiero_0081,1,13,-12,8,407,5.446932,0.138672,0.785714,0.558071,0.539888
hiero_0082,1,32,-31,19,344,4.839262,0.132568,0.660714,0.527337,0.527653
hiero_0083,1,20,-19,15,344,4.806116,0.125488,0.660714,0.529852,0.51751
hiero_0084,1,37,-36,30,413,6.264524,0.192627,0.732143,0.485563,0.572184
hiero_0085,1,10,-9,3,325,4.39732,0.110352,0.631579,0.524578,0.539616
hiero_0086,1,26,-25,14,399,6.087747,0.163574,0.678571,0.509935,0.536101
hiero_0087,1,9,-8,13,296,4.331029,0.119629,0.803571,0.528412,0.502997
hiero_0088,1,9,-8,3,370,4.761922,0.115479,0.696429,0.509283,0.525172
hiero_0089,1,9,-8,19,292,4.154252,0.113525,0.767857,0.53041,0.433233
hiero_0090,1,5,-4,8,228,3.524485,0.095215,0.625,0.537139,0.478125
hiero_0091,1,8,-7,8,219,3.56868,0.096924,0.625,0.484139,0.495828
hiero_0092,1,5,-4,4,204,3.204078,0.081055,0.571429,0.509083,0.507907
hiero_0093,1,5,-4,3,200,3.204078,0.082764,0.571429,0.480273,0.50696
hiero_0094,1,7,-6,10,212,3.535534,0.097656,0.625,0.48582,0.496445
hiero_0095,1,3,-2,3,243,3.778602,0.09082,0.625,0.495632,0.46308
hiero_0096,2,2,0,15,198,3.49134,0.107422,0.696429,0.473651,0.401456
hiero_0097,2,4,-2,24,206,3.756505,0.121094,0.75,0.4524,0.408487
hiero_0098,2,5,-3,12,148,2.916815,0.078857,0.571429,0.516738,0.507111
hiero_0099,1,8,-7,5,208,3.391903,0.087402,0.589286,0.49773,0.478701
hiero_0100,1,12,-11,22,174,3.579728,0.115479,0.714286,0.465447,0.442818
hiero_0101,1,5,-4,6,206,3.060447,0.083984,0.464286,0.540153,0.488327
hiero_0102,1,6,-5,6,173,2.894718,0.079834,0.482143,0.537796,0.51811
hiero_0103,1,8,-7,18,200,3.25932,0.092285,0.535714,0.534722,0.52786
hiero_0104,1,10,-9,11,312,4.772971,0.127441,0.75,0.466655,0.521612
hiero_0105,1,11,-10,10,253,4.31998,0.119873,0.642857,0.508624,0.461526
hiero_0106,1,8,-7,10,311,4.596194,0.122803,0.642857,0.455144,0.472416
hiero_0107,1,9,-8,16,240,4.209495,0.11084,0.642857,0.521373,0.490501
hiero_0108,1,9,-8,17,298,4.485709,0.120605,0.642857,0.449076,0.493611
hiero_0109,1,10,-9,13,214,3.557631,0.105957,0.631579,0.507452,0.474114
hiero_0110,1,10,-9,15,211,3.49134,0.101074,0.561404,0.499774,0.491395
hiero_0111,1,12,-11,5,226,3.082544,0.088379,0.446429,0.511999,0.511352
hiero_0112,1,14,-13,12,326,4.662485,0.126709,0.517857,0.518545,0.474259
hiero_0113,1,17,-16,17,502,7.026874,0.185059,0.714286,0.482582,0.477696
hiero_0114,1,13,-12,6,325,4.386272,0.122803,0.446429,0.483909,0.508574
hiero_0115,1,11,-10,13,208,3.414,0.094482,0.571429,0.516029,0.472586
hiero_0116,1,6,-5,6,244,3.502388,0.088623,0.571429,0.510288,0.482912
hiero_0117,1,13,-12,15,228,3.811747,0.107666,0.631579,0.487174,0.446499
hiero_0118,1,3,-2,8,176,2.751087,0.066406,0.970588,0.475931,0.479262
hiero_0119,3,5,-2,8,193,3.159883,0.086914,1.088235,0.483014,0.50891
hiero_0120,1,1,0,0,170,2.817379,0.063232,1.90625,0.609496,0.421211
hiero_0121,1,3,-2,1,185,2.298097,0.060059,3.5,0.485645,0.462081
hiero_0122,1,3,-2,1,192,2.474874,0.066406,3.15,0.488109,0.465361
hiero_0123,1,4,-3,1,269,3.314563,0.084473,2.52,0.489297,0.470602
hiero_0124,2,3,-1,1,278,3.391903,0.084229,2.863636,0.492029,0.5024
hiero_0125,2,4,-2,0,194,3.524485,0.085693,3.1,0.484464,0.482683
hiero_0126,1,5,-4,8,207,3.78965,0.096924,3.1,0.491263,0.496615
hiero_0127,1,4,-3,1,285,3.745456,0.094238,1.347826,0.479113,0.40119
hiero_0128,2,4,-2,7,418,5.402738,0.137451,1.207547,0.536384,0.413188
hiero_0129,1,3,-2,5,108,1.436311,0.039551,1.565217,0.525752,0.518422
hiero_0130,1,1,0,0,72,0.883883,0.019531,1.0,0.492188,0.492188
hiero_0131,1,0,1,0,92,1.115903,0.024658,5.0,0.479425,0.470452
hiero_0132,1,2,-1,2,131,1.602039,0.040283,1.818182,0.430303,0.508049
hiero_0133,1,0,1,0,143,1.679379,0.040527,1.295455,0.548569,0.580008
hiero_0134,1,1,0,0,106,1.789864,0.040527,0.290909,0.541322,0.483528
hiero_0135,1,1,0,1,205,2.850524,0.065918,1.340909,0.415567,0.536458
hiero_0136,1,23,-22,9,220,2.916815,0.084717,0.74359,0.512293,0.474108
hiero_0137,1,4,-3,2,229,3.049398,0.076416,1.147059,0.522065,0.492562
hiero_0138,2,5,-3,2,120,1.502602,0.037354,0.735294,0.479167,0.513174
hiero_0139,1,1,0,0,183,2.220757,0.052002,3.75,0.489657,0.476526
hiero_0140,1,1,0,4,175,2.375437,0.057373,2.222222,0.489894,0.418152
hiero_0141,1,1,0,5,179,2.662699,0.062744,1.5,0.484071,0.35135
hiero_0142,1,11,-10,4,204,2.894718,0.067871,3.625,0.492693,0.44194
hiero_0143,2,16,-14,8,374,5.45798,0.129395,1.567568,0.492836,0.48691
hiero_0144,1,1,0,0,142,1.878252,0.046875,0.884615,0.459066,0.360921
hiero_0145,1,2,-1,0,106,1.568893,0.035645,1.296296,0.482235,0.476027
hiero_0146,1,2,-1,0,190,2.762136,0.06543,0.867925,0.484783,0.459946
hiero_0147,1,6,-5,6,126,2.519068,0.064941,0.971429,0.476328,0.499765
hiero_0148,1,11,-10,5,190,3.86699,0.098633,0.677966,0.501779,0.426013
hiero_0149,1,15,-14,3,268,4.563048,0.108154,1.113208,0.523949,0.494392
hiero_0150,2,12,-10,6,442,5.369592,0.130859,0.631579,0.495336,0.453533
hiero_0151,2,8,-6,4,279,4.286835,0.103027,0.596491,0.481302,0.56424
hiero_0152,1,6,-5,6,379,4.574097,0.11084,0.77193,0.491671,0.468371
hiero_0153,1,5,-4,6,261,3.701262,0.103271,0.875,0.539746,0.484855
hiero_0154,1,3,-2,1,320,5.038136,0.119385,1.134615,0.502524,0.493482
hiero_0155,1,3,-2,2,355,5.049184,0.125244,1.369565,0.488487,0.505757
hiero_0156,1,1,0,4,226,2.927864,0.068848,2.56,0.493019,0.577516
hiero_0157,2,1,1,0,208,2.938913,0.065918,2.0,0.5114,0.633854
hiero_0158,2,1,1,7,306,3.822796,0.091064,1.882353,0.437081,0.599154
hiero_0159,2,0,2,1,283,3.380854,0.076416,2.0,0.516374,0.607827
hiero_0160,2,1,1,1,275,3.458194,0.080811,2.0,0.490465,0.6081
hiero_0161,4,1,3,10,302,3.679165,0.084717,1.361702,0.46033,0.5702
hiero_0162,2,0,2,5,195,2.994155,0.070068,1.72973,0.518837,0.603495
hiero_0163,2,0,2,3,180,2.773184,0.063232,1.939394,0.498733,0.615951
hiero_0164,1,1,0,9,261,3.402951,0.086426,1.72973,0.437059,0.557512
hiero_0165,2,0,2,12,252,3.314563,0.090576,1.488372,0.436405,0.595182
hiero_0166,2,0,2,8,248,3.071495,0.07666,1.422222,0.429588,0.561754
hiero_0167,2,1,1,3,155,2.640602,0.063721,2.133333,0.472522,0.426545
hiero_0168,4,3,1,6,206,3.082544,0.080322,2.133333,0.422872,0.385258
hiero_0169,2,0,2,0,305,3.579728,0.079102,2.37037,0.487895,0.448302
hiero_0170,2,0,2,4,46,1.635184,0.036133,2.666667,0.543285,0.460938
hiero_0171,2,1,1,2,294,3.590777,0.080322,2.0,0.431563,0.490644
hiero_0172,1,0,1,10,169,2.850524,0.069092,1.777778,0.425464,0.48305
hiero_0173,1,0,1,2,186,2.397534,0.056152,0.21875,0.489878,0.459511
hiero_0174,2,0,2,4,375,4.806116,0.112549,0.5,0.490883,0.460446
hiero_0175,3,0,3,4,572,7.247845,0.167969,0.78125,0.490575,0.463277
hiero_0176,6,0,6,16,626,8.584718,0.205078,1.0,0.486979,0.464862
hiero_0177,5,2,3,22,451,5.69,0.135986,0.53125,0.500757,0.443447
hiero_0178,6,3,3,24,519,6.651223,0.161133,0.53125,0.497964,0.486103
hiero_0179,7,7,0,26,587,7.678738,0.184814,0.734375,0.483219,0.447779
hiero_0180,8,4,4,32,703,8.938272,0.216553,0.734375,0.492179,0.485872
hiero_0181,9,13,-4,15,394,5.910971,0.145752,0.453125,0.487385,0.486783
hiero_0182,6,0,6,15,620,8.319553,0.195801,1.0,0.482368,0.47325
hiero_0183,2,0,2,3,101,2.032932,0.044922,3.555556,0.4009,0.463315
hiero_0184,2,0,2,2,79,2.032932,0.047852,2.285714,0.580835,0.453284
hiero_0185,1,5,-4,30,113,4.231592,0.105713,1.0,0.52093,0.475065
hiero_0186,2,0,2,6,79,2.055029,0.046143,2.285714,0.531002,0.397073
hiero_0187,1,1,0,1,348,4.187398,0.094482,1.26,0.546431,0.594356
hiero_0188,4,0,4,15,385,4.850311,0.118408,1.0,0.473486,0.541688
hiero_0189,1,1,0,1,344,4.187398,0.095215,1.26,0.422075,0.578646
hiero_0190,2,0,2,3,206,2.618505,0.063721,0.9375,0.534004,0.484495
hiero_0191,2,0,2,6,318,4.121107,0.104492,1.0,0.488975,0.516465
hiero_0192,2,0,2,2,194,2.574311,0.058105,0.703125,0.646862,0.546022
hiero_0193,2,0,2,5,333,4.883456,0.11377,1.0,0.507477,0.47787
hiero_0194,1,0,1,3,334,4.308932,0.104248,0.953125,0.534763,0.454772
hiero_0195,3,2,1,13,443,6.540738,0.242432,1.103448,0.462141,0.408862
hiero_0196,3,2,1,10,474,6.894291,0.250732,1.0,0.481682,0.412184
hiero_0197,2,0,2,4,260,4.452563,0.15332,1.0,0.534584,0.454493
hiero_0198,2,0,2,0,297,3.458194,0.077393,2.0,0.472693,0.510104
hiero_0199,1,1,0,2,239,2.949961,0.068359,0.483871,0.514118,0.475112
hiero_0200,3,2,1,6,211,2.740039,0.06958,1.6,0.474452,0.577029
hiero_0201,1,1,0,0,68,0.861786,0.043457,0.952381,0.492188,0.484375
hiero_0202,2,2,0,0,116,1.568893,0.088379,0.425532,0.492188,0.477037
hiero_0203,3,3,0,0,195,2.485922,0.133057,1.0,0.494295,0.413503
hiero_0204,4,4,0,0,263,3.347709,0.176514,1.0,0.495462,0.48096
hiero_0205,5,3,2,2,302,3.822796,0.199707,1.361702,0.490793,0.464127
hiero_0206,6,2,4,2,308,4.043767,0.214844,1.361702,0.494247,0.479865
hiero_0207,7,3,4,4,303,4.054815,0.211426,1.361702,0.494479,0.490618
hiero_0208,8,4,4,8,261,3.745456,0.200928,1.361702,0.501006,0.480331
hiero_0209,12,1,11,6,368,4.916602,0.258057,1.0,0.494412,0.494279
hiero_0210,2,21,-19,13,370,5.08233,0.142334,1.391304,0.472717,0.535083
hiero_0211,2,13,-11,12,359,4.916602,0.133545,1.52381,0.492859,0.535335
hiero_0212,1,17,-16,6,337,4.618291,0.129395,1.4,0.54944,0.502594
hiero_0213,2,11,-9,15,420,5.855728,0.151123,1.052632,0.44631,0.552024
hiero_0214,2,24,-22,31,378,5.844679,0.192383,1.431818,0.474203,0.540748
hiero_0215,1,34,-33,15,492,6.419204,0.168213,1.0,0.483876,0.592412
hiero_0216,2,16,-14,15,420,5.877825,0.157227,0.983051,0.492454,0.587151
hiero_0217,2,13,-11,12,397,5.225961,0.143311,1.285714,0.517834,0.530398
hiero_0218,2,15,-13,12,332,4.839262,0.141602,1.016393,0.485183,0.507947
hiero_0219,2,4,-2,9,328,4.695631,0.12793,1.641026,0.435621,0.482884
hiero_0220,2,5,-3,20,333,4.839262,0.137939,1.454545,0.435066,0.554895
hiero_0221,2,18,-16,20,403,5.53532,0.176025,1.254902,0.532247,0.461013
hiero_0222,2,19,-17,24,393,5.446932,0.172363,1.254902,0.540745,0.463283
hiero_0223,2,5,-3,5,361,4.817165,0.118652,1.454545,0.512924,0.524981
hiero_0224,2,20,-18,8,409,5.402738,0.138672,0.85,0.451612,0.580161
hiero_0225,1,21,-20,6,469,6.076699,0.1521,1.166667,0.528918,0.55771
hiero_0226,2,6,-4,16,346,4.651437,0.120361,1.185185,0.472236,0.496799
hiero_0227,3,7,-4,22,385,6.562835,0.168213,1.0,0.46138,0.492902
hiero_0228,3,9,-6,25,447,7.336233,0.188721,1.0,0.476876,0.45074
hiero_0229,2,12,-10,11,475,5.988311,0.15332,1.163636,0.488505,0.609499
hiero_0230,1,11,-10,18,456,5.955165,0.160156,1.127273,0.464963,0.587772
hiero_0231,1,12,-11,23,331,4.905553,0.149902,0.934426,0.454194,0.466434
hiero_0232,1,15,-14,16,398,5.557417,0.160645,0.934426,0.458397,0.501567
hiero_0233,2,9,-7,4,442,5.568466,0.145508,0.920635,0.534894,0.549759
hiero_0234,1,8,-7,9,344,4.993942,0.141846,0.936508,0.475984,0.52813
hiero_0235,1,14,-13,11,385,4.971845,0.126953,1.52381,0.494141,0.547115
hiero_0236,1,7,-6,8,308,4.209495,0.127197,1.909091,0.46782,0.536348
hiero_0237,1,19,-18,12,332,4.441514,0.122803,2.285714,0.543054,0.531747
hiero_0238,1,8,-7,10,283,3.855942,0.120117,2.37037,0.475642,0.519976
hiero_0239,4,3,1,23,307,4.375223,0.126221,1.6,0.463582,0.522606
hiero_0240,3,7,-4,11,475,6.209281,0.160156,1.254902,0.42621,0.537848
hiero_0241,2,7,-5,15,302,4.375223,0.119629,0.5,0.475,0.615848
hiero_0242,1,19,-18,24,394,5.480078,0.162598,1.0,0.47187,0.585234
hiero_0243,1,28,-27,70,387,6.573883,0.208984,0.984375,0.46979,0.635076
hiero_0244,2,19,-17,21,409,5.557417,0.149414,0.875,0.476256,0.610779
hiero_0245,2,19,-17,34,436,6.198233,0.183594,1.0,0.450029,0.542075
hiero_0246,2,38,-36,27,509,6.805903,0.194824,1.0,0.441534,0.563577
hiero_0247,1,7,-6,11,471,6.087747,0.158691,1.28,0.487163,0.55988
hiero_0248,1,15,-14,19,461,6.496544,0.181152,1.28,0.500316,0.524364
hiero_0249,3,11,-8,17,431,5.61266,0.140381,1.777778,0.467446,0.528696
hiero_0250,2,14,-12,17,300,4.386272,0.119385,2.066667,0.479231,0.522559
hiero_0251,3,3,0,19,311,4.574097,0.131836,0.671875,0.53614,0.554572
hiero_0252,1,7,-6,33,363,6.551786,0.192627,1.0,0.490336,0.450353
hiero_0253,1,21,-20,14,371,5.071281,0.141602,1.391304,0.474784,0.537231
hiero_0254,2,4,-2,8,202,2.80633,0.080322,0.85,0.48599,0.435695
hiero_0255,2,1,1,1,158,1.878252,0.046387,1.5,0.497204,0.401809
hiero_0256,2,10,-8,10,249,3.314563,0.094238,1.152174,0.48142,0.502915
hiero_0257,5,9,-4,12,283,3.844893,0.114258,1.333333,0.419538,0.500267
hiero_0258,2,7,-5,5,282,4.032718,0.112549,1.255319,0.55301,0.55023
hiero_0259,2,9,-7,6,240,3.215126,0.088623,0.627119,0.47964,0.426997
hiero_0260,2,7,-5,9,322,4.154252,0.113037,0.639344,0.520215,0.535536
hiero_0261,2,5,-3,7,401,5.016039,0.127686,1.361702,0.495967,0.3534
hiero_0262,2,18,-16,10,535,6.584932,0.166016,1.122807,0.504458,0.415671
hiero_0263,1,3,-2,1,248,3.535534,0.079102,0.875,0.502267,0.433931
hiero_0264,2,12,-10,15,85,1.723573,0.06958,0.333333,0.497697,0.436129
hiero_0265,2,7,-5,7,69,1.856155,0.052979,0.339286,0.503312,0.37716
hiero_0266,2,5,-3,3,74,1.856155,0.049316,0.350877,0.542234,0.371751
hiero_0267,1,10,-9,1,318,3.701262,0.086426,1.23913,0.488436,0.425406
hiero_0268,1,2,-1,4,348,4.529903,0.110596,1.560976,0.492412,0.428291
hiero_0269,1,16,-15,3,359,5.203864,0.129883,1.035714,0.487811,0.52473
hiero_0270,1,15,-14,13,266,4.02167,0.119629,0.888889,0.491932,0.552838
hiero_0271,1,1,0,0,153,2.253903,0.05249,1.852941,0.441279,0.427907
hiero_0272,1,5,-4,4,249,3.458194,0.086426,0.982143,0.478769,0.421831
hiero_0273,1,1,0,0,68,1.82301,0.040283,3.333333,0.405398,0.457386
hiero_0274,1,10,-9,7,222,3.126738,0.083252,1.363636,0.53432,0.605297
hiero_0275,1,8,-7,3,257,3.325612,0.080811,1.311111,0.593231,0.354796
hiero_0276,1,3,-2,0,202,2.364388,0.053223,1.322581,0.534404,0.408257
hiero_0277,1,7,-6,0,224,2.717942,0.066406,1.322581,0.479779,0.409869
hiero_0278,1,9,-8,0,213,2.927864,0.06958,1.333333,0.555428,0.466776
hiero_0279,1,2,-1,2,190,2.397534,0.060791,3.105263,0.524536,0.42633
hiero_0280,1,2,-1,2,192,2.419631,0.061279,3.105263,0.446713,0.426606
hiero_0281,1,3,-2,6,175,2.253903,0.055176,0.363636,0.484168,0.518944
hiero_0282,1,9,-8,8,425,5.347495,0.137207,1.295455,0.495023,0.530054
hiero_0283,1,4,-3,7,238,3.060447,0.073975,0.571429,0.499587,0.435695
hiero_0284,1,4,-3,2,215,2.872621,0.069824,0.5,0.492242,0.398656
hiero_0285,1,7,-6,6,288,4.010621,0.097656,1.017857,0.453945,0.365859
hiero_0286,1,16,-15,3,287,3.690214,0.092041,1.823529,0.556905,0.438495
hiero_0287,1,16,-15,4,564,6.794854,0.166504,0.603448,0.482107,0.496953
hiero_0288,1,0,1,7,51,1.988738,0.04834,0.345455,0.483902,0.440735
hiero_0289,1,9,-8,12,155,2.264951,0.079346,4.0,0.383269,0.409663
hiero_0290,1,11,-10,2,166,1.977689,0.050293,1.542857,0.495449,0.427412
hiero_0291,1,4,-3,1,152,2.043981,0.049072,0.941176,0.488961,0.363029
hiero_0292,2,4,-2,0,128,2.231806,0.051758,0.267857,0.494546,0.532503
hiero_0293,1,4,-3,5,149,2.309146,0.058838,0.263158,0.496564,0.493322
hiero_0294,1,1,0,13,312,4.09901,0.097412,1.255319,0.475368,0.489662
hiero_0295,1,0,1,1,148,1.82301,0.044189,2.434783,0.497151,0.430594
hiero_0296,1,7,-6,7,261,3.778602,0.136475,0.956522,0.451895,0.498239
hiero_0297,1,4,-3,0,284,3.347709,0.080811,1.576923,0.4299,0.397564
hiero_0298,1,12,-11,0,402,5.281204,0.125488,0.921569,0.473158,0.368434
hiero_0299,1,15,-14,0,489,6.29767,0.148926,1.196078,0.507403,0.414088
hiero_0300,1,5,-4,10,186,3.811747,0.090576,1.043478,0.491956,0.470729
hiero_0301,1,2,-1,0,230,2.795281,0.068115,2.44,0.518649,0.357135
hiero_0302,1,6,-5,0,433,5.281204,0.120605,0.859649,0.501993,0.416751
hiero_0303,1,3,-2,4,252,3.347709,0.080322,1.390244,0.48694,0.419833
hiero_0304,1,0,1,2,79,1.51365,0.0354,0.491228,0.486207,0.261315
hiero_0305,1,28,-27,0,171,2.839476,0.065674,0.596491,0.489951,0.303961
hiero_0306,1,0,1,4,52,2.309146,0.053467,3.15,0.490511,0.422446
hiero_0307,1,0,1,4,45,2.264951,0.053955,3.15,0.509333,0.43248
hiero_0308,1,0,1,4,40,2.231806,0.053223,3.15,0.515553,0.423739
hiero_0309,1,0,1,4,45,2.253903,0.053955,3.15,0.499081,0.433399
hiero_0310,1,0,1,4,41,2.320194,0.052734,3.15,0.497975,0.427228
hiero_0311,1,0,1,4,36,2.298097,0.052246,3.15,0.506206,0.428081
hiero_0312,1,10,-9,2,171,4.496757,0.099365,1.017544,0.481841,0.442606
hiero_0313,1,1,0,1,104,1.226388,0.028076,0.785714,0.519158,0.411277
hiero_0314,3,3,0,3,243,2.861573,0.069092,2.434783,0.515073,0.402164
hiero_0315,1,4,-3,3,213,2.684796,0.068115,0.290323,0.514393,0.473342
hiero_0316,1,1,0,1,99,1.193243,0.02832,0.785714,0.475216,0.454607
hiero_0317,1,2,-1,2,95,1.149049,0.030518,0.655172,0.504625,0.45575
hiero_0318,1,4,-3,8,96,1.856155,0.078369,0.607143,0.503991,0.357087
hiero_0319,1,15,-14,12,338,4.62934,0.144775,0.892857,0.453336,0.577993
hiero_0320,1,26,-25,20,501,7.037922,0.236572,1.142857,0.447062,0.556808
hiero_0321,1,15,-14,20,407,5.745243,0.183105,0.910714,0.475354,0.540167
hiero_0322,1,10,-9,17,357,5.060233,0.149658,1.142857,0.426794,0.617226
hiero_0323,1,17,-16,12,378,5.104427,0.145264,1.017544,0.431644,0.566229
hiero_0324,1,18,-17,13,426,5.944116,0.170166,1.017544,0.486505,0.517956
hiero_0325,1,16,-15,10,348,4.872408,0.13916,1.017544,0.447231,0.53432
hiero_0326,1,17,-16,9,301,4.187398,0.130127,0.824561,0.464617,0.490971
hiero_0327,1,18,-17,9,426,5.745243,0.165771,1.105263,0.474296,0.570485
hiero_0328,1,18,-17,18,293,4.92765,0.144531,0.842105,0.48712,0.512484
hiero_0329,1,22,-21,28,297,4.938699,0.153809,0.701754,0.468824,0.53807
hiero_0330,1,13,-12,15,312,4.275786,0.124023,0.842105,0.410125,0.586953
hiero_0331,1,74,-73,81,431,8.286408,0.295166,1.103448,0.468685,0.56219
hiero_0332,1,5,-4,7,137,2.905767,0.074951,1.666667,0.39714,0.462592
hiero_0333,1,10,-9,10,179,3.402951,0.100098,1.170213,0.416006,0.445998
hiero_0334,1,5,-4,10,155,3.480291,0.101074,1.410256,0.445086,0.453616
hiero_0335,1,7,-6,11,183,3.646019,0.096924,1.122449,0.356659,0.526134
hiero_0336,1,17,-16,11,352,5.08233,0.144043,0.981818,0.517108,0.542479
hiero_0337,1,19,-18,15,410,5.866777,0.169678,1.036364,0.53496,0.496605
hiero_0338,2,29,-27,22,567,7.800272,0.213135,1.122807,0.460052,0.533702
hiero_0339,2,7,-5,7,321,5.214913,0.144043,1.0,0.411494,0.580826
hiero_0340,3,14,-11,17,406,7.082116,0.19751,1.122807,0.406405,0.556513
hiero_0341,2,15,-13,9,510,7.988097,0.20874,1.122807,0.483607,0.543914
hiero_0342,2,15,-13,10,462,7.457767,0.192383,1.122807,0.515982,0.557801
hiero_0343,2,14,-12,12,424,6.651223,0.179932,1.052632,0.449415,0.54291
hiero_0344,1,25,-24,15,298,4.297883,0.136963,0.862069,0.40171,0.586007
hiero_0345,1,7,-6,12,298,3.988524,0.115723,1.276596,0.422963,0.563093
hiero_0346,1,13,-12,5,402,5.060233,0.135254,1.0,0.470019,0.568733
hiero_0347,1,7,-6,8,442,5.513223,0.1604,1.24,0.472127,0.510869
hiero_0348,1,24,-23,17,308,4.62934,0.165771,1.0,0.474733,0.528074
hiero_0349,1,15,-14,19,216,3.402951,0.132324,0.75,0.45768,0.499077
hiero_0350,1,15,-14,8,384,4.982893,0.135254,0.964912,0.438572,0.51351
hiero_0351,2,18,-16,25,390,5.855728,0.172852,1.188679,0.430813,0.476518
hiero_0352,1,13,-12,12,305,4.463612,0.127686,1.684211,0.512667,0.444521
hiero_0353,1,20,-19,20,387,5.391689,0.151367,1.051724,0.464138,0.503377
hiero_0354,5,47,-42,44,708,9.888446,0.268799,1.230769,0.476499,0.537253
hiero_0355,1,19,-18,11,342,4.695631,0.139404,0.810345,0.479094,0.492064
hiero_0356,1,15,-14,26,212,3.701262,0.137451,0.892857,0.459231,0.465614
hiero_0357,1,19,-18,14,323,4.518854,0.128174,0.810345,0.474792,0.525089
hiero_0358,1,15,-14,5,272,3.756505,0.104736,0.75,0.480878,0.546693
hiero_0359,1,14,-13,26,290,4.308932,0.134521,1.560976,0.435231,0.493364
hiero_0360,2,18,-16,17,212,3.535534,0.126221,1.418605,0.46325,0.489029
hiero_0361,2,17,-15,12,209,2.994155,0.092773,1.457143,0.465008,0.479646
hiero_0362,2,7,-5,9,242,3.391903,0.098145,1.325581,0.421447,0.485697
hiero_0363,2,5,-3,8,207,2.706893,0.075439,1.305556,0.435326,0.48033
hiero_0364,2,7,-5,3,435,5.369592,0.135986,1.122807,0.427485,0.581155
hiero_0365,2,9,-7,11,377,4.949747,0.133301,1.066667,0.438673,0.581473
hiero_0366,2,12,-10,13,477,5.855728,0.156006,1.04918,0.472809,0.528389
hiero_0367,2,15,-13,8,379,4.839262,0.134277,0.983871,0.457443,0.45696
hiero_0368,2,5,-3,5,324,4.231592,0.111816,1.55,0.45756,0.521049
hiero_0369,2,11,-9,13,240,3.601825,0.112793,0.754386,0.469968,0.5463
hiero_0370,2,9,-7,9,352,4.717728,0.124512,0.982456,0.495895,0.544577
hiero_0371,3,25,-22,25,408,5.899922,0.187256,0.964912,0.457077,0.548647
hiero_0372,2,20,-18,15,405,5.734194,0.157471,1.017544,0.535804,0.485489
hiero_0373,2,20,-18,16,422,5.988311,0.166504,1.017544,0.506346,0.471156
hiero_0374,1,15,-14,15,427,5.546369,0.158203,0.913793,0.46998,0.520592
hiero_0375,2,5,-3,12,412,5.225961,0.137939,0.931034,0.429895,0.526272
hiero_0376,2,9,-7,12,519,6.839048,0.188965,1.391304,0.48062,0.458131
hiero_0377,2,13,-11,6,245,4.463612,0.109619,1.641026,0.448705,0.446583
hiero_0378,1,19,-18,16,563,7.535107,0.213379,1.207547,0.41644,0.553114
hiero_0379,3,13,-10,22,523,7.236796,0.202148,1.0,0.428857,0.505152
hiero_0380,4,6,-2,15,342,4.662485,0.121094,1.52381,0.447045,0.500819
hiero_0381,2,12,-10,8,525,6.607029,0.170166,1.0,0.377511,0.594826
hiero_0382,3,3,0,5,313,4.231592,0.109375,1.163636,0.457554,0.489153
hiero_0383,2,3,-1,5,213,2.927864,0.07666,0.916667,0.504329,0.409086
hiero_0384,2,15,-13,14,303,4.154252,0.11792,1.28,0.509543,0.334757
hiero_0385,1,3,-2,5,242,3.082544,0.083984,0.836735,0.543105,0.443904
hiero_0386,1,6,-5,7,182,2.386485,0.067383,0.692308,0.512738,0.425272
hiero_0387,1,9,-8,3,305,4.463612,0.114258,2.909091,0.5207,0.508547
hiero_0388,2,0,2,2,125,2.110272,0.047607,0.3125,0.463221,0.504247
hiero_0389,2,0,2,3,155,2.463825,0.056396,0.46875,0.508252,0.497294
hiero_0390,5,0,5,13,247,3.513437,0.091797,1.0,0.502826,0.673246
hiero_0391,1,1,0,0,143,1.690427,0.037354,0.941176,0.486622,0.488562
hiero_0392,1,22,-21,23,494,6.607029,0.191406,1.142857,0.51124,0.347178
hiero_0393,1,44,-43,15,630,9.048757,0.285889,1.066667,0.500814,0.465094
hiero_0394,2,2,0,7,234,3.016252,0.076904,2.782609,0.417312,0.53373
hiero_0395,1,8,-7,10,363,6.165087,0.158203,1.28,0.48628,0.464603
hiero_0396,2,4,-2,3,284,3.822796,0.099365,2.0,0.496737,0.499155
hiero_0397,1,1,0,6,158,2.585359,0.065674,3.764706,0.376743,0.499477
hiero_0398,1,1,0,5,98,2.65165,0.069336,1.5,0.453125,0.513369
hiero_0399,6,5,1,28,391,5.325398,0.148438,1.0,0.474147,0.657612
hiero_0400,1,1,0,5,226,2.850524,0.071045,0.484375,0.519223,0.481476
hiero_0401,3,0,3,4,198,2.441728,0.058838,2.782609,0.440936,0.555174
hiero_0402,4,0,4,8,169,4.308932,0.103271,2.064516,0.498707,0.539118
hiero_0403,1,2,-1,6,250,3.248272,0.082031,0.964912,0.580776,0.380766
hiero_0404,1,3,-2,7,264,3.49134,0.088135,0.982143,0.570074,0.376472
hiero_0405,1,4,-3,8,268,3.612874,0.095703,0.964912,0.554209,0.34092
hiero_0406,3,4,-1,4,353,5.347495,0.125488,0.947368,0.518209,0.479298
hiero_0407,2,10,-8,2,273,3.469243,0.092041,0.719298,0.434433,0.54816
hiero_0408,2,12,-10,7,352,4.353126,0.110107,0.719298,0.424092,0.584569
hiero_0409,1,6,-5,1,557,7.037922,0.16333,1.560976,0.484258,0.455764
hiero_0410,2,4,-2,2,577,7.060019,0.16333,1.702703,0.479774,0.430143
hiero_0411,1,7,-6,5,280,3.922233,0.09668,1.966667,0.513889,0.428898
hiero_0412,2,8,-6,10,254,3.391903,0.094482,2.206897,0.483043,0.459141
hiero_0413,1,9,-8,20,230,3.303514,0.102051,2.56,0.49458,0.335302
hiero_0414,1,8,-7,6,260,3.436097,0.095703,1.939394,0.477718,0.384885
hiero_0415,3,6,-3,9,285,3.745456,0.097656,2.461538,0.472656,0.430039
hiero_0416,1,1,0,4,152,1.856155,0.043945,0.595745,0.482118,0.454861
hiero_0417,4,8,-4,11,310,4.110058,0.114258,1.0,0.473324,0.479233
hiero_0418,2,13,-11,21,294,3.86699,0.111328,2.666667,0.430201,0.4608
hiero_0419,1,37,-36,22,367,5.855728,0.181641,0.703125,0.499202,0.491935
hiero_0420,1,22,-21,28,391,5.756291,0.20752,1.033333,0.46443,0.60829
hiero_0421,4,15,-11,15,421,6.695417,0.223633,1.04918,0.46539,0.50974
hiero_0422,1,13,-12,8,385,4.938699,0.127441,0.770492,0.484674,0.445971
hiero_0423,1,22,-21,22,302,4.772971,0.165771,2.133333,0.424452,0.462468
hiero_0424,1,25,-24,29,158,3.292466,0.128906,3.555556,0.498402,0.44984
hiero_0425,1,1,0,2,125,1.579942,0.040039,0.581395,0.450934,0.468464
hiero_0426,1,1,0,2,125,1.579942,0.039551,0.581395,0.520255,0.465856
hiero_0427,1,12,-11,12,462,5.866777,0.150146,0.734375,0.484121,0.427033
hiero_0428,1,2,-1,0,93,1.933495,0.044189,0.222222,0.492662,0.436464
hiero_0429,1,1,0,6,214,2.485922,0.058105,0.4375,0.47735,0.496455
hiero_0430,1,15,-14,22,274,3.833845,0.112061,0.8125,0.454895,0.65979
hiero_0431,1,2,-1,14,324,4.275786,0.111328,1.0,0.458128,0.652241
hiero_0432,1,23,-22,16,208,3.060447,0.106445,0.891304,0.465668,0.502903
hiero_0433,1,8,-7,8,212,2.905767,0.074951,3.368421,0.399735,0.486055
hiero_0434,2,22,-20,14,461,7.181553,0.201172,1.105263,0.449693,0.544789
hiero_0435,1,7,-6,3,140,2.242854,0.059326,0.350877,0.476209,0.433063
hiero_0436,1,8,-7,5,167,2.530116,0.064209,0.350877,0.474275,0.463462
hiero_0437,1,9,-8,5,161,2.88367,0.072998,0.684211,0.483905,0.555288
hiero_0438,1,10,-9,2,167,2.563262,0.064209,0.350877,0.467324,0.464235
hiero_0439,3,2,1,6,307,6.054602,0.150635,1.882353,0.494226,0.403971
hiero_0440,1,13,-12,10,287,3.78965,0.110352,1.578947,0.42872,0.420873
hiero_0441,1,13,-12,0,247,2.905767,0.06958,1.333333,0.591283,0.384868
hiero_0442,1,20,-19,3,268,3.657068,0.093994,1.8,0.50763,0.431615
hiero_0443,1,2,-1,10,109,4.430466,0.102051,2.133333,0.491216,0.486057
hiero_0444,1,1,0,3,110,2.320194,0.062256,0.327869,0.491054,0.541238
hiero_0445,2,2,0,7,229,4.717728,0.124512,0.688525,0.488695,0.542065
hiero_0446,3,3,0,12,332,7.015825,0.186279,1.04918,0.486095,0.541878
hiero_0447,4,2,2,14,341,7.026874,0.185303,1.04918,0.481575,0.542037
hiero_0448,3,3,0,13,401,7.402524,0.193604,1.04918,0.498601,0.540708
hiero_0449,6,6,0,12,379,6.938485,0.194824,0.606557,0.485765,0.515253
hiero_0450,7,10,-3,11,454,7.612446,0.238525,0.819672,0.49912,0.492787
hiero_0451,8,8,0,16,501,9.236582,0.259277,0.819672,0.492982,0.514669
hiero_0452,2,20,-18,20,354,5.203864,0.160645,0.393443,0.496486,0.491119
hiero_0453,1,1,0,0,191,2.474874,0.056641,0.409836,0.48424,0.417363
hiero_0454,1,7,-6,5,450,5.524272,0.127686,0.852459,0.537494,0.417394
hiero_0455,1,7,-6,11,215,3.668116,0.146484,0.540984,0.483411,0.539193
hiero_0456,1,11,-10,16,210,3.778602,0.156494,0.52459,0.485228,0.535028
hiero_0457,1,4,-3,11,121,2.596408,0.115479,0.540984,0.483087,0.452233
hiero_0458,1,8,-7,5,150,2.861573,0.122803,0.540984,0.483598,0.487854
hiero_0459,1,1,0,1,96,1.74567,0.039551,0.25,0.496046,0.476755
hiero_0460,2,2,0,2,194,3.513437,0.07959,0.571429,0.494536,0.478048
hiero_0461,1,5,-4,4,242,2.994155,0.072998,0.410714,0.550585,0.596624
hiero_0462,1,8,-7,6,352,5.469029,0.13501,0.803571,0.51636,0.484403
hiero_0463,1,1,0,2,320,6.607029,0.150879,0.964286,0.488623,0.549833
hiero_0464,1,1,0,0,264,5.314349,0.121338,0.877193,0.488085,0.471297
hiero_0465,1,7,-6,13,80,1.646233,0.076172,0.571429,0.476362,0.51222
hiero_0466,2,16,-14,24,163,3.33666,0.151123,1.142857,0.4766,0.510728
hiero_0467,1,9,-8,17,103,2.088175,0.104248,0.571429,0.479728,0.550827
hiero_0468,1,11,-10,15,214,3.358757,0.126953,0.678571,0.482963,0.549459
hiero_0469,1,3,-2,3,183,2.231806,0.056641,0.351852,0.489696,0.443157
hiero_0470,1,19,-18,16,379,5.502175,0.193359,0.785714,0.458333,0.53273
hiero_0471,1,23,-22,22,267,4.419417,0.169434,0.803571,0.455759,0.513824
hiero_0472,1,29,-28,25,395,6.463398,0.2229,0.964912,0.495345,0.470906
hiero_0473,1,25,-24,22,290,4.47466,0.172852,0.803571,0.454162,0.518582
hiero_0474,1,13,-12,4,242,3.778602,0.139648,0.612903,0.493908,0.518794
hiero_0475,1,1,0,0,182,2.154466,0.050537,0.245902,0.490565,0.475921
hiero_0476,1,8,-7,2,180,2.287048,0.061768,0.311475,0.465044,0.478323
hiero_0477,1,1,0,0,218,3.159883,0.069824,0.611111,0.50672,0.40991
hiero_0478,1,2,-1,2,140,1.756718,0.040771,0.325581,0.492141,0.459207
hiero_0479,1,6,-5,8,172,2.397534,0.063232,0.3,0.498793,0.415541
hiero_0480,3,4,-1,5,199,2.35334,0.056885,4.2,0.494635,0.424088
hiero_0481,3,3,0,7,187,2.298097,0.057617,0.37931,0.487685,0.482323
hiero_0482,3,3,0,4,201,2.408582,0.058105,1.170732,0.506631,0.409467
hiero_0483,1,13,-12,12,165,2.938913,0.100098,0.383333,0.478506,0.408308
hiero_0484,1,1,0,0,148,1.966641,0.043457,0.871795,0.485516,0.471032
hiero_0485,1,17,-16,3,243,3.911184,0.12915,1.139535,0.537423,0.399752
hiero_0486,1,15,-14,8,554,7.833417,0.178223,1.560976,0.428318,0.438121
hiero_0487,1,15,-14,6,526,7.546155,0.172119,1.230769,0.445922,0.414982
hiero_0488,1,8,-7,0,252,3.071495,0.07373,1.075,0.486238,0.345923
hiero_0489,1,3,-2,5,25,1.712524,0.049072,0.203125,0.494014,0.505675
hiero_0490,1,3,-2,0,55,1.856155,0.041016,0.295082,0.549386,0.50865
hiero_0491,1,1,0,0,175,1.944544,0.042969,1.961538,0.500355,0.475763
hiero_0492,1,6,-5,0,184,2.364388,0.05835,1.0,0.486336,0.467442
hiero_0493,1,27,-26,9,494,7.424621,0.19165,1.230769,0.479021,0.386664
hiero_0494,1,0,1,2,215,2.618505,0.058594,0.375,0.488932,0.535482
hiero_0495,2,0,2,2,26,1.557845,0.034424,4.0,0.495013,0.429078
hiero_0496,1,2,-1,9,161,4.032718,0.100586,1.0,0.491201,0.399082
hiero_0497,1,4,-3,3,132,3.204078,0.07373,1.0,0.420012,0.394195
hiero_0498,1,0,1,8,45,3.347709,0.075928,1.391304,0.472518,0.374297
hiero_0499,2,2,0,0,180,2.231806,0.05127,0.975,0.487351,0.47381
hiero_0500,2,12,-10,1,361,4.375223,0.106689,1.5,0.426881,0.509332
hiero_0501,2,32,-30,10,404,5.115476,0.13208,0.625,0.491913,0.565995
hiero_0502,2,2,0,1,229,2.905767,0.065186,0.692308,0.491339,0.472729
hiero_0503,1,2,-1,0,150,2.043981,0.045166,1.0,0.486655,0.480828
hiero_0504,1,4,-3,0,196,2.264951,0.050049,1.0,0.484527,0.459832
hiero_0505,2,0,2,3,202,2.408582,0.05542,2.56,0.481897,0.428896
hiero_0506,2,1,1,3,252,3.038349,0.069824,2.56,0.486178,0.454436
hiero_0507,1,1,0,10,514,6.087747,0.143311,1.0,0.547647,0.490231
hiero_0508,1,3,-2,1,398,4.717728,0.111084,1.067797,0.500996,0.534684
hiero_0509,2,1,1,28,566,7.004777,0.166992,1.0,0.491457,0.501325
hiero_0510,5,3,2,2,62,2.099223,0.046387,3.2,0.495724,0.478618
hiero_0511,2,0,2,2,2,1.436311,0.031738,5.818182,0.49976,0.484375
hiero_0512,2,0,2,0,34,1.59099,0.035156,3.2,0.498264,0.475152
hiero_0513,2,1,1,6,102,2.740039,0.067871,4.846154,0.484375,0.486342
hiero_0514,3,1,2,0,158,3.535534,0.078125,3.2,0.486328,0.4771
hiero_0515,4,0,4,0,64,3.159883,0.069824,1.488372,0.498361,0.48514
hiero_0516,4,0,4,4,386,4.784019,0.105713,2.666667,0.495201,0.487984
hiero_0517,1,1,0,0,117,1.29268,0.028564,1.409091,0.48571,0.484642
hiero_0518,3,0,3,6,62,3.181981,0.07373,2.064516,0.560068,0.483288
hiero_0519,1,5,-4,0,151,2.563262,0.056641,1.619048,0.493534,0.484981
hiero_0520,1,10,-9,26,240,4.574097,0.108887,2.285714,0.486162,0.492152
hiero_0521,2,0,2,2,147,2.375437,0.053467,2.0,0.490297,0.502568
hiero_0522,1,1,0,0,120,2.43068,0.056641,2.36,0.485924,0.487002
hiero_0523,2,0,2,4,118,2.165515,0.052734,1.882353,0.491826,0.536458
hiero_0524,2,1,1,4,231,3.380854,0.07666,1.163636,0.490247,0.520352
hiero_0525,2,1,1,1,255,3.579728,0.079834,1.6,0.487768,0.494314
hiero_0526,1,1,0,0,73,1.535748,0.036377,1.029412,0.55883,0.53534
hiero_0527,2,1,1,4,99,2.276,0.062988,1.939394,0.490189,0.5215
hiero_0528,5,4,1,8,119,4.308932,0.095215,1.939394,0.48766,0.468349
hiero_0529,1,3,-2,0,229,2.795281,0.069092,0.807692,0.484044,0.476535
hiero_0530,1,1,0,0,36,0.45299,0.010986,0.909091,0.489931,0.483333
hiero_0531,3,3,0,0,114,1.403165,0.033936,4.0,0.495166,0.483363
hiero_0532,1,1,0,0,166,2.463825,0.05835,1.25,0.51556,0.524516
hiero_0533,1,1,0,0,161,2.331243,0.053223,1.068182,0.515697,0.518205
hiero_0534,1,22,-21,0,210,2.563262,0.069824,6.1,0.485031,0.495739
hiero_0535,3,67,-64,0,617,7.623495,0.211426,1.150943,0.484664,0.489174
hiero_0536,5,1,4,8,20,3.170932,0.070068,3.368421,0.487859,0.488948
hiero_0537,3,1,2,4,8,3.071495,0.067871,3.047619,0.492188,0.484375
hiero_0538,3,3,0,4,71,3.601825,0.07959,3.047619,0.492283,0.484663
hiero_0539,3,20,-17,4,100,4.872408,0.113525,3.047619,0.491263,0.484442
hiero_0540,1,8,-7,4,311,4.574097,0.123535,3.047619,0.487864,0.485394
hiero_0541,3,3,0,4,240,5.53532,0.122314,1.422222,0.474239,0.480664
hiero_0542,1,1,0,1,138,1.856155,0.048828,1.0625,0.492188,0.406953
hiero_0543,1,1,0,1,111,1.712524,0.038818,1.030303,0.493416,0.446246
hiero_0544,1,29,-28,35,307,7.170505,0.212402,1.0,0.484177,0.515463
hiero_0545,2,31,-29,30,338,7.258893,0.192383,1.122807,0.471268,0.525995
hiero_0546,1,36,-35,43,392,7.501961,0.217285,1.0,0.461534,0.520664
hiero_0547,2,33,-31,50,377,7.833417,0.250244,1.0,0.50753,0.477165
hiero_0548,1,38,-37,49,377,8.242213,0.264893,1.0,0.522221,0.473531
hiero_0549,3,30,-27,40,419,8.098582,0.227295,1.0,0.479273,0.499413
hiero_0550,1,49,-48,41,464,8.595767,0.245117,1.0,0.474321,0.501525
hiero_0551,1,27,-26,40,482,8.430039,0.242676,0.984375,0.505109,0.512968
hiero_0552,1,28,-27,49,474,8.706252,0.256836,1.0,0.512892,0.501366
hiero_0553,1,42,-41,53,266,6.253476,0.204834,1.0,0.46294,0.535813
hiero_0554,2,49,-47,41,435,8.396893,0.241943,1.0,0.476712,0.504872
hiero_0555,1,51,-50,39,477,8.584718,0.247559,1.0,0.469736,0.505686
hiero_0556,2,53,-51,66,464,8.883029,0.267334,1.0,0.456792,0.480137
hiero_0557,1,35,-34,30,313,6.706466,0.176758,1.0,0.466052,0.559824
hiero_0558,2,33,-31,42,377,8.374796,0.227539,1.0,0.51363,0.475121
hiero_0559,1,32,-31,36,345,6.772757,0.199951,1.0,0.472833,0.534818
hiero_0560,2,38,-36,36,432,7.568252,0.212402,1.145455,0.444181,0.527568
hiero_0561,4,45,-41,33,403,8.430039,0.221924,1.0,0.506583,0.502767
hiero_0562,5,41,-36,40,416,8.982466,0.243896,1.0,0.503472,0.481466
hiero_0563,3,52,-49,51,382,7.656641,0.229492,1.0,0.488265,0.505452
hiero_0564,1,51,-50,42,412,7.81132,0.233154,1.0,0.502454,0.50733
hiero_0565,1,27,-26,40,366,7.192602,0.201416,1.0,0.460492,0.544527
hiero_0566,3,27,-24,36,390,8.231165,0.216553,1.0,0.463659,0.504703
hiero_0567,1,41,-40,42,480,8.220116,0.22876,1.0,0.476321,0.506003
hiero_0568,5,27,-22,33,327,6.507592,0.172119,1.0,0.452349,0.566777
hiero_0569,1,31,-30,35,217,5.347495,0.166992,1.0,0.452508,0.567114
hiero_0570,1,52,-51,55,453,8.584718,0.25415,1.084746,0.483369,0.484915
hiero_0571,1,37,-36,44,372,7.711883,0.217285,1.066667,0.43506,0.551791
hiero_0572,1,38,-37,41,270,5.977262,0.182617,1.0,0.453,0.544389
hiero_0573,1,29,-28,53,242,6.231379,0.179688,1.0,0.462487,0.595979
hiero_0574,4,31,-27,33,374,7.126311,0.191162,0.984375,0.467812,0.560305
hiero_0575,1,29,-28,39,411,7.303087,0.197998,1.0,0.486398,0.528399
hiero_0576,1,32,-31,58,370,7.88866,0.233887,1.0,0.490573,0.536061
hiero_0577,1,43,-42,40,457,8.286408,0.241699,1.015873,0.505666,0.53559
hiero_0578,5,34,-29,43,467,8.706252,0.25,1.0,0.457306,0.464142
hiero_0579,3,23,-20,36,373,7.833417,0.208252,1.0,0.487764,0.524637
hiero_0580,4,27,-23,41,385,8.220116,0.22876,0.984375,0.455059,0.506704
hiero_0581,4,34,-30,36,458,8.452136,0.232422,1.0,0.496668,0.508469
hiero_0582,1,32,-31,43,473,8.242213,0.239014,1.105263,0.490121,0.505347
hiero_0583,1,35,-34,43,327,6.618078,0.202393,1.0,0.467073,0.549344
hiero_0584,1,27,-26,38,434,7.546155,0.207764,0.984375,0.470715,0.552383
hiero_0585,1,40,-39,41,377,7.247845,0.213623,1.0,0.484464,0.525464
hiero_0586,1,38,-37,39,337,6.75066,0.193359,0.984375,0.50874,0.53776
hiero_0587,1,33,-32,34,252,6.607029,0.223877,1.0,0.489947,0.513529
hiero_0588,4,28,-24,34,409,8.032291,0.205566,1.0,0.482538,0.518743
hiero_0589,3,30,-27,34,423,7.81132,0.208252,0.984375,0.50185,0.510496
hiero_0590,1,27,-26,32,323,6.275573,0.164551,1.0,0.4544,0.578728
hiero_0591,2,31,-29,51,244,6.076699,0.165527,1.0,0.448608,0.634195
hiero_0592,2,0,2,4,16,2.938913,0.064941,1.641026,0.488134,0.396793
hiero_0593,2,12,-10,6,253,5.656854,0.145752,0.793651,0.496153,0.370917
hiero_0594,2,2,0,3,209,4.353126,0.098877,0.78125,0.499576,0.390586
hiero_0595,4,0,4,12,314,6.165087,0.149902,1.0,0.508601,0.504199
hiero_0596,1,1,0,0,24,4.308932,0.095215,1.1875,0.50637,0.467308
hiero_0597,2,0,2,4,20,3.590777,0.079346,1.163636,0.493558,0.483365
hiero_0598,2,0,2,4,20,3.590777,0.079346,1.163636,0.492019,0.483365
hiero_0599,4,2,2,4,20,4.308932,0.095215,0.640625,0.507732,0.535978
hiero_0600,2,0,2,3,5,1.944544,0.042969,0.4375,0.366477,0.494318
hiero_0601,3,1,2,3,17,2.673748,0.059082,0.4375,0.399148,0.557141
hiero_0602,3,1,2,3,17,2.673748,0.059082,0.4375,0.398308,0.433755
hiero_0603,3,1,2,3,17,2.673748,0.059082,0.4375,0.586067,0.433755
hiero_0604,3,1,2,3,17,2.673748,0.059082,0.4375,0.585227,0.557141
hiero_0605,2,0,2,3,5,1.944544,0.042969,0.4375,0.617898,0.494318
hiero_0606,5,3,2,4,68,5.00499,0.110596,0.640625,0.50507,0.491929
hiero_0607,2,4,-2,13,249,6.695417,0.158203,1.0,0.467834,0.470269
hiero_0608,3,3,0,2,212,4.795068,0.111816,0.921875,0.492563,0.534832
hiero_0609,3,17,-14,13,388,8.164874,0.212646,1.04918,0.465037,0.52786
hiero_0610,3,13,-10,9,204,5.877825,0.157471,1.04918,0.498765,0.484714
hiero_0611,3,17,-14,14,262,7.148408,0.212158,1.04918,0.460875,0.576902
hiero_0612,4,8,-4,12,371,8.507378,0.209229,0.921875,0.467528,0.502662
hiero_0613,1,10,-9,7,122,3.668116,0.095947,0.375,0.491889,0.347368
hiero_0614,1,15,-14,14,235,5.601612,0.147461,1.0,0.495473,0.363773
hiero_0615,23,0,23,46,326,7.966,0.181152,1.0,0.490798,0.488608
hiero_0616,9,0,9,14,127,4.39732,0.097168,1.0,0.308927,0.327222
hiero_0617,12,7,5,15,341,9.192388,0.21167,0.984375,0.49171,0.520779
hiero_0618,5,2,3,7,479,9.269728,0.207764,1.142857,0.488047,0.395931
hiero_0619,4,2,2,7,358,6.308718,0.142334,1.163636,0.467866,0.310624
hiero_0620,1,4,-3,5,204,6.131942,0.140137,0.921875,0.460529,0.438616
hiero_0621,1,5,-4,12,240,6.772757,0.161621,1.032258,0.428531,0.458176
hiero_0622,1,11,-10,13,137,5.270155,0.154785,0.796875,0.466236,0.507886
hiero_0623,1,7,-6,2,116,5.855728,0.129395,0.65625,0.492866,0.43066
hiero_0624,1,6,-5,2,136,5.502175,0.126953,0.65625,0.492157,0.428546
hiero_0625,1,4,-3,1,92,4.353126,0.097168,0.8125,0.494622,0.422425
hiero_0626,1,1,0,2,330,5.203864,0.119141,1.230769,0.528208,0.415055
hiero_0627,2,12,-10,16,391,7.623495,0.172852,1.0,0.494902,0.479961
hiero_0628,1,1,0,3,197,2.740039,0.061523,0.734375,0.50031,0.549975
hiero_0629,1,1,0,0,105,2.264951,0.050049,1.794118,0.501296,0.517607
hiero_0630,1,2,-1,3,60,1.856155,0.042969,0.28125,0.486417,0.471768
hiero_0631,1,2,-1,4,204,3.082544,0.070068,0.734375,0.485301,0.536368
hiero_0632,1,1,0,6,83,2.43068,0.056152,0.765625,0.493207,0.475204
hiero_0633,2,8,-6,6,192,6.275573,0.14209,1.084746,0.472186,0.514739
hiero_0634,1,3,-2,0,52,2.099223,0.046387,0.278689,0.48528,0.469161
hiero_0635,1,0,1,2,207,2.485922,0.062012,4.0,0.453617,0.493172
hiero_0636,1,0,1,1,211,2.519068,0.061035,0.25,0.490938,0.45475
hiero_0637,1,13,-12,0,94,2.12132,0.047852,0.3125,0.492028,0.364716
hiero_0638,2,32,-30,3,298,6.584932,0.149658,1.0,0.493169,0.359655
hiero_0639,2,1,1,2,51,2.474874,0.054688,3.764706,0.493304,0.474749
hiero_0640,2,1,1,4,36,4.386272,0.096924,0.71875,0.493034,0.415342
hiero_0641,3,3,0,27,342,7.247845,0.165039,0.83871,0.492927,0.475314
hiero_0642,1,7,-6,30,288,6.861145,0.162354,1.211538,0.446499,0.47695
hiero_0643,1,0,1,4,64,1.701476,0.041504,6.4,0.489614,0.492096
hiero_0644,1,3,-2,0,314,4.552,0.106445,1.525,0.464127,0.467388
hiero_0645,3,1,2,4,56,3.734408,0.08252,0.453125,0.484375,0.516919
hiero_0646,1,11,-10,4,194,3.148835,0.082275,0.546875,0.413297,0.494529
hiero_0647,1,8,-7,5,174,3.060447,0.079834,0.546875,0.560971,0.494792
hiero_0648,1,10,-9,0,123,3.303514,0.072998,0.359375,0.423599,0.491743
hiero_0649,1,10,-9,0,134,3.347709,0.073975,0.359375,0.546101,0.492935
hiero_0650,3,1,2,8,484,5.590563,0.13208,1.230769,0.490354,0.482411
hiero_0651,1,1,0,0,12,1.922447,0.04248,1.022727,0.395295,0.403107
hiero_0652,1,1,0,0,8,1.259534,0.027832,2.277778,0.484375,0.476562
hiero_0653,1,1,0,0,24,1.999786,0.044189,1.0,0.560601,0.543077
hiero_0654,2,0,2,4,28,2.043981,0.045166,1.641026,0.491047,0.545777
hiero_0655,2,58,-56,42,229,5.623709,0.209717,1.641026,0.511823,0.468568
hiero_0656,2,36,-34,40,218,5.701048,0.192627,2.064516,0.492554,0.462175
hiero_0657,1,9,-8,4,280,3.557631,0.099121,0.46875,0.480719,0.36307
hiero_0658,1,2,-1,0,127,2.055029,0.046875,1.030303,0.521403,0.51473
hiero_0659,1,2,-1,0,106,2.088175,0.046143,0.769231,0.510665,0.488509
hiero_0660,1,1,0,1,113,2.276,0.051025,3.368421,0.49215,0.483926
hiero_0661,3,3,0,0,147,2.441728,0.053955,1.0,0.49597,0.491516
hiero_0662,1,5,-4,0,257,2.96101,0.066406,1.0,0.492188,0.492475
hiero_0663,7,45,-38,4,389,5.104427,0.128418,1.0,0.49299,0.490108
hiero_0664,1,1,0,1,93,1.160097,0.041748,1.0,0.527778,0.455135
hiero_0665,1,1,0,1,91,1.149049,0.041504,1.0,0.458088,0.454779
hiero_0666,5,6,-1,10,245,4.485709,0.110107,1.454545,0.503395,0.51559
hiero_0667,1,12,-11,8,243,4.143204,0.122559,1.684211,0.594341,0.572305
hiero_0668,1,12,-11,7,236,4.154252,0.124512,1.684211,0.394761,0.4125
hiero_0669,1,7,-6,17,321,6.109845,0.156982,1.230769,0.494241,0.573362
hiero_0670,1,5,-4,8,221,4.264738,0.116699,1.882353,0.502909,0.498562
hiero_0671,1,3,-2,2,211,3.86699,0.09375,1.823529,0.548665,0.514364
hiero_0672,1,3,-2,0,271,4.054815,0.092529,2.035714,0.493198,0.498557
hiero_0673,1,8,-7,9,385,5.292252,0.137451,0.946429,0.486873,0.401005
hiero_0674,1,12,-11,12,219,3.181981,0.087402,0.303571,0.485946,0.422966
hiero_0675,1,23,-22,15,361,5.391689,0.145752,1.035714,0.523896,0.51908
hiero_0676,1,1,0,0,183,2.19866,0.048584,0.196429,0.484611,0.47778
hiero_0677,1,3,-2,11,251,3.546582,0.091797,1.017857,0.435879,0.474609
hiero_0678,1,7,-6,1,251,2.96101,0.073486,1.217391,0.444145,0.499844
hiero_0679,1,1,0,0,74,1.381068,0.030518,0.23913,0.5045,0.4765
hiero_0680,1,1,0,0,16,1.878252,0.041504,0.526316,0.560202,0.55239
hiero_0681,1,4,-3,0,138,3.193029,0.071533,1.575,0.526717,0.560474
hiero_0682,1,1,0,0,8,0.773398,0.01709,0.85,0.484375,0.492188
hiero_0683,2,0,2,3,305,4.231592,0.093506,1.422222,0.492942,0.487843
hiero_0684,2,0,2,6,12,1.66833,0.036865,2.56,0.494309,0.470095
hiero_0685,1,2,-1,16,108,3.402951,0.080566,1.422222,0.492235,0.413542
hiero_0686,2,5,-3,6,287,3.922233,0.097168,0.555556,0.498626,0.561519
hiero_0687,1,9,-8,0,380,5.822582,0.139893,1.015873,0.467223,0.365701
hiero_0688,1,10,-9,11,450,7.236796,0.168945,1.0,0.482411,0.334402
hiero_0689,1,5,-4,0,275,3.833845,0.088623,0.849057,0.485882,0.401515
hiero_0690,2,7,-5,11,406,6.883243,0.158691,1.015873,0.512981,0.547188
hiero_0691,1,11,-10,1,161,3.646019,0.081543,2.4,0.490036,0.46178
hiero_0692,1,13,-12,0,263,4.563048,0.10083,1.818182,0.495082,0.477868
hiero_0693,2,2,0,6,60,2.187612,0.052246,2.461538,0.489048,0.563887
hiero_0694,1,0,1,1,165,2.055029,0.046875,4.0,0.522135,0.416829
hiero_0695,1,3,-2,5,237,3.325612,0.075195,2.0,0.510552,0.472352
hiero_0696,1,5,-4,1,144,1.977689,0.046631,0.6,0.444863,0.50859
hiero_0697,1,2,-1,0,71,2.320194,0.05127,0.428571,0.575223,0.363914
hiero_0698,1,9,-8,4,139,2.927864,0.070312,0.412698,0.530924,0.507867
hiero_0699,1,8,-7,6,202,5.137573,0.123779,0.984375,0.472818,0.670026
hiero_0700,1,6,-5,3,162,3.126738,0.074463,0.532258,0.515625,0.541701
hiero_0701,1,5,-4,8,236,3.425048,0.082031,0.34375,0.476749,0.430339
hiero_0702,2,4,-2,2,147,3.159883,0.069824,1.6,0.479895,0.445695
hiero_0703,1,20,-19,20,337,4.507806,0.137451,0.71875,0.461756,0.447103
hiero_0704,1,4,-3,3,128,2.496971,0.061523,0.328125,0.478299,0.451141
hiero_0705,1,8,-7,4,166,3.402951,0.089111,0.53125,0.488399,0.3997
hiero_0706,1,5,-4,12,228,3.204078,0.086914,0.34375,0.499956,0.47292
hiero_0707,1,3,-2,5,176,2.563262,0.067383,0.3125,0.487772,0.398664
hiero_0708,1,16,-15,19,210,3.646019,0.107666,0.46875,0.459609,0.459573
hiero_0709,1,30,-29,51,257,5.225961,0.160156,0.59375,0.518459,0.485066
hiero_0710,1,11,-10,9,176,3.126738,0.09375,0.375,0.478434,0.394979
hiero_0711,1,25,-24,17,397,5.701048,0.176758,0.875,0.492252,0.365504
hiero_0712,3,23,-20,23,211,3.56868,0.111084,0.484375,0.498695,0.452026
hiero_0713,1,1,0,0,230,2.629553,0.063965,4.0,0.495766,0.493678
hiero_0714,1,3,-2,6,210,2.795281,0.069092,3.764706,0.488461,0.488461
hiero_0715,1,8,-7,12,202,2.905767,0.074219,2.37037,0.499794,0.49594
hiero_0716,1,32,-31,7,479,6.728563,0.169678,0.825397,0.493121,0.485634
hiero_0717,1,22,-21,27,566,8.363747,0.233887,0.84375,0.485305,0.543107
hiero_0718,1,32,-31,22,234,3.535534,0.12207,0.46875,0.506375,0.379406
hiero_0719,1,9,-8,7,277,3.535534,0.087158,0.390625,0.486213,0.454394
hiero_0720,1,3,-2,12,372,4.673534,0.11377,0.515625,0.500771,0.436863
hiero_0721,1,1,0,0,238,2.784233,0.064209,0.5,0.530656,0.527448
hiero_0722,1,2,-1,6,247,3.502388,0.08374,0.921875,0.532753,0.580539
hiero_0723,2,7,-5,0,310,3.734408,0.093506,0.46875,0.500163,0.59273
hiero_0724,1,4,-3,4,295,3.833845,0.094971,0.640625,0.519923,0.451599
hiero_0725,2,5,-3,7,284,4.220544,0.107422,0.921875,0.524432,0.516868
hiero_0726,1,6,-5,4,391,4.772971,0.115723,0.640625,0.520273,0.400844
hiero_0727,1,6,-5,9,374,5.126524,0.126709,0.921875,0.515444,0.457039
hiero_0728,3,9,-6,6,310,4.065864,0.109375,0.46875,0.496477,0.533936
hiero_0729,1,5,-4,7,297,4.165301,0.107178,0.96875,0.50153,0.495978
hiero_0730,1,30,-29,12,388,5.557417,0.165283,0.921875,0.525572,0.53275
hiero_0731,1,2,-1,4,319,3.767553,0.090088,0.578125,0.505081,0.512237
hiero_0732,1,16,-15,10,384,4.850311,0.128662,1.185185,0.654827,0.462464
hiero_0733,1,3,-2,0,358,4.264738,0.101807,1.108696,0.501349,0.413519
hiero_0734,2,14,-12,5,256,4.574097,0.113281,1.641026,0.492726,0.424064
hiero_0735,2,15,-13,12,381,6.518641,0.162354,1.0,0.46922,0.501504
hiero_0736,2,15,-13,10,372,5.899922,0.148438,1.0,0.492367,0.544536
hiero_0737,1,23,-22,26,298,5.701048,0.157959,0.890625,0.4922,0.587592
hiero_0738,2,21,-19,26,273,5.137573,0.151367,0.890625,0.490827,0.648816
hiero_0739,1,7,-6,3,548,7.711883,0.172363,1.016129,0.488624,0.445888
hiero_0740,1,14,-13,2,505,6.098796,0.148682,0.66129,0.484837,0.538793
hiero_0741,1,2,-1,3,231,3.811747,0.108643,0.492063,0.472402,0.485112
hiero_0742,1,8,-7,11,206,4.430466,0.120361,1.444444,0.492901,0.447705
hiero_0743,1,25,-24,18,434,6.154039,0.17627,0.730159,0.517962,0.460894
hiero_0744,1,2,-1,6,286,4.331029,0.099121,1.103448,0.498653,0.51447
hiero_0745,1,18,-17,5,109,1.657282,0.051025,0.483871,0.485646,0.390027
hiero_0746,2,2,0,0,231,2.72899,0.060303,1.0,0.492915,0.398153
hiero_0747,2,27,-25,0,391,5.590563,0.133789,1.513514,0.493528,0.372862
hiero_0748,1,17,-16,12,246,3.447146,0.0979,1.166667,0.490493,0.454099
hiero_0749,1,4,-3,4,134,1.82301,0.050049,4.181818,0.496265,0.423247
hiero_0750,1,4,-3,5,132,3.237223,0.10791,1.472222,0.499823,0.392711
hiero_0751,1,4,-3,2,289,4.110058,0.096191,0.767857,0.509795,0.526055
hiero_0752,1,1,0,0,88,1.889301,0.041748,3.105263,0.482548,0.423885
hiero_0753,1,3,-2,0,24,1.811961,0.040039,3.375,0.492188,0.429688
hiero_0754,1,2,-1,4,111,2.629553,0.058105,0.734375,0.484178,0.671153
hiero_0755,2,1,1,14,65,3.369806,0.074463,1.0,0.502203,0.361783
hiero_0756,2,0,2,4,34,2.662699,0.060303,0.28125,0.476025,0.408527
hiero_0757,1,2,-1,12,199,4.408369,0.11377,1.0,0.431934,0.49145
hiero_0758,2,2,0,5,313,5.546369,0.126709,1.0,0.517853,0.481274
hiero_0759,1,1,0,4,23,1.82301,0.040283,3.875,0.47178,0.437405
hiero_0760,1,5,-4,1,279,3.425048,0.082275,0.465517,0.498192,0.489429
hiero_0761,1,13,-12,2,343,4.09901,0.098877,0.448276,0.493673,0.431443
hiero_0762,1,6,-5,0,244,3.281417,0.079346,0.689655,0.491827,0.425721
hiero_0763,1,3,-2,0,216,3.016252,0.072021,0.689655,0.492691,0.422458
hiero_0764,1,2,-1,0,193,2.673748,0.0625,0.568966,0.500671,0.438049
hiero_0765,1,4,-3,2,189,2.375437,0.059326,0.327586,0.495435,0.464956
hiero_0766,1,6,-5,0,168,2.485922,0.058838,0.310345,0.483078,0.404888
hiero_0767,1,1,0,0,47,1.834058,0.042969,0.258621,0.526101,0.379705
hiero_0768,1,5,-4,4,60,1.66833,0.04834,0.186441,0.497317,0.477036
hiero_0769,1,24,-23,2,210,2.397534,0.058838,0.189655,0.499287,0.509077
hiero_0770,1,3,-2,3,210,2.530116,0.064209,0.327586,0.498277,0.476355
hiero_0771,1,2,-1,0,185,2.287048,0.050537,0.189655,0.483847,0.519852
hiero_0772,1,2,-1,3,91,2.408582,0.059082,0.465517,0.441374,0.426717
hiero_0773,1,1,0,2,281,3.25932,0.077637,0.8125,0.511547,0.459709
hiero_0774,1,1,0,0,156,1.944544,0.04541,1.0,0.516717,0.394825
hiero_0775,1,1,0,0,192,2.452777,0.057617,4.133333,0.466367,0.421412
hiero_0776,1,2,-1,2,157,1.889301,0.050049,1.0,0.469893,0.427515
hiero_0777,1,3,-2,0,175,2.19866,0.052002,0.245614,0.486649,0.491931
hiero_0778,1,3,-2,0,181,2.751087,0.078369,0.571429,0.491968,0.567222
hiero_0779,1,35,-34,7,235,3.458194,0.106934,0.438596,0.479987,0.56464
hiero_0780,1,7,-6,3,326,4.297883,0.109619,0.77193,0.561073,0.498886
hiero_0781,1,13,-12,11,496,6.419204,0.170166,0.87931,0.517396,0.521028
hiero_0782,1,2,-1,2,215,2.585359,0.060547,2.565217,0.451298,0.410282
hiero_0783,1,2,-1,2,167,2.585359,0.060059,0.421053,0.570884,0.398692
hiero_0784,1,3,-2,1,177,2.264951,0.054199,0.22807,0.482615,0.449676
hiero_0785,1,2,-1,3,186,2.375437,0.056641,0.333333,0.486665,0.427465
hiero_0786,1,1,0,2,47,1.115903,0.024658,6.428571,0.487624,0.376238
hiero_0787,1,4,-3,3,119,1.579942,0.042725,5.0,0.479375,0.354107
hiero_0788,1,2,-1,0,80,1.347922,0.034912,5.625,0.496176,0.362653
hiero_0789,1,3,-2,5,48,1.579942,0.044922,6.888889,0.55231,0.3643
hiero_0790,1,52,-51,16,242,3.215126,0.106689,1.0,0.481908,0.413294
hiero_0791,1,45,-44,6,327,4.09901,0.131592,1.0,0.484868,0.457154
hiero_0792,1,12,-11,2,104,2.463825,0.072998,0.568966,0.524247,0.38634
hiero_0793,1,8,-7,0,62,1.59099,0.035156,0.224138,0.524089,0.439345
hiero_0794,1,11,-10,0,202,2.242854,0.049561,0.327586,0.526324,0.49746
hiero_0795,1,3,-2,0,212,2.552214,0.059326,2.652174,0.468814,0.441165
hiero_0796,1,3,-2,0,142,1.988738,0.050049,0.263158,0.488872,0.488034
hiero_0797,1,18,-17,16,464,5.899922,0.152832,1.142857,0.629093,0.557134
hiero_0798,1,7,-6,0,125,2.762136,0.065918,0.241379,0.508738,0.460822
hiero_0799,1,5,-4,0,93,2.684796,0.063232,0.275862,0.517736,0.481902
hiero_0800,1,7,-6,1,93,2.176563,0.052002,0.189655,0.509756,0.440361
hiero_0801,2,2,0,4,63,2.154466,0.051758,2.206897,0.47413,0.481132
hiero_0802,1,2,-1,2,190,2.364388,0.056152,0.303571,0.493274,0.496807
hiero_0803,1,11,-10,2,220,2.662699,0.064209,0.357143,0.49192,0.490019
hiero_0804,1,26,-25,16,392,5.126524,0.141357,1.222222,0.384472,0.431401
hiero_0805,1,11,-10,2,310,4.231592,0.10498,0.535714,0.477471,0.521875
hiero_0806,1,7,-6,12,121,3.314563,0.081299,1.5,0.568271,0.485642
hiero_0807,1,4,-3,2,135,3.170932,0.075439,2.44,0.564219,0.4598
hiero_0808,1,4,-3,0,224,3.115689,0.074707,1.166667,0.491932,0.427339
hiero_0809,2,4,-2,1,435,5.281204,0.125732,1.066667,0.504885,0.534102
hiero_0810,2,0,2,1,212,2.530116,0.05957,1.6,0.513704,0.470735
hiero_0811,2,0,2,1,211,2.485922,0.059326,1.6,0.494985,0.490355
hiero_0812,1,3,-2,2,414,4.971845,0.12207,1.125,0.502,0.55875
hiero_0813,1,4,-3,9,220,3.480291,0.085693,1.05,0.510817,0.415064
hiero_0814,3,3,0,5,328,4.176349,0.095215,1.684211,0.66887,0.412901
hiero_0815,2,5,-3,19,341,5.192815,0.12207,1.066667,0.619594,0.455
hiero_0816,1,2,-1,0,133,2.12132,0.046875,0.316667,0.455241,0.551921
hiero_0817,1,1,0,0,101,1.811961,0.040039,0.216667,0.507146,0.500381
hiero_0818,1,2,-1,0,75,2.132369,0.049561,0.516667,0.496075,0.46798
hiero_0819,1,2,-1,1,273,3.248272,0.076172,0.983333,0.550881,0.537911
hiero_0820,2,0,2,5,226,2.872621,0.066406,1.560976,0.561753,0.512178
hiero_0821,1,5,-4,1,371,4.552,0.11377,0.983333,0.484811,0.502917
hiero_0822,2,3,-1,1,302,4.242641,0.098633,1.0,0.505337,0.536317
hiero_0823,3,0,3,7,251,3.911184,0.088379,1.560976,0.493439,0.495468
hiero_0824,1,7,-6,2,272,3.447146,0.099365,0.639344,0.458576,0.467713
hiero_0825,1,9,-8,4,254,3.237223,0.083252,0.355932,0.470354,0.479335
hiero_0826,1,16,-15,5,263,3.314563,0.085449,0.355932,0.519152,0.479911
hiero_0827,1,6,-5,2,177,3.303514,0.086914,2.461538,0.465502,0.434384
hiero_0828,1,1,0,0,203,3.237223,0.073975,2.44,0.46416,0.443791
hiero_0829,4,7,-3,10,247,3.347709,0.092041,1.564103,0.499503,0.467424
hiero_0830,5,14,-9,19,316,4.540951,0.133789,1.163636,0.522497,0.453239
hiero_0831,4,9,-5,11,271,3.955379,0.09668,0.765625,0.53997,0.546086
hiero_0832,4,9,-5,5,263,3.734408,0.088379,0.78125,0.539321,0.580628
hiero_0833,1,28,-27,2,456,5.369592,0.126953,1.28,0.576713,0.535216
hiero_0834,1,11,-10,7,330,4.408369,0.118652,2.782609,0.439751,0.475341
hiero_0835,1,10,-9,6,154,3.922233,0.094482,2.064516,0.426801,0.491562
hiero_0836,1,14,-13,18,258,5.69,0.14917,1.0,0.378145,0.570376
hiero_0837,1,3,-2,1,239,4.121107,0.093994,1.386364,0.474838,0.465463
hiero_0838,1,6,-5,5,275,5.170718,0.123047,1.22,0.47709,0.498791
hiero_0839,1,1,0,0,201,2.574311,0.056885,1.617647,0.497921,0.472908
hiero_0840,1,1,0,0,128,1.723573,0.038086,3.75,0.439603,0.411759
hiero_0841,1,4,-3,1,149,2.032932,0.04834,2.933333,0.438447,0.433633
hiero_0842,1,2,-1,0,120,1.546796,0.037109,0.540541,0.492393,0.39741
hiero_0843,1,3,-2,2,171,2.331243,0.055908,0.280702,0.491539,0.408433
hiero_0844,1,2,-1,2,185,2.253903,0.052734,0.315789,0.492549,0.465061
hiero_0845,1,9,-8,8,117,2.165515,0.057129,0.357143,0.49379,0.51429
hiero_0846,1,11,-10,7,171,2.397534,0.085205,0.418182,0.499642,0.467407
hiero_0847,1,4,-3,0,92,1.988738,0.046875,0.333333,0.486654,0.491374
hiero_0848,1,3,-2,0,32,1.524699,0.035645,0.240741,0.484375,0.484268
hiero_0849,1,4,-3,0,187,2.684796,0.064209,0.425926,0.49501,0.586086
hiero_0850,1,2,-1,0,123,2.12132,0.055176,0.425926,0.507121,0.540445
hiero_0851,2,2,0,0,184,3.049398,0.082275,0.611111,0.492721,0.561619
hiero_0852,1,2,-1,2,127,2.010835,0.048828,0.837838,0.520703,0.406797
hiero_0853,1,0,1,2,23,1.115903,0.036133,1.702703,0.246938,0.433066
hiero_0854,1,9,-8,0,257,3.126738,0.073975,0.396552,0.496803,0.559973
hiero_0855,1,2,-1,1,123,2.309146,0.052979,0.275862,0.515121,0.445709
hiero_0856,1,1,0,0,210,2.496971,0.055176,0.310345,0.523921,0.466745
hiero_0857,1,3,-2,6,130,2.066078,0.05249,0.293103,0.492805,0.442733
hiero_0858,1,5,-4,9,303,4.143204,0.112061,1.017241,0.440087,0.441789
hiero_0859,1,1,0,0,188,2.220757,0.049072,0.245614,0.493548,0.500544
hiero_0860,1,2,-1,2,226,3.027301,0.072754,1.145833,0.50991,0.409658
hiero_0861,1,23,-22,9,349,6.231379,0.156006,1.0,0.514696,0.480585
hiero_0862,1,19,-18,0,165,3.060447,0.068604,0.446429,0.484153,0.596586
hiero_0863,1,0,1,2,42,1.447359,0.031982,0.535714,0.579556,0.58886
hiero_0864,1,2,-1,3,183,2.872621,0.064941,0.75,0.493127,0.468809
hiero_0865,1,13,-12,2,81,1.900349,0.04541,0.315789,0.491851,0.607443
hiero_0866,1,0,1,1,99,1.171146,0.025879,0.485714,0.47612,0.347583
hiero_0867,2,0,2,2,199,2.364388,0.052246,1.028571,0.485032,0.350759
hiero_0868,3,0,3,3,296,3.524485,0.077881,1.6,0.479771,0.350069
hiero_0869,6,0,6,5,319,3.933281,0.087891,1.828571,0.50026,0.36059
hiero_0870,5,0,5,0,342,4.242641,0.099121,0.824561,0.475831,0.391087
hiero_0871,6,0,6,0,394,4.982893,0.117432,0.824561,0.485187,0.434966
hiero_0872,7,0,7,4,486,5.899922,0.136475,1.122807,0.508497,0.400408
hiero_0873,8,0,8,8,507,6.507592,0.156982,1.122807,0.493293,0.435191
hiero_0874,12,0,12,7,511,6.37501,0.148682,1.122807,0.488403,0.44022
hiero_0875,7,0,7,3,235,3.060447,0.071533,2.37037,0.494987,0.337404
hiero_0876,1,2,-1,1,101,1.723573,0.039062,0.852941,0.49043,0.376953
hiero_0877,1,27,-26,3,253,3.049398,0.080566,0.914894,0.476562,0.498816
hiero_0878,2,56,-54,4,498,7.115262,0.171143,1.828571,0.489435,0.362161
hiero_0879,1,3,-2,1,259,3.347709,0.078857,1.035088,0.467492,0.493131
hiero_0880,1,4,-3,0,324,3.94433,0.091553,0.535714,0.492708,0.507417
hiero_0881,1,1,0,0,129,1.524699,0.034668,0.461538,0.490867,0.435079
hiero_0882,1,1,0,1,128,1.502602,0.034668,0.435897,0.483825,0.430018
hiero_0883,1,2,-1,0,347,4.054815,0.093018,0.421053,0.489993,0.487615
hiero_0884,1,1,0,2,160,2.12132,0.05249,0.410714,0.490988,0.475945
hiero_0885,1,5,-4,0,206,2.508019,0.059326,0.482143,0.487912,0.429334
hiero_0886,2,2,0,2,217,3.093592,0.073242,0.914286,0.497031,0.435469
hiero_0887,1,7,-6,0,211,3.546582,0.078369,2.043478,0.496982,0.417543
hiero_0888,1,4,-3,2,92,1.789864,0.04248,1.043478,0.455909,0.416936
hiero_0889,1,0,1,3,109,1.734621,0.03833,1.043478,0.461982,0.417396
hiero_0890,1,5,-4,0,106,1.845107,0.042236,1.043478,0.528089,0.417901
hiero_0891,1,1,0,3,112,1.778815,0.039307,1.086957,0.518925,0.418381
hiero_0892,1,1,0,2,119,1.557845,0.037842,1.833333,0.491835,0.330343
hiero_0893,1,3,-2,0,131,1.59099,0.039551,1.625,0.512539,0.388021
hiero_0894,1,2,-1,0,179,2.209709,0.053711,1.344828,0.540696,0.403409
hiero_0895,1,2,-1,0,137,1.889301,0.041748,3.538462,0.452211,0.419225
hiero_0896,1,2,-1,1,137,1.911398,0.043213,3.615385,0.450035,0.416578
hiero_0897,1,5,-4,1,256,3.657068,0.084717,1.243243,0.464787,0.435474
hiero_0898,1,14,-13,12,214,3.204078,0.090576,2.4,0.491493,0.41362
hiero_0899,1,5,-4,9,212,2.784233,0.068359,0.45614,0.491518,0.427288
hiero_0900,1,7,-6,0,275,3.237223,0.074219,0.267857,0.503803,0.421669
hiero_0901,1,1,0,10,221,3.016252,0.06958,0.946429,0.498629,0.457785
hiero_0902,1,0,1,2,26,0.60767,0.014404,0.75,0.502913,0.374206
hiero_0903,2,0,2,4,51,1.193243,0.028809,0.319149,0.502913,0.377781
hiero_0904,3,0,3,6,83,1.834058,0.041992,0.723404,0.491552,0.306868
hiero_0905,4,0,4,8,104,2.397534,0.057373,0.723404,0.493484,0.382513
hiero_0906,5,0,5,10,133,3.005204,0.070801,1.12766,0.487123,0.338578
hiero_0907,6,0,6,12,159,3.612874,0.086182,1.12766,0.485083,0.383277
hiero_0908,7,0,7,12,158,3.657068,0.088623,1.361702,0.497934,0.372245
hiero_0909,8,0,8,12,174,3.800699,0.092285,1.361702,0.491443,0.377439
hiero_0910,9,0,9,18,240,5.413786,0.128906,0.883333,0.485026,0.45055
hiero_0911,2,0,2,4,50,1.193243,0.029297,1.7,0.496094,0.373437
hiero_0912,3,0,3,6,79,1.82301,0.044189,2.65,0.488173,0.372842
hiero_0913,4,0,4,6,87,1.922447,0.047363,3.2,0.491785,0.366624
hiero_0914,5,0,5,10,71,2.143417,0.052734,3.2,0.487558,0.38274
hiero_0915,1,5,-4,9,283,4.375223,0.103516,0.875,0.55255,0.425597
hiero_0916,1,13,-12,7,187,2.563262,0.070801,1.542857,0.547845,0.350377
hiero_0917,1,5,-4,7,148,2.176563,0.059326,1.342857,0.580118,0.359118
hiero_0918,1,2,-1,0,119,1.59099,0.043213,2.944444,0.497617,0.383121
hiero_0919,1,1,0,2,59,1.115903,0.024658,0.232143,0.501083,0.439975
hiero_0920,1,1,0,3,71,1.270582,0.028076,0.22807,0.475543,0.353668
hiero_0921,1,1,0,4,168,2.331243,0.053467,3.764706,0.495576,0.39405
hiero_0922,1,13,-12,2,174,2.72899,0.069336,5.333333,0.494498,0.405755
hiero_0923,1,3,-2,0,154,2.010835,0.055664,0.339286,0.484512,0.491365
hiero_0924,1,9,-8,1,312,4.31998,0.109375,1.053571,0.499302,0.459019
hiero_0925,1,3,-2,0,212,2.574311,0.06665,0.5,0.475904,0.411573
hiero_0926,1,5,-4,1,276,3.690214,0.090332,0.982143,0.488725,0.415203
hiero_0927,1,1,0,2,201,2.276,0.052246,2.789474,0.483572,0.351197
hiero_0928,1,1,0,2,143,1.690427,0.040771,2.866667,0.492796,0.343937
hiero_0929,1,2,-1,2,78,1.679379,0.046387,3.4375,0.544326,0.365296
hiero_0930,1,2,-1,1,119,2.032932,0.050537,3.333333,0.449728,0.362545
hiero_0931,1,16,-15,13,198,3.248272,0.085449,2.782609,0.489241,0.404152
hiero_0932,1,4,-3,3,191,2.309146,0.057373,0.695652,0.461835,0.388896
hiero_0933,1,4,-3,2,146,2.496971,0.057129,0.74359,0.481704,0.424212
hiero_0934,1,5,-4,2,215,2.751087,0.066406,0.717391,0.467888,0.396197
hiero_0935,1,1,0,0,188,2.187612,0.050293,0.878049,0.446374,0.454111
hiero_0936,1,3,-2,0,98,2.618505,0.059326,0.473684,0.474794,0.426505
hiero_0937,1,3,-2,0,200,2.706893,0.061768,1.142857,0.517169,0.400445
hiero_0938,1,1,0,5,138,2.209709,0.054932,1.6,0.447431,0.461181
hiero_0939,1,1,0,0,150,1.933495,0.042725,0.245614,0.490089,0.488304
hiero_0940,1,14,-13,16,283,4.850311,0.135498,0.428571,0.496368,0.517427
hiero_0941,1,0,1,2,26,0.618718,0.013672,1.428571,0.455915,0.398438
hiero_0942,2,0,2,4,52,1.237437,0.027344,3.071429,0.463728,0.398438
hiero_0943,1,10,-9,0,196,3.513437,0.083496,0.696429,0.485015,0.392544
hiero_0944,1,5,-4,0,186,3.33666,0.074707,0.696429,0.484324,0.419526
hiero_0945,1,3,-2,0,175,2.552214,0.060791,3.0,0.484501,0.401795
hiero_0946,1,3,-2,0,154,2.209709,0.050781,3.117647,0.478966,0.393104
hiero_0947,1,16,-15,3,401,6.728563,0.155762,0.947368,0.493926,0.490669
hiero_0948,1,7,-6,0,371,4.761922,0.111572,1.270833,0.491692,0.433466
hiero_0949,1,4,-3,0,169,3.038349,0.072998,1.5,0.493363,0.347513
hiero_0950,1,5,-4,2,163,2.817379,0.066162,1.25641,0.481377,0.373732
hiero_0951,1,0,1,4,195,2.419631,0.054932,2.909091,0.511875,0.429514
hiero_0952,1,6,-5,0,180,2.596408,0.061279,0.74359,0.479582,0.333914
hiero_0953,1,7,-6,0,179,2.607456,0.060547,0.74359,0.520224,0.326865
hiero_0954,1,1,0,0,72,1.171146,0.025879,1.5,0.492188,0.360259
hiero_0955,1,2,-1,2,63,1.160097,0.029053,1.6,0.48792,0.363839
hiero_0956,2,3,-1,1,130,1.955592,0.046143,1.166667,0.492808,0.378803
hiero_0957,1,5,-4,6,92,2.099223,0.057617,1.333333,0.492188,0.403999
hiero_0958,1,1,0,0,94,1.370019,0.030273,1.333333,0.492188,0.399698
hiero_0959,1,3,-2,1,227,2.762136,0.062012,0.298246,0.500677,0.439038
hiero_0960,3,8,-5,1,425,5.590563,0.131348,0.824561,0.48876,0.51609
hiero_0961,1,3,-2,4,284,3.756505,0.097168,0.473684,0.478172,0.463175
hiero_0962,1,8,-7,8,371,4.784019,0.120117,0.561404,0.473704,0.49784
hiero_0963,1,11,-10,8,529,7.402524,0.184082,0.928571,0.490778,0.505885
hiero_0964,1,0,1,5,68,3.347709,0.073975,0.839286,0.484942,0.477207
hiero_0965,1,16,-15,6,700,9.059806,0.229736,1.142857,0.509348,0.497709
hiero_0966,1,0,1,6,75,4.09901,0.090576,1.035714,0.490019,0.468034
hiero_0967,1,4,-3,11,184,2.662699,0.075195,0.448276,0.492695,0.565341
hiero_0968,1,5,-4,11,171,2.695845,0.064453,0.428571,0.487689,0.514678
hiero_0969,1,8,-7,0,240,3.712311,0.088867,0.923077,0.490084,0.430288
hiero_0970,1,3,-2,0,111,1.82301,0.042236,0.638889,0.484917,0.399386
hiero_0971,1,4,-3,0,136,2.088175,0.051514,1.027778,0.49415,0.383516
hiero_0972,1,3,-2,2,71,1.016466,0.033203,0.913043,0.485294,0.390625
hiero_0973,3,7,-4,6,199,2.773184,0.089111,2.782609,0.486729,0.387372
hiero_0974,1,6,-5,0,267,3.723359,0.091064,0.571429,0.537408,0.557892
hiero_0975,1,1,0,0,66,1.06066,0.023438,2.0,0.496257,0.419108
hiero_0976,1,2,-1,0,141,1.911398,0.044189,0.571429,0.489641,0.416005
hiero_0977,1,1,0,0,167,1.977689,0.047119,0.613636,0.48737,0.441548
hiero_0978,1,3,-2,0,123,2.386485,0.055664,3.647059,0.48835,0.407004
hiero_0979,1,5,-4,5,245,3.303514,0.080322,2.818182,0.492971,0.428429
hiero_0980,1,1,0,0,56,1.657282,0.036621,3.8,0.484375,0.4075
hiero_0981,1,1,0,5,76,1.900349,0.044189,3.2,0.464261,0.418508
hiero_0982,1,2,-1,0,157,1.988738,0.046875,1.03125,0.504639,0.424072
hiero_0983,1,1,0,4,77,1.06066,0.037109,1.0,0.52354,0.423109
hiero_0984,1,1,0,0,69,1.436311,0.03418,1.0625,0.542411,0.447433
hiero_0985,1,2,-1,2,237,2.850524,0.065918,0.481481,0.486632,0.595081
hiero_0986,1,1,0,1,176,2.209709,0.050293,0.481481,0.486954,0.546723
hiero_0987,1,2,-1,0,45,1.944544,0.046875,3.875,0.494792,0.427572
hiero_0988,1,2,-1,0,55,2.010835,0.045898,0.258065,0.507563,0.475648
hiero_0989,1,2,-1,0,38,1.800913,0.039795,4.133333,0.492619,0.42801
hiero_0990,3,16,-13,10,300,5.446932,0.144287,0.785714,0.452649,0.458122
hiero_0991,3,15,-12,9,228,5.049184,0.137207,0.767857,0.516487,0.463134
hiero_0992,1,8,-7,0,96,2.662699,0.058838,2.952381,0.4941,0.383493
hiero_0993,1,1,0,0,69,1.325825,0.029297,0.472222,0.484375,0.401693
hiero_0994,1,9,-8,14,201,3.590777,0.09082,0.535714,0.49265,0.402428
hiero_0995,1,15,-14,5,213,3.038349,0.11084,0.428571,0.506642,0.362197
hiero_0996,1,1,0,0,8,0.596621,0.013184,0.26087,0.492188,0.5
hiero_0997,3,3,0,0,28,1.800913,0.039795,1.869565,0.49722,0.500959
hiero_0998,3,3,0,0,28,1.82301,0.040283,1.565217,0.493561,0.500947
hiero_0999,3,3,0,0,107,1.237437,0.027344,4.333333,0.514648,0.501674
hiero_1000,3,3,0,0,28,1.82301,0.040283,0.642857,0.493561,0.582197
hiero_1001,3,3,0,0,24,1.811961,0.040039,0.642857,0.492378,0.404154
hiero_1002,3,3,0,0,24,1.281631,0.02832,0.109091,0.492188,0.481681
hiero_1003,3,3,0,0,24,2.010835,0.044434,0.472727,0.492188,0.485405
hiero_1004,3,3,0,0,93,1.126951,0.024902,0.230769,0.484375,0.420956
hiero_1005,2,2,0,0,166,1.922447,0.04248,1.304348,0.488326,0.499282
hiero_1006,2,2,0,0,20,1.204291,0.026611,1.043478,0.493263,0.501433
hiero_1007,1,1,0,0,89,1.016466,0.022461,0.695652,0.492867,0.486073
hiero_1008,1,1,0,0,86,0.98332,0.021729,0.652174,0.494733,0.498596
hiero_1009,3,0,3,2,254,2.872621,0.064453,1.684211,0.560429,0.429569
hiero_1010,1,0,1,0,138,1.624136,0.035889,0.641026,0.469281,0.443027
hiero_1011,1,1,0,0,59,1.789864,0.040527,3.647059,0.486916,0.407285
hiero_1012,1,3,-2,0,257,2.972058,0.073486,0.97561,0.49564,0.484583
hiero_1013,1,3,-2,1,437,4.905553,0.110107,1.391304,0.488706,0.494942
hiero_1014,2,2,0,4,24,2.209709,0.048828,0.59375,0.492188,0.497812
hiero_1015,1,0,1,3,52,0.961223,0.023193,0.846154,0.487007,0.446217
hiero_1016,1,1,0,0,99,1.193243,0.027344,1.0,0.490792,0.452985
hiero_1017,1,1,0,0,90,1.027515,0.022705,0.826087,0.457997,0.476815
hiero_1018,1,0,1,2,0,0.265165,0.005859,0.041667,0.484375,0.492188
hiero_1019,2,0,2,4,0,0.53033,0.011719,0.416667,0.492188,0.492188
hiero_1020,3,0,3,6,0,0.795495,0.017578,0.791667,0.5,0.492188
hiero_1021,4,0,4,8,0,1.06066,0.023438,1.125,0.488281,0.492188
hiero_1022,5,0,5,10,0,1.325825,0.029297,0.358491,0.496875,0.439063
hiero_1023,6,0,6,12,0,1.59099,0.035156,0.358491,0.5,0.484375
hiero_1024,7,0,7,14,0,1.856155,0.041016,0.509434,0.486607,0.452009
hiero_1025,8,0,8,16,0,2.12132,0.046875,0.509434,0.488281,0.484375
hiero_1026,9,0,9,18,0,1.690427,0.037354,0.327586,0.5,0.489583
hiero_1027,5,0,5,10,0,1.325825,0.029297,1.5,0.49375,0.492188
hiero_1028,1,0,1,2,0,0.265165,0.005859,24.0,0.476562,0.40625
hiero_1029,2,0,2,4,0,0.53033,0.011719,2.181818,0.476562,0.4375
hiero_1030,3,0,3,6,0,0.795495,0.017578,1.263158,0.476562,0.484375
hiero_1031,4,0,4,8,0,1.06066,0.023438,0.827586,0.476562,0.5
hiero_1032,5,0,5,10,0,1.325825,0.029297,2.736842,0.448437,0.484375
hiero_1033,6,0,6,12,0,1.59099,0.035156,2.736842,0.492188,0.484375
hiero_1034,7,0,7,14,0,1.856155,0.041016,1.793103,0.460938,0.5
hiero_1035,8,0,8,16,0,2.12132,0.046875,1.793103,0.492188,0.5
hiero_1036,9,0,9,18,0,1.856155,0.041016,3.368421,0.492188,0.484375
hiero_1037,1,5,-4,0,156,2.80633,0.062012,0.969697,0.492188,0.484375
hiero_1038,1,3,-2,0,186,2.253903,0.052734,1.0,0.498264,0.481337
hiero_1039,1,3,-2,1,217,2.640602,0.063232,1.4,0.528415,0.466759
hiero_1040,1,13,-12,0,156,2.309146,0.057129,1.378378,0.464143,0.474893
hiero_1041,2,0,2,3,421,4.784019,0.108887,0.90625,0.489385,0.548206
hiero_1042,1,4,-3,11,285,3.458194,0.088135,1.777778,0.486193,0.50303
hiero_1043,1,1,0,1,99,1.933495,0.044678,2.565217,0.53902,0.540471
hiero_1044,1,2,-1,1,93,1.889301,0.045166,2.565217,0.427365,0.537838
hiero_1045,2,0,2,3,216,2.585359,0.06543,1.163636,0.5158,0.600222
hiero_1046,1,0,1,10,8,1.049612,0.02417,3.0,0.5,0.484375
hiero_1047,1,1,0,6,73,1.900349,0.042725,4.0,0.451964,0.493036
hiero_1048,1,0,1,2,176,2.165515,0.052734,4.571429,0.480324,0.521557
hiero_1049,1,0,1,2,29,1.557845,0.034424,4.571429,0.457114,0.500111
hiero_1050,1,1,0,0,8,1.370019,0.030273,4.818182,0.484375,0.484375
hiero_1051,1,0,1,0,207,2.463825,0.055664,4.0,0.476357,0.511445
hiero_1052,1,0,1,0,171,2.220757,0.050293,2.666667,0.513956,0.574105
hiero_1053,1,0,1,2,44,1.602039,0.0354,3.588235,0.42694,0.490733
hiero_1054,1,0,1,2,51,1.237437,0.027344,2.1,0.436663,0.503488
hiero_1055,2,1,1,4,57,2.032932,0.045898,1.777778,0.521027,0.55128
hiero_1056,1,3,-2,10,56,3.657068,0.086182,0.953125,0.506905,0.50478
hiero_1057,1,2,-1,2,113,1.977689,0.046143,0.754717,0.490741,0.397735
hiero_1058,1,2,-1,5,159,2.662699,0.063965,0.359375,0.464098,0.44895
hiero_1059,1,2,-1,5,80,1.900349,0.043457,0.421875,0.499649,0.686798
hiero_1060,1,7,-6,13,215,4.209495,0.10083,0.921875,0.525613,0.52845
hiero_1061,1,7,-6,30,216,3.723359,0.095947,1.631579,0.49177,0.399571
hiero_1062,1,4,-3,5,193,3.49134,0.082031,2.206897,0.488142,0.389788
hiero_1063,1,4,-3,0,330,3.933281,0.095215,0.84375,0.496995,0.514503
hiero_1064,2,1,1,0,258,3.414,0.077881,0.375,0.552851,0.428879
hiero_1065,1,3,-2,2,185,2.474874,0.068359,0.34375,0.491574,0.424442
hiero_1066,2,0,2,4,29,1.646233,0.036377,0.25,0.538905,0.485109
hiero_1067,2,1,1,4,23,1.635184,0.037109,0.1875,0.515419,0.49815
hiero_1068,1,2,-1,2,212,2.474874,0.060547,0.3125,0.488974,0.536479
hiero_1069,1,4,-3,0,248,3.082544,0.074951,0.428571,0.493791,0.532115
hiero_1070,2,0,2,5,181,2.419631,0.056152,0.265625,0.478804,0.479144
hiero_1071,1,1,0,4,24,1.347922,0.083496,0.575,0.484375,0.492188
