image_id,gardiner_code,filename
hiero_0000,,hiero_0000.png
hiero_0001,,hiero_0001.png
hiero_0002,,hiero_0002.png
hiero_0003,,hiero_0003.png
hiero_0004,,hiero_0004.png
hiero_0005,,hiero_0005.png
hiero_0006,,hiero_0006.png
hiero_0007,,hiero_0007.png
hiero_0008,,hiero_0008.png
hiero_0009,,hiero_0009.png
hiero_0010,,hiero_0010.png
hiero_0011,,hiero_0011.png
hiero_0012,,hiero_0012.png
hiero_0013,,hiero_0013.png
hiero_0014,,hiero_0014.png
hiero_0015,,hiero_0015.png
hiero_0016,,hiero_0016.png
hiero_0017,,hiero_0017.png
hiero_0018,,hiero_0018.png
hiero_0019,,hiero_0019.png
hiero_0020,,hiero_0020.png
hiero_0021,,hiero_0021.png
hiero_0022,,hiero_0022.png
hiero_0023,,hiero_0023.png
hiero_0024,,hiero_0024.png
hiero_0025,,hiero_0025.png
hiero_0026,,hiero_0026.png
hiero_0027,,hiero_0027.png
hiero_0028,,hiero_0028.png
hiero_0029,,hiero_0029.png
hiero_0030,,hiero_0030.png
hiero_0031,,hiero_0031.png
hiero_0032,,hiero_0032.png
hiero_0033,,hiero_0033.png
hiero_0034,,hiero_0034.png
hiero_0035,,hiero_0035.png
hiero_0036,,hiero_0036.png
hiero_0037,,hiero_0037.png
hiero_0038,,hiero_0038.png
hiero_0039,,hiero_0039.png
hiero_0040,,hiero_0040.png
hiero_0041,,hiero_0041.png
hiero_0042,,hiero_0042.png
hiero_0043,,hiero_0043.png
hiero_0044,,hiero_0044.png
hiero_0045,,hiero_0045.png
hiero_0046,,hiero_0046.png
hiero_0047,,hiero_0047.png
hiero_0048,,hiero_0048.png
hiero_0049,,hiero_0049.png
hiero_0050,,hiero_0050.png
hiero_0051,,hiero_0051.png
hiero_0052,,hiero_0052.png
hiero_0053,,hiero_0053.png
hiero_0054,,hiero_0054.png
hiero_0055,,hiero_0055.png
hiero_0056,,hiero_0056.png
hiero_0057,,hiero_0057.png
hiero_0058,,hiero_0058.png
hiero_0059,,hiero_0059.png
hiero_0060,,hiero_0060.png
hiero_0061,,hiero_0061.png
hiero_0062,,hiero_0062.png
hiero_0063,,hiero_0063.png
hiero_0064,,hiero_0064.png
hiero_0065,,hiero_0065.png
hiero_0066,,hiero_0066.png
hiero_0067,,hiero_0067.png
hiero_0068,,hiero_0068.png
hiero_0069,,hiero_0069.png
hiero_0070,,hiero_0070.png
hiero_0071,,hiero_0071.png
hiero_0072,,hiero_0072.png
hiero_0073,,hiero_0073.png
hiero_0074,,hiero_0074.png
hiero_0075,,hiero_0075.png
hiero_0076,,hiero_0076.png
hiero_0077,,hiero_0077.png
hiero_0078,,hiero_0078.png
hiero_0079,,hiero_0079.png
hiero_0080,,hiero_0080.png
hiero_0081,,hiero_0081.png
hiero_0082,,hiero_0082.png
hiero_0083,,hiero_0083.png
hiero_0084,,hiero_0084.png
hiero_0085,,hiero_0085.png
hiero_0086,,hiero_0086.png
hiero_0087,,hiero_0087.png
hiero_0088,,hiero_0088.png
hiero_0089,,hiero_0089.png
hiero_0090,,hiero_0090.png
hiero_0091,,hiero_0091.png
hiero_0092,,hiero_0092.png
hiero_0093,,hiero_0093.png
hiero_0094,,hiero_0094.png
hiero_0095,,hiero_0095.png
hiero_0096,,hiero_0096.png
hiero_0097,,hiero_0097.png
hiero_0098,,hiero_0098.png
hiero_0099,,hiero_0099.png
hiero_0100,,hiero_0100.png
hiero_0101,,hiero_0101.png
hiero_0102,,hiero_0102.png
hiero_0103,,hiero_0103.png
hiero_0104,,hiero_0104.png
hiero_0105,,hiero_0105.png
hiero_0106,,hiero_0106.png
hiero_0107,,hiero_0107.png
hiero_0108,,hiero_0108.png
hiero_0109,,hiero_0109.png
hiero_0110,,hiero_0110.png
hiero_0111,,hiero_0111.png
hiero_0112,,hiero_0112.png
hiero_0113,,hiero_0113.png
hiero_0114,,hiero_0114.png
hiero_0115,,hiero_0115.png
hiero_0116,,hiero_0116.png
hiero_0117,,hiero_0117.png
hiero_0118,,hiero_0118.png
hiero_0119,,hiero_0119.png
hiero_0120,,hiero_0120.png
hiero_0121,,hiero_0121.png
hiero_0122,,hiero_0122.png
hiero_0123,,hiero_0123.png
hiero_0124,,hiero_0124.png
hiero_0125,,hiero_0125.png
hiero_0126,,hiero_0126.png
hiero_0127,,hiero_0127.png
hiero_0128,,hiero_0128.png
hiero_0129,,hiero_0129.png
hiero_0130,,hiero_0130.png
hiero_0131,,hiero_0131.png
hiero_0132,,hiero_0132.png
hiero_0133,,hiero_0133.png
hiero_0134,,hiero_0134.png
hiero_0135,,hiero_0135.png
hiero_0136,,hiero_0136.png
hiero_0137,,hiero_0137.png
hiero_0138,,hiero_0138.png
hiero_0139,,hiero_0139.png
hiero_0140,,hiero_0140.png
hiero_0141,,hiero_0141.png
hiero_0142,,hiero_0142.png
hiero_0143,,hiero_0143.png
hiero_0144,,hiero_0144.png
hiero_0145,,hiero_0145.png
hiero_0146,,hiero_0146.png
hiero_0147,,hiero_0147.png
hiero_0148,,hiero_0148.png
hiero_0149,,hiero_0149.png
hiero_0150,,hiero_0150.png
hiero_0151,,hiero_0151.png
hiero_0152,,hiero_0152.png
hiero_0153,,hiero_0153.png
hiero_0154,,hiero_0154.png
hiero_0155,,hiero_0155.png
hiero_0156,,hiero_0156.png
hiero_0157,,hiero_0157.png
hiero_0158,,hiero_0158.png
hiero_0159,,hiero_0159.png
hiero_0160,,hiero_0160.png
hiero_0161,,hiero_0161.png
hiero_0162,,hiero_0162.png
hiero_0163,,hiero_0163.png
hiero_0164,,hiero_0164.png
hiero_0165,,hiero_0165.png
hiero_0166,,hiero_0166.png
hiero_0167,,hiero_0167.png
hiero_0168,,hiero_0168.png
hiero_0169,,hiero_0169.png
hiero_0170,,hiero_0170.png
hiero_0171,,hiero_0171.png
hiero_0172,,hiero_0172.png
hiero_0173,,hiero_0173.png
hiero_0174,,hiero_0174.png
hiero_0175,,hiero_0175.png
hiero_0176,,hiero_0176.png
hiero_0177,,hiero_0177.png
hiero_0178,,hiero_0178.png
hiero_0179,,hiero_0179.png
hiero_0180,,hiero_0180.png
hiero_0181,,hiero_0181.png
hiero_0182,,hiero_0182.png
hiero_0183,,hiero_0183.png
hiero_0184,,hiero_0184.png
hiero_0185,,hiero_0185.png
hiero_0186,,hiero_0186.png
hiero_0187,,hiero_0187.png
hiero_0188,,hiero_0188.png
hiero_0189,,hiero_0189.png
hiero_0190,,hiero_0190.png
hiero_0191,,hiero_0191.png
hiero_0192,,hiero_0192.png
hiero_0193,,hiero_0193.png
hiero_0194,,hiero_0194.png
hiero_0195,,hiero_0195.png
hiero_0196,,hiero_0196.png
hiero_0197,,hiero_0197.png
hiero_0198,,hiero_0198.png
hiero_0199,,hiero_0199.png
hiero_0200,,hiero_0200.png
hiero_0201,,hiero_0201.png
hiero_0202,,hiero_0202.png
hiero_0203,,hiero_0203.png
hiero_0204,,hiero_0204.png
hiero_0205,,hiero_0205.png
hiero_0206,,hiero_0206.png
hiero_0207,,hiero_0207.png
hiero_0208,,hiero_0208.png
hiero_0209,,hiero_0209.png
hiero_0210,,hiero_0210.png
hiero_0211,,hiero_0211.png
hiero_0212,,hiero_0212.png
hiero_0213,,hiero_0213.png
hiero_0214,,hiero_0214.png
hiero_0215,,hiero_0215.png
hiero_0216,,hiero_0216.png
hiero_0217,,hiero_0217.png
hiero_0218,,hiero_0218.png
hiero_0219,,hiero_0219.png
hiero_0220,,hiero_0220.png
hiero_0221,,hiero_0221.png
hiero_0222,,hiero_0222.png
hiero_0223,,hiero_0223.png
hiero_0224,,hiero_0224.png
hiero_0225,,hiero_0225.png
hiero_0226,,hiero_0226.png
hiero_0227,,hiero_0227.png
hiero_0228,,hiero_0228.png
hiero_0229,,hiero_0229.png
hiero_0230,,hiero_0230.png
hiero_0231,,hiero_0231.png
hiero_0232,,hiero_0232.png
hiero_0233,,hiero_0233.png
hiero_0234,,hiero_0234.png
hiero_0235,,hiero_0235.png
hiero_0236,,hiero_0236.png
hiero_0237,,hiero_0237.png
hiero_0238,,hiero_0238.png
hiero_0239,,hiero_0239.png
hiero_0240,,hiero_0240.png
hiero_0241,,hiero_0241.png
hiero_0242,,hiero_0242.png
hiero_0243,,hiero_0243.png
hiero_0244,,hiero_0244.png
hiero_0245,,hiero_0245.png
hiero_0246,,hiero_0246.png
hiero_0247,,hiero_0247.png
hiero_0248,,hiero_0248.png
hiero_0249,,hiero_0249.png
hiero_0250,,hiero_0250.png
hiero_0251,,hiero_0251.png
hiero_0252,,hiero_0252.png
hiero_0253,,hiero_0253.png
hiero_0254,,hiero_0254.png
hiero_0255,,hiero_0255.png
hiero_0256,,hiero_0256.png
hiero_0257,,hiero_0257.png
hiero_0258,,hiero_0258.png
hiero_0259,,hiero_0259.png
hiero_0260,,hiero_0260.png
hiero_0261,,hiero_0261.png
hiero_0262,,hiero_0262.png
hiero_0263,,hiero_0263.png
hiero_0264,,hiero_0264.png
hiero_0265,,hiero_0265.png
hiero_0266,,hiero_0266.png
hiero_0267,,hiero_0267.png
hiero_0268,,hiero_0268.png
hiero_0269,,hiero_0269.png
hiero_0270,,hiero_0270.png
hiero_0271,,hiero_0271.png
hiero_0272,,hiero_0272.png
hiero_0273,,hiero_0273.png
hiero_0274,,hiero_0274.png
hiero_0275,,hiero_0275.png
hiero_0276,,hiero_0276.png
hiero_0277,,hiero_0277.png
hiero_0278,,hiero_0278.png
hiero_0279,,hiero_0279.png
hiero_0280,,hiero_0280.png
hiero_0281,,hiero_0281.png
hiero_0282,,hiero_0282.png
hiero_0283,,hiero_0283.png
hiero_0284,,hiero_0284.png
hiero_0285,,hiero_0285.png
hiero_0286,,hiero_0286.png
hiero_0287,,hiero_0287.png
hiero_0288,,hiero_0288.png
hiero_0289,,hiero_0289.png
hiero_0290,,hiero_0290.png
hiero_0291,,hiero_0291.png
hiero_0292,,hiero_0292.png
hiero_0293,,hiero_0293.png
hiero_0294,,hiero_0294.png
hiero_0295,,hiero_0295.png
hiero_0296,,hiero_0296.png
hiero_0297,,hiero_0297.png
hiero_0298,,hiero_0298.png
hiero_0299,,hiero_0299.png
hiero_0300,,hiero_0300.png
hiero_0301,,hiero_0301.png
hiero_0302,,hiero_0302.png
hiero_0303,,hiero_0303.png
hiero_0304,,hiero_0304.png
hiero_0305,,hiero_0305.png
hiero_0306,,hiero_0306.png
hiero_0307,,hiero_0307.png
hiero_0308,,hiero_0308.png
hiero_0309,,hiero_0309.png
hiero_0310,,hiero_0310.png
hiero_0311,,hiero_0311.png
hiero_0312,,hiero_0312.png
hiero_0313,,hiero_0313.png
hiero_0314,,hiero_0314.png
hiero_0315,,hiero_0315.png
hiero_0316,,hiero_0316.png
hiero_0317,,hiero_0317.png
hiero_0318,,hiero_0318.png
hiero_0319,,hiero_0319.png
hiero_0320,,hiero_0320.png
hiero_0321,,hiero_0321.png
hiero_0322,,hiero_0322.png
hiero_0323,,hiero_0323.png
hiero_0324,,hiero_0324.png
hiero_0325,,hiero_0325.png
hiero_0326,,hiero_0326.png
hiero_0327,,hiero_0327.png
hiero_0328,,hiero_0328.png
hiero_0329,,hiero_0329.png
hiero_0330,,hiero_0330.png
hiero_0331,,hiero_0331.png
hiero_0332,,hiero_0332.png
hiero_0333,,hiero_0333.png
hiero_0334,,hiero_0334.png
hiero_0335,,hiero_0335.png
hiero_0336,,hiero_0336.png
hiero_0337,,hiero_0337.png
hiero_0338,,hiero_0338.png
hiero_0339,,hiero_0339.png
hiero_0340,,hiero_0340.png
hiero_0341,,hiero_0341.png
hiero_0342,,hiero_0342.png
hiero_0343,,hiero_0343.png
hiero_0344,,hiero_0344.png
hiero_0345,,hiero_0345.png
hiero_0346,,hiero_0346.png
hiero_0347,,hiero_0347.png
hiero_0348,,hiero_0348.png
hiero_0349,,hiero_0349.png
hiero_0350,,hiero_0350.png
hiero_0351,,hiero_0351.png
hiero_0352,,hiero_0352.png
hiero_0353,,hiero_0353.png
hiero_0354,,hiero_0354.png
hiero_0355,,hiero_0355.png
hiero_0356,,hiero_0356.png
hiero_0357,,hiero_0357.png
hiero_0358,,hiero_0358.png
hiero_0359,,hiero_0359.png
hiero_0360,,hiero_0360.png
hiero_0361,,hiero_0361.png
hiero_0362,,hiero_0362.png
hiero_0363,,hiero_0363.png
hiero_0364,,hiero_0364.png
hiero_0365,,hiero_0365.png
hiero_0366,,hiero_0366.png
hiero_0367,,hiero_0367.png
hiero_0368,,hiero_0368.png
hiero_0369,,hiero_0369.png
hiero_0370,,hiero_0370.png
hiero_0371,,hiero_0371.png
hiero_0372,,hiero_0372.png
hiero_0373,,hiero_0373.png
hiero_0374,,hiero_0374.png
hiero_0375,,hiero_0375.png
hiero_0376,,hiero_0376.png
hiero_0377,,hiero_0377.png
hiero_0378,,hiero_0378.png
hiero_0379,,hiero_0379.png
hiero_0380,,hiero_0380.png
hiero_0381,,hiero_0381.png
hiero_0382,,hiero_0382.png
hiero_0383,,hiero_0383.png
hiero_0384,,hiero_0384.png
hiero_0385,,hiero_0385.png
hiero_0386,,hiero_0386.png
hiero_0387,,hiero_0387.png
hiero_0388,,hiero_0388.png
hiero_0389,,hiero_0389.png
hiero_0390,,hiero_0390.png
hiero_0391,,hiero_0391.png
hiero_0392,,hiero_0392.png
hiero_0393,,hiero_0393.png
hiero_0394,,hiero_0394.png
hiero_0395,,hiero_0395.png
hiero_0396,,hiero_0396.png
hiero_0397,,hiero_0397.png
hiero_0398,,hiero_0398.png
hiero_0399,,hiero_0399.png
hiero_0400,,hiero_0400.png
hiero_0401,,hiero_0401.png
hiero_0402,,hiero_0402.png
hiero_0403,,hiero_0403.png
hiero_0404,,hiero_0404.png
hiero_0405,,hiero_0405.png
hiero_0406,,hiero_0406.png
hiero_0407,,hiero_0407.png
hiero_0408,,hiero_0408.png
hiero_0409,,hiero_0409.png
hiero_0410,,hiero_0410.png
hiero_0411,,hiero_0411.png
hiero_0412,,hiero_0412.png
hiero_0413,,hiero_0413.png
hiero_0414,,hiero_0414.png
hiero_0415,,hiero_0415.png
hiero_0416,,hiero_0416.png
hiero_0417,,hiero_0417.png
hiero_0418,,hiero_0418.png
hiero_0419,,hiero_0419.png
hiero_0420,,hiero_0420.png
hiero_0421,,hiero_0421.png
hiero_0422,,hiero_0422.png
hiero_0423,,hiero_0423.png
hiero_0424,,hiero_0424.png
hiero_0425,,hiero_0425.png
hiero_0426,,hiero_0426.png
hiero_0427,,hiero_0427.png
hiero_0428,,hiero_0428.png
hiero_0429,,hiero_0429.png
hiero_0430,,hiero_0430.png
hiero_0431,,hiero_0431.png
hiero_0432,,hiero_0432.png
hiero_0433,,hiero_0433.png
hiero_0434,,hiero_0434.png
hiero_0435,,hiero_0435.png
hiero_0436,,hiero_0436.png
hiero_0437,,hiero_0437.png
hiero_0438,,hiero_0438.png
hiero_0439,,hiero_0439.png
hiero_0440,,hiero_0440.png
hiero_0441,,hiero_0441.png
hiero_0442,,hiero_0442.png
hiero_0443,,hiero_0443.png
hiero_0444,,hiero_0444.png
hiero_0445,,hiero_0445.png
hiero_0446,,hiero_0446.png
hiero_0447,,hiero_0447.png
hiero_0448,,hiero_0448.png
hiero_0449,,hiero_0449.png
hiero_0450,,hiero_0450.png
hiero_0451,,hiero_0451.png
hiero_0452,,hiero_0452.png
hiero_0453,,hiero_0453.png
hiero_0454,,hiero_0454.png
hiero_0455,,hiero_0455.png
hiero_0456,,hiero_0456.png
hiero_0457,,hiero_0457.png
hiero_0458,,hiero_0458.png
hiero_0459,,hiero_0459.png
hiero_0460,,hiero_0460.png
hiero_0461,,hiero_0461.png
hiero_0462,,hiero_0462.png
hiero_0463,,hiero_0463.png
hiero_0464,,hiero_0464.png
hiero_0465,,hiero_0465.png
hiero_0466,,hiero_0466.png
hiero_0467,,hiero_0467.png
hiero_0468,,hiero_0468.png
hiero_0469,,hiero_0469.png
hiero_0470,,hiero_0470.png
hiero_0471,,hiero_0471.png
hiero_0472,,hiero_0472.png
hiero_0473,,hiero_0473.png
hiero_0474,,hiero_0474.png
hiero_0475,,hiero_0475.png
hiero_0476,,hiero_0476.png
hiero_0477,,hiero_0477.png
hiero_0478,,hiero_0478.png
hiero_0479,,hiero_0479.png
hiero_0480,,hiero_0480.png
hiero_0481,,hiero_0481.png
hiero_0482,,hiero_0482.png
hiero_0483,,hiero_0483.png
hiero_0484,,hiero_0484.png
hiero_0485,,hiero_0485.png
hiero_0486,,hiero_0486.png
hiero_0487,,hiero_0487.png
hiero_0488,,hiero_0488.png
hiero_0489,,hiero_0489.png
hiero_0490,,hiero_0490.png
hiero_0491,,hiero_0491.png
hiero_0492,,hiero_0492.png
hiero_0493,,hiero_0493.png
hiero_0494,,hiero_0494.png
hiero_0495,,hiero_0495.png
hiero_0496,,hiero_0496.png
hiero_0497,,hiero_0497.png
hiero_0498,,hiero_0498.png
hiero_0499,,hiero_0499.png
hiero_0500,,hiero_0500.png
hiero_0501,,hiero_0501.png
hiero_0502,,hiero_0502.png
hiero_0503,,hiero_0503.png
hiero_0504,,hiero_0504.png
hiero_0505,,hiero_0505.png
hiero_0506,,hiero_0506.png
hiero_0507,,hiero_0507.png
hiero_0508,,hiero_0508.png
hiero_0509,,hiero_0509.png
hiero_0510,,hiero_0510.png
hiero_0511,,hiero_0511.png
hiero_0512,,hiero_0512.png
hiero_0513,,hiero_0513.png
hiero_0514,,hiero_0514.png
hiero_0515,,hiero_0515.png
hiero_0516,,hiero_0516.png
hiero_0517,,hiero_0517.png
hiero_0518,,hiero_0518.png
hiero_0519,,hiero_0519.png
hiero_0520,,hiero_0520.png
hiero_0521,,hiero_0521.png
hiero_0522,,hiero_0522.png
hiero_0523,,hiero_0523.png
hiero_0524,,hiero_0524.png
hiero_0525,,hiero_0525.png
hiero_0526,,hiero_0526.png
hiero_0527,,hiero_0527.png
hiero_0528,,hiero_0528.png
hiero_0529,,hiero_0529.png
hiero_0530,,hiero_0530.png
hiero_0531,,hiero_0531.png
hiero_0532,,hiero_0532.png
hiero_0533,,hiero_0533.png
hiero_0534,,hiero_0534.png
hiero_0535,,hiero_0535.png
hiero_0536,,hiero_0536.png
hiero_0537,,hiero_0537.png
hiero_0538,,hiero_0538.png
hiero_0539,,hiero_0539.png
hiero_0540,,hiero_0540.png
hiero_0541,,hiero_0541.png
hiero_0542,,hiero_0542.png
hiero_0543,,hiero_0543.png
hiero_0544,,hiero_0544.png
hiero_0545,,hiero_0545.png
hiero_0546,,hiero_0546.png
hiero_0547,,hiero_0547.png
hiero_0548,,hiero_0548.png
hiero_0549,,hiero_0549.png
hiero_0550,,hiero_0550.png
hiero_0551,,hiero_0551.png
hiero_0552,,hiero_0552.png
hiero_0553,,hiero_0553.png
hiero_0554,,hiero_0554.png
hiero_0555,,hiero_0555.png
hiero_0556,,hiero_0556.png
hiero_0557,,hiero_0557.png
hiero_0558,,hiero_0558.png
hiero_0559,,hiero_0559.png
hiero_0560,,hiero_0560.png
hiero_0561,,hiero_0561.png
hiero_0562,,hiero_0562.png
hiero_0563,,hiero_0563.png
hiero_0564,,hiero_0564.png
hiero_0565,,hiero_0565.png
hiero_0566,,hiero_0566.png
hiero_0567,,hiero_0567.png
hiero_0568,,hiero_0568.png
hiero_0569,,hiero_0569.png
hiero_0570,,hiero_0570.png
hiero_0571,,hiero_0571.png
hiero_0572,,hiero_0572.png
hiero_0573,,hiero_0573.png
hiero_0574,,hiero_0574.png
hiero_0575,,hiero_0575.png
hiero_0576,,hiero_0576.png
hiero_0577,,hiero_0577.png
hiero_0578,,hiero_0578.png
hiero_0579,,hiero_0579.png
hiero_0580,,hiero_0580.png
hiero_0581,,hiero_0581.png
hiero_0582,,hiero_0582.png
hiero_0583,,hiero_0583.png
hiero_0584,,hiero_0584.png
hiero_0585,,hiero_0585.png
hiero_0586,,hiero_0586.png
hiero_0587,,hiero_0587.png
hiero_0588,,hiero_0588.png
hiero_0589,,hiero_0589.png
hiero_0590,,hiero_0590.png
hiero_0591,,hiero_0591.png
hiero_0592,,hiero_0592.png
hiero_0593,,hiero_0593.png
hiero_0594,,hiero_0594.png
hiero_0595,,hiero_0595.png
hiero_0596,,hiero_0596.png
hiero_0597,,hiero_0597.png
hiero_0598,,hiero_0598.png
hiero_0599,,hiero_0599.png
hiero_0600,,hiero_0600.png
hiero_0601,,hiero_0601.png
hiero_0602,,hiero_0602.png
hiero_0603,,hiero_0603.png
hiero_0604,,hiero_0604.png
hiero_0605,,hiero_0605.png
hiero_0606,,hiero_0606.png
hiero_0607,,hiero_0607.png
hiero_0608,,hiero_0608.png
hiero_0609,,hiero_0609.png
hiero_0610,,hiero_0610.png
hiero_0611,,hiero_0611.png
hiero_0612,,hiero_0612.png
hiero_0613,,hiero_0613.png
hiero_0614,,hiero_0614.png
hiero_0615,,hiero_0615.png
hiero_0616,,hiero_0616.png
hiero_0617,,hiero_0617.png
hiero_0618,,hiero_0618.png
hiero_0619,,hiero_0619.png
hiero_0620,,hiero_0620.png
hiero_0621,,hiero_0621.png
hiero_0622,,hiero_0622.png
hiero_0623,,hiero_0623.png
hiero_0624,,hiero_0624.png
hiero_0625,,hiero_0625.png
hiero_0626,,hiero_0626.png
hiero_0627,,hiero_0627.png
hiero_0628,,hiero_0628.png
hiero_0629,,hiero_0629.png
hiero_0630,,hiero_0630.png
hiero_0631,,hiero_0631.png
hiero_0632,,hiero_0632.png
hiero_0633,,hiero_0633.png
hiero_0634,,hiero_0634.png
hiero_0635,,hiero_0635.png
hiero_0636,,hiero_0636.png
hiero_0637,,hiero_0637.png
hiero_0638,,hiero_0638.png
hiero_0639,,hiero_0639.png
hiero_0640,,hiero_0640.png
hiero_0641,,hiero_0641.png
hiero_0642,,hiero_0642.png
hiero_0643,,hiero_0643.png
hiero_0644,,hiero_0644.png
hiero_0645,,hiero_0645.png
hiero_0646,,hiero_0646.png
hiero_0647,,hiero_0647.png
hiero_0648,,hiero_0648.png
hiero_0649,,hiero_0649.png
hiero_0650,,hiero_0650.png
hiero_0651,,hiero_0651.png
hiero_0652,,hiero_0652.png
hiero_0653,,hiero_0653.png
hiero_0654,,hiero_0654.png
hiero_0655,,hiero_0655.png
hiero_0656,,hiero_0656.png
hiero_0657,,hiero_0657.png
hiero_0658,,hiero_0658.png
hiero_0659,,hiero_0659.png
hiero_0660,,hiero_0660.png
hiero_0661,,hiero_0661.png
hiero_0662,,hiero_0662.png
hiero_0663,,hiero_0663.png
hiero_0664,,hiero_0664.png
hiero_0665,,hiero_0665.png
hiero_0666,,hiero_0666.png
hiero_0667,,hiero_0667.png
hiero_0668,,hiero_0668.png
hiero_0669,,hiero_0669.png
hiero_0670,,hiero_0670.png
hiero_0671,,hiero_0671.png
hiero_0672,,hiero_0672.png
hiero_0673,,hiero_0673.png
hiero_0674,,hiero_0674.png
hiero_0675,,hiero_0675.png
hiero_0676,,hiero_0676.png
hiero_0677,,hiero_0677.png
hiero_0678,,hiero_0678.png
hiero_0679,,hiero_0679.png
hiero_0680,,hiero_0680.png
hiero_0681,,hiero_0681.png
hiero_0682,,hiero_0682.png
hiero_0683,,hiero_0683.png
hiero_0684,,hiero_0684.png
hiero_0685,,hiero_0685.png
hiero_0686,,hiero_0686.png
hiero_0687,,hiero_0687.png
hiero_0688,,hiero_0688.png
hiero_0689,,hiero_0689.png
hiero_0690,,hiero_0690.png
hiero_0691,,hiero_0691.png
hiero_0692,,hiero_0692.png
hiero_0693,,hiero_0693.png
hiero_0694,,hiero_0694.png
hiero_0695,,hiero_0695.png
hiero_0696,,hiero_0696.png
hiero_0697,,hiero_0697.png
hiero_0698,,hiero_0698.png
hiero_0699,,hiero_0699.png
hiero_0700,,hiero_0700.png
hiero_0701,,hiero_0701.png
hiero_0702,,hiero_0702.png
hiero_0703,,hiero_0703.png
hiero_0704,,hiero_0704.png
hiero_0705,,hiero_0705.png
hiero_0706,,hiero_0706.png
hiero_0707,,hiero_0707.png
hiero_0708,,hiero_0708.png
hiero_0709,,hiero_0709.png
hiero_0710,,hiero_0710.png
hiero_0711,,hiero_0711.png
hiero_0712,,hiero_0712.png
hiero_0713,,hiero_0713.png
hiero_0714,,hiero_0714.png
hiero_0715,,hiero_0715.png
hiero_0716,,hiero_0716.png
hiero_0717,,hiero_0717.png
hiero_0718,,hiero_0718.png
hiero_0719,,hiero_0719.png
hiero_0720,,hiero_0720.png
hiero_0721,,hiero_0721.png
hiero_0722,,hiero_0722.png
hiero_0723,,hiero_0723.png
hiero_0724,,hiero_0724.png
hiero_0725,,hiero_0725.png
hiero_0726,,hiero_0726.png
hiero_0727,,hiero_0727.png
hiero_0728,,hiero_0728.png
hiero_0729,,hiero_0729.png
hiero_0730,,hiero_0730.png
hiero_0731,,hiero_0731.png
hiero_0732,,hiero_0732.png
hiero_0733,,hiero_0733.png
hiero_0734,,hiero_0734.png
hiero_0735,,hiero_0735.png
hiero_0736,,hiero_0736.png
hiero_0737,,hiero_0737.png
hiero_0738,,hiero_0738.png
hiero_0739,,hiero_0739.png
hiero_0740,,hiero_0740.png
hiero_0741,,hiero_0741.png
hiero_0742,,hiero_0742.png
hiero_0743,,hiero_0743.png
hiero_0744,,hiero_0744.png
hiero_0745,,hiero_0745.png
hiero_0746,,hiero_0746.png
hiero_0747,,hiero_0747.png
hiero_0748,,hiero_0748.png
hiero_0749,,hiero_0749.png
hiero_0750,,hiero_0750.png
hiero_0751,,hiero_0751.png
hiero_0752,,hiero_0752.png
hiero_0753,,hiero_0753.png
hiero_0754,,hiero_0754.png
hiero_0755,,hiero_0755.png
hiero_0756,,hiero_0756.png
hiero_0757,,hiero_0757.png
hiero_0758,,hiero_0758.png
hiero_0759,,hiero_0759.png
hiero_0760,,hiero_0760.png
hiero_0761,,hiero_0761.png
hiero_0762,,hiero_0762.png
hiero_0763,,hiero_0763.png
hiero_0764,,hiero_0764.png
hiero_0765,,hiero_0765.png
hiero_0766,,hiero_0766.png
hiero_0767,,hiero_0767.png
hiero_0768,,hiero_0768.png
hiero_0769,,hiero_0769.png
hiero_0770,,hiero_0770.png
hiero_0771,,hiero_0771.png
hiero_0772,,hiero_0772.png
hiero_0773,,hiero_0773.png
hiero_0774,,hiero_0774.png
hiero_0775,,hiero_0775.png
hiero_0776,,hiero_0776.png
hiero_0777,,hiero_0777.png
hiero_0778,,hiero_0778.png
hiero_0779,,hiero_0779.png
hiero_0780,,hiero_0780.png
hiero_0781,,hiero_0781.png
hiero_0782,,hiero_0782.png
hiero_0783,,hiero_0783.png
hiero_0784,,hiero_0784.png
hiero_0785,,hiero_0785.png
hiero_0786,,hiero_0786.png
hiero_0787,,hiero_0787.png
hiero_0788,,hiero_0788.png
hiero_0789,,hiero_0789.png
hiero_0790,,hiero_0790.png
hiero_0791,,hiero_0791.png
hiero_0792,,hiero_0792.png
hiero_0793,,hiero_0793.png
hiero_0794,,hiero_0794.png
hiero_0795,,hiero_0795.png
hiero_0796,,hiero_0796.png
hiero_0797,,hiero_0797.png
hiero_0798,,hiero_0798.png
hiero_0799,,hiero_0799.png
hiero_0800,,hiero_0800.png
hiero_0801,,hiero_0801.png
hiero_0802,,hiero_0802.png
hiero_0803,,hiero_0803.png
hiero_0804,,hiero_0804.png
hiero_0805,,hiero_0805.png
hiero_0806,,hiero_0806.png
hiero_0807,,hiero_0807.png
hiero_0808,,hiero_0808.png
hiero_0809,,hiero_0809.png
hiero_0810,,hiero_0810.png
hiero_0811,,hiero_0811.png
hiero_0812,,hiero_0812.png
hiero_0813,,hiero_0813.png
hiero_0814,,hiero_0814.png
hiero_0815,,hiero_0815.png
hiero_0816,,hiero_0816.png
hiero_0817,,hiero_0817.png
hiero_0818,,hiero_0818.png
hiero_0819,,hiero_0819.png
hiero_0820,,hiero_0820.png
hiero_0821,,hiero_0821.png
hiero_0822,,hiero_0822.png
hiero_0823,,hiero_0823.png
hiero_0824,,hiero_0824.png
hiero_0825,,hiero_0825.png
hiero_0826,,hiero_0826.png
hiero_0827,,hiero_0827.png
hiero_0828,,hiero_0828.png
hiero_0829,,hiero_0829.png
hiero_0830,,hiero_0830.png
hiero_0831,,hiero_0831.png
hiero_0832,,hiero_0832.png
hiero_0833,,hiero_0833.png
hiero_0834,,hiero_0834.png
hiero_0835,,hiero_0835.png
hiero_0836,,hiero_0836.png
hiero_0837,,hiero_0837.png
hiero_0838,,hiero_0838.png
hiero_0839,,hiero_0839.png
hiero_0840,,hiero_0840.png
hiero_0841,,hiero_0841.png
hiero_0842,,hiero_0842.png
hiero_0843,,hiero_0843.png
hiero_0844,,hiero_0844.png
hiero_0845,,hiero_0845.png
hiero_0846,,hiero_0846.png
hiero_0847,,hiero_0847.png
hiero_0848,,hiero_0848.png
hiero_0849,,hiero_0849.png
hiero_0850,,hiero_0850.png
hiero_0851,,hiero_0851.png
hiero_0852,,hiero_0852.png
hiero_0853,,hiero_0853.png
hiero_0854,,hiero_0854.png
hiero_0855,,hiero_0855.png
hiero_0856,,hiero_0856.png
hiero_0857,,hiero_0857.png
hiero_0858,,hiero_0858.png
hiero_0859,,hiero_0859.png
hiero_0860,,hiero_0860.png
hiero_0861,,hiero_0861.png
hiero_0862,,hiero_0862.png
hiero_0863,,hiero_0863.png
hiero_0864,,hiero_0864.png
hiero_0865,,hiero_0865.png
hiero_0866,,hiero_0866.png
hiero_0867,,hiero_0867.png
hiero_0868,,hiero_0868.png
hiero_0869,,hiero_0869.png
hiero_0870,,hiero_0870.png
hiero_0871,,hiero_0871.png
hiero_0872,,hiero_0872.png
hiero_0873,,hiero_0873.png
hiero_0874,,hiero_0874.png
hiero_0875,,hiero_0875.png
hiero_0876,,hiero_0876.png
hiero_0877,,hiero_0877.png
hiero_0878,,hiero_0878.png
hiero_0879,,hiero_0879.png
hiero_0880,,hiero_0880.png
hiero_0881,,hiero_0881.png
hiero_0882,,hiero_0882.png
hiero_0883,,hiero_0883.png
hiero_0884,,hiero_0884.png
hiero_0885,,hiero_0885.png
hiero_0886,,hiero_0886.png
hiero_0887,,hiero_0887.png
hiero_0888,,hiero_0888.png
hiero_0889,,hiero_0889.png
hiero_0890,,hiero_0890.png
hiero_0891,,hiero_0891.png
hiero_0892,,hiero_0892.png
hiero_0893,,hiero_0893.png
hiero_0894,,hiero_0894.png
hiero_0895,,hiero_0895.png
hiero_0896,,hiero_0896.png
hiero_0897,,hiero_0897.png
hiero_0898,,hiero_0898.png
hiero_0899,,hiero_0899.png
hiero_0900,,hiero_0900.png
hiero_0901,,hiero_0901.png
hiero_0902,,hiero_0902.png
hiero_0903,,hiero_0903.png
hiero_0904,,hiero_0904.png
hiero_0905,,hiero_0905.png
hiero_0906,,hiero_0906.png
hiero_0907,,hiero_0907.png
hiero_0908,,hiero_0908.png
hiero_0909,,hiero_0909.png
hiero_0910,,hiero_0910.png
hiero_0911,,hiero_0911.png
hiero_0912,,hiero_0912.png
hiero_0913,,hiero_0913.png
hiero_0914,,hiero_0914.png
hiero_0915,,hiero_0915.png
hiero_0916,,hiero_0916.png
hiero_0917,,hiero_0917.png
hiero_0918,,hiero_0918.png
hiero_0919,,hiero_0919.png
hiero_0920,,hiero_0920.png
hiero_0921,,hiero_0921.png
hiero_0922,,hiero_0922.png
hiero_0923,,hiero_0923.png
hiero_0924,,hiero_0924.png
hiero_0925,,hiero_0925.png
hiero_0926,,hiero_0926.png
hiero_0927,,hiero_0927.png
hiero_0928,,hiero_0928.png
hiero_0929,,hiero_0929.png
hiero_0930,,hiero_0930.png
hiero_0931,,hiero_0931.png
hiero_0932,,hiero_0932.png
hiero_0933,,hiero_0933.png
hiero_0934,,hiero_0934.png
hiero_0935,,hiero_0935.png
hiero_0936,,hiero_0936.png
hiero_0937,,hiero_0937.png
hiero_0938,,hiero_0938.png
hiero_0939,,hiero_0939.png
hiero_0940,,hiero_0940.png
hiero_0941,,hiero_0941.png
hiero_0942,,hiero_0942.png
hiero_0943,,hiero_0943.png
hiero_0944,,hiero_0944.png
hiero_0945,,hiero_0945.png
hiero_0946,,hiero_0946.png
hiero_0947,,hiero_0947.png
hiero_0948,,hiero_0948.png
hiero_0949,,hiero_0949.png
hiero_0950,,hiero_0950.png
hiero_0951,,hiero_0951.png
hiero_0952,,hiero_0952.png
hiero_0953,,hiero_0953.png
hiero_0954,,hiero_0954.png
hiero_0955,,hiero_0955.png
hiero_0956,,hiero_0956.png
hiero_0957,,hiero_0957.png
hiero_0958,,hiero_0958.png
hiero_0959,,hiero_0959.png
hiero_0960,,hiero_0960.png
hiero_0961,,hiero_0961.png
hiero_0962,,hiero_0962.png
hiero_0963,,hiero_0963.png
hiero_0964,,hiero_0964.png
hiero_0965,,hiero_0965.png
hiero_0966,,hiero_0966.png
hiero_0967,,hiero_0967.png
hiero_0968,,hiero_0968.png
hiero_0969,,hiero_0969.png
hiero_0970,,hiero_0970.png
hiero_0971,,hiero_0971.png
hiero_0972,,hiero_0972.png
hiero_0973,,hiero_0973.png
hiero_0974,,hiero_0974.png
hiero_0975,,hiero_0975.png
hiero_0976,,hiero_0976.png
hiero_0977,,hiero_0977.png
hiero_0978,,hiero_0978.png
hiero_0979,,hiero_0979.png
hiero_0980,,hiero_0980.png
hiero_0981,,hiero_0981.png
hiero_0982,,hiero_0982.png
hiero_0983,,hiero_0983.png
hiero_0984,,hiero_0984.png
hiero_0985,,hiero_0985.png
hiero_0986,,hiero_0986.png
hiero_0987,,hiero_0987.png
hiero_0988,,hiero_0988.png
hiero_0989,,hiero_0989.png
hiero_0990,,hiero_0990.png
hiero_0991,,hiero_0991.png
hiero_0992,,hiero_0992.png
hiero_0993,,hiero_0993.png
hiero_0994,,hiero_0994.png
hiero_0995,,hiero_0995.png
hiero_0996,,hiero_0996.png
hiero_0997,,hiero_0997.png
hiero_0998,,hiero_0998.png
hiero_0999,,hiero_0999.png
hiero_1000,,hiero_1000.png
hiero_1001,,hiero_1001.png
hiero_1002,,hiero_1002.png
hiero_1003,,hiero_1003.png
hiero_1004,,hiero_1004.png
hiero_1005,,hiero_1005.png
hiero_1006,,hiero_1006.png
hiero_1007,,hiero_1007.png
hiero_1008,,hiero_1008.png
hiero_1009,,hiero_1009.png
hiero_1010,,hiero_1010.png
hiero_1011,,hiero_1011.png
hiero_1012,,hiero_1012.png
hiero_1013,,hiero_1013.png
hiero_1014,,hiero_1014.png
hiero_1015,,hiero_1015.png
hiero_1016,,hiero_1016.png
hiero_1017,,hiero_1017.png
hiero_1018,,hiero_1018.png
hiero_1019,,hiero_1019.png
hiero_1020,,hiero_1020.png
hiero_1021,,hiero_1021.png
hiero_1022,,hiero_1022.png
hiero_1023,,hiero_1023.png
hiero_1024,,hiero_1024.png
hiero_1025,,hiero_1025.png
hiero_1026,,hiero_1026.png
hiero_1027,,hiero_1027.png
hiero_1028,,hiero_1028.png
hiero_1029,,hiero_1029.png
hiero_1030,,hiero_1030.png
hiero_1031,,hiero_1031.png
hiero_1032,,hiero_1032.png
hiero_1033,,hiero_1033.png
hiero_1034,,hiero_1034.png
hiero_1035,,hiero_1035.png
hiero_1036,,hiero_1036.png
hiero_1037,,hiero_1037.png
hiero_1038,,hiero_1038.png
hiero_1039,,hiero_1039.png
hiero_1040,,hiero_1040.png
hiero_1041,,hiero_1041.png
hiero_1042,,hiero_1042.png
hiero_1043,,hiero_1043.png
hiero_1044,,hiero_1044.png
hiero_1045,,hiero_1045.png
hiero_1046,,hiero_1046.png
hiero_1047,,hiero_1047.png
hiero_1048,,hiero_1048.png
hiero_1049,,hiero_1049.png
hiero_1050,,hiero_1050.png
hiero_1051,,hiero_1051.png
hiero_1052,,hiero_1052.png
hiero_1053,,hiero_1053.png
hiero_1054,,hiero_1054.png
hiero_1055,,hiero_1055.png
hiero_1056,,hiero_1056.png
hiero_1057,,hiero_1057.png
hiero_1058,,hiero_1058.png
hiero_1059,,hiero_1059.png
hiero_1060,,hiero_1060.png
hiero_1061,,hiero_1061.png
hiero_1062,,hiero_1062.png
hiero_1063,,hiero_1063.png
hiero_1064,,hiero_1064.png
hiero_1065,,hiero_1065.png
hiero_1066,,hiero_1066.png
hiero_1067,,hiero_1067.png
hiero_1068,,hiero_1068.png
hiero_1069,,hiero_1069.png
hiero_1070,,hiero_1070.png
hiero_1071,,hiero_1071.png
