image_id,topology.connected_components,topology.hole_count,topology.euler_characteristic,topology.total_foreground_area,topology.largest_component_area,topology.smallest_component_area,topology.mean_component_area,topology.component_area_ratio,topology.foreground_density,topology.component_density
hiero_0000,6.0,0.0,6.0,432.0,365.0,4.0,72.0,0.8449074074074074,0.10546875,0.00146484375
hiero_0001,3.0,0.0,3.0,419.0,273.0,17.0,139.66666666666666,0.6515513126491647,0.102294921875,0.000732421875
hiero_0002,8.0,0.0,8.0,430.0,374.0,4.0,53.75,0.8697674418604651,0.10498046875,0.001953125
hiero_0003,3.0,0.0,3.0,409.0,388.0,3.0,136.33333333333334,0.9486552567237164,0.099853515625,0.000732421875
hiero_0004,1.0,1.0,0.0,445.0,445.0,445.0,445.0,1.0,0.108642578125,0.000244140625
hiero_0005,5.0,0.0,5.0,455.0,441.0,1.0,91.0,0.9692307692307692,0.111083984375,0.001220703125
hiero_0006,3.0,1.0,2.0,446.0,420.0,1.0,148.66666666666666,0.9417040358744395,0.10888671875,0.000732421875
hiero_0007,7.0,1.0,6.0,483.0,227.0,1.0,69.0,0.4699792960662526,0.117919921875,0.001708984375
hiero_0008,4.0,0.0,4.0,478.0,305.0,3.0,119.5,0.6380753138075314,0.11669921875,0.0009765625
hiero_0009,3.0,0.0,3.0,437.0,407.0,15.0,145.66666666666666,0.931350114416476,0.106689453125,0.000732421875
hiero_0010,2.0,0.0,2.0,432.0,418.0,14.0,216.0,0.9675925925925926,0.10546875,0.00048828125
hiero_0011,2.0,1.0,1.0,408.0,405.0,3.0,204.0,0.9926470588235294,0.099609375,0.00048828125
hiero_0012,3.0,1.0,2.0,512.0,364.0,17.0,170.66666666666666,0.7109375,0.125,0.000732421875
hiero_0013,8.0,0.0,8.0,512.0,240.0,3.0,64.0,0.46875,0.125,0.001953125
hiero_0014,4.0,0.0,4.0,597.0,334.0,1.0,149.25,0.559463986599665,0.145751953125,0.0009765625
hiero_0015,1.0,1.0,0.0,401.0,401.0,401.0,401.0,1.0,0.097900390625,0.000244140625
hiero_0016,4.0,0.0,4.0,354.0,163.0,11.0,88.5,0.4604519774011299,0.08642578125,0.0009765625
hiero_0017,1.0,1.0,0.0,502.0,502.0,502.0,502.0,1.0,0.12255859375,0.000244140625
hiero_0018,6.0,1.0,5.0,346.0,329.0,1.0,57.666666666666664,0.9508670520231214,0.08447265625,0.00146484375
hiero_0019,4.0,0.0,4.0,355.0,245.0,3.0,88.75,0.6901408450704225,0.086669921875,0.0009765625
hiero_0020,6.0,0.0,6.0,312.0,148.0,1.0,52.0,0.47435897435897434,0.076171875,0.00146484375
hiero_0021,9.0,0.0,9.0,306.0,131.0,1.0,34.0,0.42810457516339867,0.07470703125,0.002197265625
hiero_0022,12.0,0.0,12.0,300.0,131.0,1.0,25.0,0.43666666666666665,0.0732421875,0.0029296875
hiero_0023,5.0,0.0,5.0,472.0,355.0,2.0,94.4,0.7521186440677966,0.115234375,0.001220703125
hiero_0024,3.0,0.0,3.0,403.0,392.0,3.0,134.33333333333334,0.9727047146401985,0.098388671875,0.000732421875
hiero_0025,2.0,0.0,2.0,412.0,349.0,63.0,206.0,0.8470873786407767,0.1005859375,0.00048828125
hiero_0026,3.0,1.0,2.0,490.0,458.0,6.0,163.33333333333334,0.9346938775510204,0.11962890625,0.000732421875
hiero_0027,2.0,2.0,0.0,473.0,466.0,7.0,236.5,0.985200845665962,0.115478515625,0.00048828125
hiero_0028,4.0,0.0,4.0,302.0,216.0,1.0,75.5,0.7152317880794702,0.07373046875,0.0009765625
hiero_0029,6.0,0.0,6.0,328.0,233.0,1.0,54.666666666666664,0.7103658536585366,0.080078125,0.00146484375
hiero_0030,10.0,0.0,10.0,292.0,171.0,1.0,29.2,0.5856164383561644,0.0712890625,0.00244140625
hiero_0031,4.0,0.0,4.0,289.0,216.0,16.0,72.25,0.7474048442906575,0.070556640625,0.0009765625
hiero_0032,3.0,0.0,3.0,310.0,306.0,2.0,103.33333333333333,0.9870967741935484,0.07568359375,0.000732421875
hiero_0033,6.0,0.0,6.0,309.0,159.0,7.0,51.5,0.5145631067961165,0.075439453125,0.00146484375
hiero_0034,4.0,0.0,4.0,292.0,236.0,6.0,73.0,0.8082191780821918,0.0712890625,0.0009765625
hiero_0035,1.0,0.0,1.0,297.0,297.0,297.0,297.0,1.0,0.072509765625,0.000244140625
hiero_0036,6.0,1.0,5.0,315.0,212.0,2.0,52.5,0.6730158730158731,0.076904296875,0.00146484375
hiero_0037,8.0,1.0,7.0,303.0,200.0,1.0,37.875,0.6600660066006601,0.073974609375,0.001953125
hiero_0038,4.0,0.0,4.0,331.0,311.0,2.0,82.75,0.9395770392749244,0.080810546875,0.0009765625
hiero_0039,5.0,1.0,4.0,381.0,257.0,2.0,76.2,0.6745406824146981,0.093017578125,0.001220703125
hiero_0040,3.0,11.0,-8.0,588.0,580.0,2.0,196.0,0.9863945578231292,0.1435546875,0.000732421875
hiero_0041,2.0,0.0,2.0,443.0,442.0,1.0,221.5,0.9977426636568849,0.108154296875,0.00048828125
hiero_0042,3.0,0.0,3.0,429.0,359.0,3.0,143.0,0.8368298368298368,0.104736328125,0.000732421875
hiero_0043,2.0,1.0,1.0,490.0,484.0,6.0,245.0,0.9877551020408163,0.11962890625,0.00048828125
hiero_0044,12.0,0.0,12.0,734.0,529.0,1.0,61.166666666666664,0.720708446866485,0.17919921875,0.0029296875
hiero_0045,2.0,0.0,2.0,253.0,251.0,2.0,126.5,0.9920948616600791,0.061767578125,0.00048828125
hiero_0046,1.0,0.0,1.0,331.0,331.0,331.0,331.0,1.0,0.080810546875,0.000244140625
hiero_0047,1.0,0.0,1.0,251.0,251.0,251.0,251.0,1.0,0.061279296875,0.000244140625
hiero_0048,1.0,1.0,0.0,357.0,357.0,357.0,357.0,1.0,0.087158203125,0.000244140625
hiero_0049,1.0,1.0,0.0,382.0,382.0,382.0,382.0,1.0,0.09326171875,0.000244140625
hiero_0050,1.0,0.0,1.0,250.0,250.0,250.0,250.0,1.0,0.06103515625,0.000244140625
hiero_0051,1.0,0.0,1.0,334.0,334.0,334.0,334.0,1.0,0.08154296875,0.000244140625
hiero_0052,1.0,0.0,1.0,305.0,305.0,305.0,305.0,1.0,0.074462890625,0.000244140625
hiero_0053,1.0,0.0,1.0,280.0,280.0,280.0,280.0,1.0,0.068359375,0.000244140625
hiero_0054,1.0,0.0,1.0,358.0,358.0,358.0,358.0,1.0,0.08740234375,0.000244140625
hiero_0055,2.0,0.0,2.0,338.0,331.0,7.0,169.0,0.9792899408284024,0.08251953125,0.00048828125
hiero_0056,1.0,0.0,1.0,293.0,293.0,293.0,293.0,1.0,0.071533203125,0.000244140625
hiero_0057,2.0,0.0,2.0,280.0,258.0,22.0,140.0,0.9214285714285714,0.068359375,0.00048828125
hiero_0058,2.0,0.0,2.0,285.0,283.0,2.0,142.5,0.9929824561403509,0.069580078125,0.00048828125
hiero_0059,1.0,0.0,1.0,327.0,327.0,327.0,327.0,1.0,0.079833984375,0.000244140625
hiero_0060,3.0,0.0,3.0,453.0,433.0,5.0,151.0,0.9558498896247241,0.110595703125,0.000732421875
hiero_0061,5.0,0.0,5.0,424.0,173.0,19.0,84.8,0.4080188679245283,0.103515625,0.001220703125
hiero_0062,2.0,0.0,2.0,176.0,164.0,12.0,88.0,0.9318181818181818,0.04296875,0.00048828125
hiero_0063,2.0,0.0,2.0,197.0,195.0,2.0,98.5,0.9898477157360406,0.048095703125,0.00048828125
hiero_0064,2.0,0.0,2.0,360.0,348.0,12.0,180.0,0.9666666666666667,0.087890625,0.00048828125
hiero_0065,7.0,0.0,7.0,441.0,271.0,4.0,63.0,0.6145124716553289,0.107666015625,0.001708984375
hiero_0066,2.0,4.0,-2.0,375.0,230.0,145.0,187.5,0.6133333333333333,0.091552734375,0.00048828125
hiero_0067,3.0,0.0,3.0,397.0,237.0,8.0,132.33333333333334,0.5969773299748111,0.096923828125,0.000732421875
hiero_0068,1.0,0.0,1.0,334.0,334.0,334.0,334.0,1.0,0.08154296875,0.000244140625
hiero_0069,14.0,0.0,14.0,360.0,313.0,2.0,25.714285714285715,0.8694444444444445,0.087890625,0.00341796875
hiero_0070,4.0,0.0,4.0,323.0,151.0,3.0,80.75,0.4674922600619195,0.078857421875,0.0009765625
hiero_0071,4.0,1.0,3.0,336.0,309.0,3.0,84.0,0.9196428571428571,0.08203125,0.0009765625
hiero_0072,4.0,4.0,0.0,527.0,487.0,2.0,131.75,0.9240986717267552,0.128662109375,0.0009765625
hiero_0073,1.0,0.0,1.0,340.0,340.0,340.0,340.0,1.0,0.0830078125,0.000244140625
hiero_0074,2.0,1.0,1.0,224.0,213.0,11.0,112.0,0.9508928571428571,0.0546875,0.00048828125
hiero_0075,4.0,3.0,1.0,347.0,240.0,2.0,86.75,0.69164265129683,0.084716796875,0.0009765625
hiero_0076,6.0,1.0,5.0,334.0,212.0,1.0,55.666666666666664,0.6347305389221557,0.08154296875,0.00146484375
hiero_0077,5.0,0.0,5.0,329.0,172.0,6.0,65.8,0.5227963525835866,0.080322265625,0.001220703125
hiero_0078,5.0,0.0,5.0,415.0,229.0,13.0,83.0,0.5518072289156627,0.101318359375,0.001220703125
hiero_0079,3.0,0.0,3.0,407.0,223.0,48.0,135.66666666666666,0.547911547911548,0.099365234375,0.000732421875
hiero_0080,1.0,0.0,1.0,238.0,238.0,238.0,238.0,1.0,0.05810546875,0.000244140625
hiero_0081,1.0,0.0,1.0,382.0,382.0,382.0,382.0,1.0,0.09326171875,0.000244140625
hiero_0082,1.0,0.0,1.0,379.0,379.0,379.0,379.0,1.0,0.092529296875,0.000244140625
hiero_0083,2.0,2.0,0.0,367.0,366.0,1.0,183.5,0.997275204359673,0.089599609375,0.00048828125
hiero_0084,4.0,2.0,2.0,543.0,525.0,3.0,135.75,0.9668508287292817,0.132568359375,0.0009765625
hiero_0085,1.0,0.0,1.0,309.0,309.0,309.0,309.0,1.0,0.075439453125,0.000244140625
hiero_0086,4.0,3.0,1.0,488.0,432.0,6.0,122.0,0.8852459016393442,0.119140625,0.0009765625
hiero_0087,2.0,0.0,2.0,384.0,381.0,3.0,192.0,0.9921875,0.09375,0.00048828125
hiero_0088,3.0,0.0,3.0,330.0,327.0,1.0,110.0,0.990909090909091,0.08056640625,0.000732421875
hiero_0089,4.0,3.0,1.0,319.0,284.0,5.0,79.75,0.890282131661442,0.077880859375,0.0009765625
hiero_0090,2.0,0.0,2.0,275.0,272.0,3.0,137.5,0.9890909090909091,0.067138671875,0.00048828125
hiero_0091,1.0,0.0,1.0,305.0,305.0,305.0,305.0,1.0,0.074462890625,0.000244140625
hiero_0092,1.0,0.0,1.0,255.0,255.0,255.0,255.0,1.0,0.062255859375,0.000244140625
hiero_0093,2.0,0.0,2.0,258.0,254.0,4.0,129.0,0.9844961240310077,0.06298828125,0.00048828125
hiero_0094,2.0,0.0,2.0,305.0,301.0,4.0,152.5,0.9868852459016394,0.074462890625,0.00048828125
hiero_0095,2.0,0.0,2.0,282.0,279.0,3.0,141.0,0.9893617021276596,0.06884765625,0.00048828125
hiero_0096,2.0,0.0,2.0,336.0,330.0,6.0,168.0,0.9821428571428571,0.08203125,0.00048828125
hiero_0097,2.0,2.0,0.0,373.0,367.0,6.0,186.5,0.9839142091152815,0.091064453125,0.00048828125
hiero_0098,2.0,0.0,2.0,244.0,241.0,3.0,122.0,0.9877049180327869,0.0595703125,0.00048828125
hiero_0099,2.0,0.0,2.0,275.0,273.0,2.0,137.5,0.9927272727272727,0.067138671875,0.00048828125
hiero_0100,7.0,4.0,3.0,341.0,305.0,1.0,48.714285714285715,0.8944281524926686,0.083251953125,0.001708984375
hiero_0101,5.0,1.0,4.0,231.0,88.0,1.0,46.2,0.38095238095238093,0.056396484375,0.001220703125
hiero_0102,3.0,0.0,3.0,225.0,171.0,15.0,75.0,0.76,0.054931640625,0.000732421875
hiero_0103,2.0,0.0,2.0,277.0,273.0,4.0,138.5,0.9855595667870036,0.067626953125,0.00048828125
hiero_0104,3.0,0.0,3.0,354.0,206.0,53.0,118.0,0.5819209039548022,0.08642578125,0.000732421875
hiero_0105,1.0,0.0,1.0,381.0,381.0,381.0,381.0,1.0,0.093017578125,0.000244140625
hiero_0106,1.0,0.0,1.0,364.0,364.0,364.0,364.0,1.0,0.0888671875,0.000244140625
hiero_0107,2.0,0.0,2.0,348.0,344.0,4.0,174.0,0.9885057471264368,0.0849609375,0.00048828125
hiero_0108,1.0,0.0,1.0,353.0,353.0,353.0,353.0,1.0,0.086181640625,0.000244140625
hiero_0109,1.0,2.0,-1.0,326.0,326.0,326.0,326.0,1.0,0.07958984375,0.000244140625
hiero_0110,2.0,3.0,-1.0,309.0,307.0,2.0,154.5,0.9935275080906149,0.075439453125,0.00048828125
hiero_0111,2.0,2.0,0.0,246.0,228.0,18.0,123.0,0.926829268292683,0.06005859375,0.00048828125
hiero_0112,1.0,1.0,0.0,365.0,365.0,365.0,365.0,1.0,0.089111328125,0.000244140625
hiero_0113,3.0,1.0,2.0,543.0,541.0,1.0,181.0,0.996316758747698,0.132568359375,0.000732421875
hiero_0114,1.0,1.0,0.0,346.0,346.0,346.0,346.0,1.0,0.08447265625,0.000244140625
hiero_0115,2.0,0.0,2.0,295.0,291.0,4.0,147.5,0.9864406779661017,0.072021484375,0.00048828125
hiero_0116,2.0,0.0,2.0,277.0,276.0,1.0,138.5,0.9963898916967509,0.067626953125,0.00048828125
hiero_0117,1.0,0.0,1.0,338.0,338.0,338.0,338.0,1.0,0.08251953125,0.000244140625
hiero_0118,2.0,0.0,2.0,202.0,184.0,18.0,101.0,0.9108910891089109,0.04931640625,0.00048828125
hiero_0119,4.0,0.0,4.0,263.0,138.0,13.0,65.75,0.5247148288973384,0.064208984375,0.0009765625
hiero_0120,1.0,0.0,1.0,207.0,207.0,207.0,207.0,1.0,0.050537109375,0.000244140625
hiero_0121,1.0,0.0,1.0,175.0,175.0,175.0,175.0,1.0,0.042724609375,0.000244140625
hiero_0122,1.0,0.0,1.0,193.0,193.0,193.0,193.0,1.0,0.047119140625,0.000244140625
hiero_0123,1.0,0.0,1.0,248.0,248.0,248.0,248.0,1.0,0.060546875,0.000244140625
hiero_0124,2.0,0.0,2.0,243.0,176.0,67.0,121.5,0.7242798353909465,0.059326171875,0.00048828125
hiero_0125,2.0,0.0,2.0,274.0,149.0,125.0,137.0,0.5437956204379562,0.06689453125,0.00048828125
hiero_0126,5.0,0.0,5.0,303.0,149.0,1.0,60.6,0.49174917491749176,0.073974609375,0.001220703125
hiero_0127,1.0,0.0,1.0,276.0,276.0,276.0,276.0,1.0,0.0673828125,0.000244140625
hiero_0128,2.0,1.0,1.0,421.0,340.0,81.0,210.5,0.8076009501187649,0.102783203125,0.00048828125
hiero_0129,1.0,0.0,1.0,111.0,111.0,111.0,111.0,1.0,0.027099609375,0.000244140625
hiero_0130,1.0,0.0,1.0,48.0,48.0,48.0,48.0,1.0,0.01171875,0.000244140625
hiero_0131,1.0,0.0,1.0,70.0,70.0,70.0,70.0,1.0,0.01708984375,0.000244140625
hiero_0132,1.0,0.0,1.0,125.0,125.0,125.0,125.0,1.0,0.030517578125,0.000244140625
hiero_0133,1.0,0.0,1.0,118.0,118.0,118.0,118.0,1.0,0.02880859375,0.000244140625
hiero_0134,1.0,0.0,1.0,135.0,135.0,135.0,135.0,1.0,0.032958984375,0.000244140625
hiero_0135,1.0,0.0,1.0,203.0,203.0,203.0,203.0,1.0,0.049560546875,0.000244140625
hiero_0136,1.0,0.0,1.0,244.0,244.0,244.0,244.0,1.0,0.0595703125,0.000244140625
hiero_0137,3.0,0.0,3.0,225.0,128.0,26.0,75.0,0.5688888888888889,0.054931640625,0.000732421875
hiero_0138,2.0,1.0,1.0,106.0,60.0,46.0,53.0,0.5660377358490566,0.02587890625,0.00048828125
hiero_0139,1.0,0.0,1.0,143.0,143.0,143.0,143.0,1.0,0.034912109375,0.000244140625
hiero_0140,1.0,0.0,1.0,164.0,164.0,164.0,164.0,1.0,0.0400390625,0.000244140625
hiero_0141,1.0,0.0,1.0,189.0,189.0,189.0,189.0,1.0,0.046142578125,0.000244140625
hiero_0142,1.0,5.0,-4.0,220.0,220.0,220.0,220.0,1.0,0.0537109375,0.000244140625
hiero_0143,4.0,6.0,-2.0,418.0,210.0,2.0,104.5,0.5023923444976076,0.10205078125,0.0009765625
hiero_0144,2.0,0.0,2.0,125.0,124.0,1.0,62.5,0.992,0.030517578125,0.00048828125
hiero_0145,1.0,0.0,1.0,115.0,115.0,115.0,115.0,1.0,0.028076171875,0.000244140625
hiero_0146,1.0,0.0,1.0,195.0,195.0,195.0,195.0,1.0,0.047607421875,0.000244140625
hiero_0147,1.0,0.0,1.0,195.0,195.0,195.0,195.0,1.0,0.047607421875,0.000244140625
hiero_0148,3.0,1.0,2.0,316.0,244.0,6.0,105.33333333333333,0.7721518987341772,0.0771484375,0.000732421875
hiero_0149,2.0,0.0,2.0,326.0,188.0,138.0,163.0,0.5766871165644172,0.07958984375,0.00048828125
hiero_0150,6.0,0.0,6.0,373.0,238.0,1.0,62.166666666666664,0.6380697050938338,0.091064453125,0.00146484375
hiero_0151,3.0,0.0,3.0,310.0,117.0,82.0,103.33333333333333,0.3774193548387097,0.07568359375,0.000732421875
hiero_0152,1.0,0.0,1.0,294.0,294.0,294.0,294.0,1.0,0.07177734375,0.000244140625
hiero_0153,1.0,0.0,1.0,312.0,312.0,312.0,312.0,1.0,0.076171875,0.000244140625
hiero_0154,1.0,0.0,1.0,396.0,396.0,396.0,396.0,1.0,0.0966796875,0.000244140625
hiero_0155,1.0,0.0,1.0,377.0,377.0,377.0,377.0,1.0,0.092041015625,0.000244140625
hiero_0156,2.0,0.0,2.0,196.0,107.0,89.0,98.0,0.5459183673469388,0.0478515625,0.00048828125
hiero_0157,3.0,0.0,3.0,175.0,65.0,53.0,58.333333333333336,0.37142857142857144,0.042724609375,0.000732421875
hiero_0158,2.0,0.0,2.0,229.0,165.0,64.0,114.5,0.7205240174672489,0.055908203125,0.00048828125
hiero_0159,2.0,0.0,2.0,193.0,129.0,64.0,96.5,0.6683937823834197,0.047119140625,0.00048828125
hiero_0160,4.0,1.0,3.0,211.0,120.0,2.0,52.75,0.5687203791469194,0.051513671875,0.0009765625
hiero_0161,6.0,0.0,6.0,214.0,106.0,2.0,35.666666666666664,0.4953271028037383,0.05224609375,0.00146484375
hiero_0162,2.0,0.0,2.0,219.0,129.0,90.0,109.5,0.589041095890411,0.053466796875,0.00048828125
hiero_0163,2.0,0.0,2.0,188.0,98.0,90.0,94.0,0.5212765957446809,0.0458984375,0.00048828125
hiero_0164,2.0,0.0,2.0,227.0,226.0,1.0,113.5,0.9955947136563876,0.055419921875,0.00048828125
hiero_0165,2.0,0.0,2.0,244.0,153.0,91.0,122.0,0.6270491803278688,0.0595703125,0.00048828125
hiero_0166,2.0,0.0,2.0,223.0,130.0,93.0,111.5,0.5829596412556054,0.054443359375,0.00048828125
hiero_0167,2.0,1.0,1.0,205.0,136.0,69.0,102.5,0.6634146341463415,0.050048828125,0.00048828125
hiero_0168,4.0,1.0,3.0,267.0,175.0,11.0,66.75,0.6554307116104869,0.065185546875,0.0009765625
hiero_0169,2.0,0.0,2.0,212.0,136.0,76.0,106.0,0.6415094339622641,0.0517578125,0.00048828125
hiero_0170,2.0,0.0,2.0,135.0,68.0,67.0,67.5,0.5037037037037037,0.032958984375,0.00048828125
hiero_0171,2.0,0.0,2.0,222.0,153.0,69.0,111.0,0.6891891891891891,0.05419921875,0.00048828125
hiero_0172,1.0,0.0,1.0,213.0,213.0,213.0,213.0,1.0,0.052001953125,0.000244140625
hiero_0173,2.0,0.0,2.0,152.0,81.0,71.0,76.0,0.5328947368421053,0.037109375,0.00048828125
hiero_0174,4.0,0.0,4.0,303.0,82.0,69.0,75.75,0.2706270627062706,0.073974609375,0.0009765625
hiero_0175,6.0,0.0,6.0,457.0,82.0,69.0,76.16666666666667,0.17943107221006566,0.111572265625,0.00146484375
hiero_0176,10.0,0.0,10.0,559.0,82.0,2.0,55.9,0.14669051878354203,0.136474609375,0.00244140625
hiero_0177,5.0,2.0,3.0,374.0,80.0,70.0,74.8,0.21390374331550802,0.09130859375,0.001220703125
hiero_0178,6.0,3.0,3.0,448.0,80.0,70.0,74.66666666666667,0.17857142857142858,0.109375,0.00146484375
hiero_0179,10.0,2.0,8.0,494.0,77.0,4.0,49.4,0.15587044534412955,0.12060546875,0.00244140625
hiero_0180,8.0,4.0,4.0,595.0,80.0,70.0,74.375,0.13445378151260504,0.145263671875,0.001953125
hiero_0181,13.0,4.0,9.0,422.0,57.0,3.0,32.46153846153846,0.13507109004739337,0.10302734375,0.003173828125
hiero_0182,9.0,0.0,9.0,536.0,82.0,13.0,59.55555555555556,0.15298507462686567,0.130859375,0.002197265625
hiero_0183,2.0,0.0,2.0,150.0,82.0,68.0,75.0,0.5466666666666666,0.03662109375,0.00048828125
hiero_0184,2.0,0.0,2.0,162.0,96.0,66.0,81.0,0.5925925925925926,0.03955078125,0.00048828125
hiero_0185,1.0,4.0,-3.0,385.0,385.0,385.0,385.0,1.0,0.093994140625,0.000244140625
hiero_0186,2.0,0.0,2.0,158.0,91.0,67.0,79.0,0.5759493670886076,0.03857421875,0.00048828125
hiero_0187,1.0,0.0,1.0,274.0,274.0,274.0,274.0,1.0,0.06689453125,0.000244140625
hiero_0188,5.0,0.0,5.0,341.0,230.0,3.0,68.2,0.6744868035190615,0.083251953125,0.001220703125
hiero_0189,1.0,0.0,1.0,276.0,276.0,276.0,276.0,1.0,0.0673828125,0.000244140625
hiero_0190,2.0,0.0,2.0,185.0,97.0,88.0,92.5,0.5243243243243243,0.045166015625,0.00048828125
hiero_0191,2.0,0.0,2.0,300.0,153.0,147.0,150.0,0.51,0.0732421875,0.00048828125
hiero_0192,3.0,0.0,3.0,161.0,92.0,2.0,53.666666666666664,0.5714285714285714,0.039306640625,0.000732421875
hiero_0193,3.0,0.0,3.0,326.0,172.0,2.0,108.66666666666667,0.5276073619631901,0.07958984375,0.000732421875
hiero_0194,2.0,0.0,2.0,290.0,211.0,79.0,145.0,0.7275862068965517,0.07080078125,0.00048828125
hiero_0195,3.0,0.0,3.0,755.0,652.0,3.0,251.66666666666666,0.8635761589403973,0.184326171875,0.000732421875
hiero_0196,3.0,0.0,3.0,781.0,663.0,9.0,260.3333333333333,0.8489116517285531,0.190673828125,0.000732421875
hiero_0197,1.0,0.0,1.0,500.0,500.0,500.0,500.0,1.0,0.1220703125,0.000244140625
hiero_0198,2.0,0.0,2.0,218.0,146.0,72.0,109.0,0.6697247706422018,0.05322265625,0.00048828125
hiero_0199,1.0,0.0,1.0,209.0,209.0,209.0,209.0,1.0,0.051025390625,0.000244140625
hiero_0200,3.0,0.0,3.0,198.0,116.0,1.0,66.0,0.5858585858585859,0.04833984375,0.000732421875
hiero_0201,1.0,1.0,0.0,160.0,160.0,160.0,160.0,1.0,0.0390625,0.000244140625
hiero_0202,2.0,2.0,0.0,312.0,160.0,152.0,156.0,0.5128205128205128,0.076171875,0.00048828125
hiero_0203,3.0,3.0,0.0,485.0,164.0,159.0,161.66666666666666,0.33814432989690724,0.118408203125,0.000732421875
hiero_0204,4.0,4.0,0.0,646.0,164.0,159.0,161.5,0.25386996904024767,0.15771484375,0.0009765625
hiero_0205,5.0,3.0,2.0,713.0,164.0,106.0,142.6,0.2300140252454418,0.174072265625,0.001220703125
hiero_0206,6.0,2.0,4.0,784.0,164.0,106.0,130.66666666666666,0.20918367346938777,0.19140625,0.00146484375
hiero_0207,7.0,3.0,4.0,767.0,164.0,16.0,109.57142857142857,0.2138200782268579,0.187255859375,0.001708984375
hiero_0208,8.0,4.0,4.0,738.0,164.0,16.0,92.25,0.2222222222222222,0.18017578125,0.001953125
hiero_0209,11.0,1.0,10.0,945.0,165.0,1.0,85.9090909090909,0.1746031746031746,0.230712890625,0.002685546875
hiero_0210,3.0,2.0,1.0,409.0,401.0,3.0,136.33333333333334,0.980440097799511,0.099853515625,0.000732421875
hiero_0211,2.0,2.0,0.0,390.0,384.0,6.0,195.0,0.9846153846153847,0.09521484375,0.00048828125
hiero_0212,3.0,4.0,-1.0,384.0,379.0,1.0,128.0,0.9869791666666666,0.09375,0.000732421875
hiero_0213,3.0,0.0,3.0,434.0,426.0,3.0,144.66666666666666,0.9815668202764977,0.10595703125,0.000732421875
hiero_0214,6.0,3.0,3.0,533.0,428.0,2.0,88.83333333333333,0.8030018761726079,0.130126953125,0.00146484375
hiero_0215,3.0,0.0,3.0,474.0,465.0,2.0,158.0,0.9810126582278481,0.11572265625,0.000732421875
hiero_0216,3.0,1.0,2.0,478.0,469.0,4.0,159.33333333333334,0.9811715481171548,0.11669921875,0.000732421875
hiero_0217,2.0,5.0,-3.0,404.0,401.0,3.0,202.0,0.9925742574257426,0.0986328125,0.00048828125
hiero_0218,2.0,5.0,-3.0,421.0,416.0,5.0,210.5,0.9881235154394299,0.102783203125,0.00048828125
hiero_0219,4.0,0.0,4.0,360.0,192.0,4.0,90.0,0.5333333333333333,0.087890625,0.0009765625
hiero_0220,5.0,1.0,4.0,403.0,174.0,2.0,80.6,0.4317617866004963,0.098388671875,0.001220703125
hiero_0221,2.0,3.0,-1.0,503.0,500.0,3.0,251.5,0.9940357852882704,0.122802734375,0.00048828125
hiero_0222,2.0,0.0,2.0,487.0,484.0,3.0,243.5,0.9938398357289527,0.118896484375,0.00048828125
hiero_0223,4.0,0.0,4.0,350.0,231.0,4.0,87.5,0.66,0.08544921875,0.0009765625
hiero_0224,3.0,0.0,3.0,392.0,383.0,2.0,130.66666666666666,0.9770408163265306,0.095703125,0.000732421875
hiero_0225,1.0,0.0,1.0,436.0,436.0,436.0,436.0,1.0,0.1064453125,0.000244140625
hiero_0226,4.0,0.0,4.0,347.0,161.0,1.0,86.75,0.46397694524495675,0.084716796875,0.0009765625
hiero_0227,7.0,2.0,5.0,526.0,329.0,1.0,75.14285714285714,0.6254752851711026,0.12841796875,0.001708984375
hiero_0228,9.0,2.0,7.0,580.0,329.0,1.0,64.44444444444444,0.5672413793103448,0.1416015625,0.002197265625
hiero_0229,5.0,0.0,5.0,434.0,307.0,2.0,86.8,0.7073732718894009,0.10595703125,0.001220703125
hiero_0230,3.0,0.0,3.0,457.0,450.0,2.0,152.33333333333334,0.9846827133479212,0.111572265625,0.000732421875
hiero_0231,1.0,1.0,0.0,481.0,481.0,481.0,481.0,1.0,0.117431640625,0.000244140625
hiero_0232,2.0,1.0,1.0,521.0,520.0,1.0,260.5,0.9980806142034548,0.127197265625,0.00048828125
hiero_0233,2.0,0.0,2.0,404.0,399.0,5.0,202.0,0.9876237623762376,0.0986328125,0.00048828125
hiero_0234,2.0,0.0,2.0,406.0,404.0,2.0,203.0,0.9950738916256158,0.09912109375,0.00048828125
hiero_0235,2.0,0.0,2.0,343.0,342.0,1.0,171.5,0.9970845481049563,0.083740234375,0.00048828125
hiero_0236,2.0,0.0,2.0,360.0,358.0,2.0,180.0,0.9944444444444445,0.087890625,0.00048828125
hiero_0237,6.0,0.0,6.0,332.0,231.0,1.0,55.333333333333336,0.6957831325301205,0.0810546875,0.00146484375
hiero_0238,2.0,0.0,2.0,328.0,327.0,1.0,164.0,0.9969512195121951,0.080078125,0.00048828125
hiero_0239,4.0,0.0,4.0,352.0,252.0,1.0,88.0,0.7159090909090909,0.0859375,0.0009765625
hiero_0240,3.0,0.0,3.0,463.0,443.0,8.0,154.33333333333334,0.9568034557235421,0.113037109375,0.000732421875
hiero_0241,3.0,0.0,3.0,347.0,204.0,2.0,115.66666666666667,0.5878962536023055,0.084716796875,0.000732421875
hiero_0242,1.0,0.0,1.0,457.0,457.0,457.0,457.0,1.0,0.111572265625,0.000244140625
hiero_0243,1.0,11.0,-10.0,627.0,627.0,627.0,627.0,1.0,0.153076171875,0.000244140625
hiero_0244,2.0,1.0,1.0,426.0,422.0,4.0,213.0,0.9906103286384976,0.10400390625,0.00048828125
hiero_0245,2.0,2.0,0.0,524.0,520.0,4.0,262.0,0.9923664122137404,0.1279296875,0.00048828125
hiero_0246,2.0,0.0,2.0,544.0,540.0,4.0,272.0,0.9926470588235294,0.1328125,0.00048828125
hiero_0247,6.0,0.0,6.0,458.0,260.0,3.0,76.33333333333333,0.5676855895196506,0.11181640625,0.00146484375
hiero_0248,8.0,0.0,8.0,505.0,363.0,1.0,63.125,0.7188118811881188,0.123291015625,0.001953125
hiero_0249,3.0,0.0,3.0,393.0,261.0,3.0,131.0,0.6641221374045801,0.095947265625,0.000732421875
hiero_0250,3.0,0.0,3.0,331.0,326.0,2.0,110.33333333333333,0.9848942598187311,0.080810546875,0.000732421875
hiero_0251,8.0,2.0,6.0,377.0,156.0,1.0,47.125,0.41379310344827586,0.092041015625,0.001953125
hiero_0252,5.0,4.0,1.0,600.0,497.0,11.0,120.0,0.8283333333333334,0.146484375,0.001220703125
hiero_0253,2.0,2.0,0.0,410.0,405.0,5.0,205.0,0.9878048780487805,0.10009765625,0.00048828125
hiero_0254,2.0,1.0,1.0,231.0,222.0,9.0,115.5,0.961038961038961,0.056396484375,0.00048828125
hiero_0255,2.0,0.0,2.0,127.0,119.0,8.0,63.5,0.937007874015748,0.031005859375,0.00048828125
hiero_0256,2.0,1.0,1.0,261.0,250.0,11.0,130.5,0.9578544061302682,0.063720703125,0.00048828125
hiero_0257,7.0,1.0,6.0,314.0,144.0,8.0,44.857142857142854,0.4585987261146497,0.07666015625,0.001708984375
hiero_0258,2.0,0.0,2.0,330.0,323.0,7.0,165.0,0.9787878787878788,0.08056640625,0.00048828125
hiero_0259,3.0,0.0,3.0,251.0,243.0,3.0,83.66666666666667,0.9681274900398407,0.061279296875,0.000732421875
hiero_0260,3.0,0.0,3.0,309.0,305.0,1.0,103.0,0.9870550161812298,0.075439453125,0.000732421875
hiero_0261,5.0,0.0,5.0,370.0,335.0,2.0,74.0,0.9054054054054054,0.09033203125,0.001220703125
hiero_0262,2.0,1.0,1.0,471.0,468.0,3.0,235.5,0.9936305732484076,0.114990234375,0.00048828125
hiero_0263,4.0,0.0,4.0,238.0,220.0,2.0,59.5,0.9243697478991597,0.05810546875,0.0009765625
hiero_0264,4.0,2.0,2.0,207.0,104.0,1.0,51.75,0.5024154589371981,0.050537109375,0.0009765625
hiero_0265,2.0,1.0,1.0,179.0,174.0,5.0,89.5,0.9720670391061452,0.043701171875,0.00048828125
hiero_0266,2.0,0.0,2.0,164.0,163.0,1.0,82.0,0.9939024390243902,0.0400390625,0.00048828125
hiero_0267,1.0,0.0,1.0,253.0,253.0,253.0,253.0,1.0,0.061767578125,0.000244140625
hiero_0268,1.0,0.0,1.0,319.0,319.0,319.0,319.0,1.0,0.077880859375,0.000244140625
hiero_0269,1.0,0.0,1.0,392.0,392.0,392.0,392.0,1.0,0.095703125,0.000244140625
hiero_0270,1.0,2.0,-1.0,361.0,361.0,361.0,361.0,1.0,0.088134765625,0.000244140625
hiero_0271,1.0,0.0,1.0,161.0,161.0,161.0,161.0,1.0,0.039306640625,0.000244140625
hiero_0272,2.0,0.0,2.0,264.0,184.0,80.0,132.0,0.696969696969697,0.064453125,0.00048828125
hiero_0273,1.0,0.0,1.0,147.0,147.0,147.0,147.0,1.0,0.035888671875,0.000244140625
hiero_0274,1.0,4.0,-3.0,239.0,239.0,239.0,239.0,1.0,0.058349609375,0.000244140625
hiero_0275,1.0,0.0,1.0,230.0,230.0,230.0,230.0,1.0,0.05615234375,0.000244140625
hiero_0276,2.0,0.0,2.0,151.0,115.0,36.0,75.5,0.7615894039735099,0.036865234375,0.00048828125
hiero_0277,1.0,0.0,1.0,177.0,177.0,177.0,177.0,1.0,0.043212890625,0.000244140625
hiero_0278,1.0,0.0,1.0,202.0,202.0,202.0,202.0,1.0,0.04931640625,0.000244140625
hiero_0279,1.0,0.0,1.0,178.0,178.0,178.0,178.0,1.0,0.04345703125,0.000244140625
hiero_0280,1.0,0.0,1.0,179.0,179.0,179.0,179.0,1.0,0.043701171875,0.000244140625
hiero_0281,1.0,0.0,1.0,158.0,158.0,158.0,158.0,1.0,0.03857421875,0.000244140625
hiero_0282,1.0,0.0,1.0,404.0,404.0,404.0,404.0,1.0,0.0986328125,0.000244140625
hiero_0283,1.0,0.0,1.0,213.0,213.0,213.0,213.0,1.0,0.052001953125,0.000244140625
hiero_0284,1.0,0.0,1.0,193.0,193.0,193.0,193.0,1.0,0.047119140625,0.000244140625
hiero_0285,1.0,1.0,0.0,292.0,292.0,292.0,292.0,1.0,0.0712890625,0.000244140625
hiero_0286,1.0,1.0,0.0,273.0,273.0,273.0,273.0,1.0,0.066650390625,0.000244140625
hiero_0287,2.0,1.0,1.0,470.0,469.0,1.0,235.0,0.997872340425532,0.11474609375,0.00048828125
hiero_0288,1.0,0.0,1.0,176.0,176.0,176.0,176.0,1.0,0.04296875,0.000244140625
hiero_0289,1.0,4.0,-3.0,234.0,234.0,234.0,234.0,1.0,0.05712890625,0.000244140625
hiero_0290,1.0,0.0,1.0,139.0,139.0,139.0,139.0,1.0,0.033935546875,0.000244140625
hiero_0291,1.0,0.0,1.0,153.0,153.0,153.0,153.0,1.0,0.037353515625,0.000244140625
hiero_0292,2.0,2.0,0.0,175.0,163.0,12.0,87.5,0.9314285714285714,0.042724609375,0.00048828125
hiero_0293,1.0,1.0,0.0,179.0,179.0,179.0,179.0,1.0,0.043701171875,0.000244140625
hiero_0294,1.0,0.0,1.0,277.0,277.0,277.0,277.0,1.0,0.067626953125,0.000244140625
hiero_0295,1.0,0.0,1.0,126.0,126.0,126.0,126.0,1.0,0.03076171875,0.000244140625
hiero_0296,1.0,1.0,0.0,403.0,403.0,403.0,403.0,1.0,0.098388671875,0.000244140625
hiero_0297,1.0,0.0,1.0,235.0,235.0,235.0,235.0,1.0,0.057373046875,0.000244140625
hiero_0298,3.0,1.0,2.0,376.0,367.0,4.0,125.33333333333333,0.976063829787234,0.091796875,0.000732421875
hiero_0299,1.0,1.0,0.0,440.0,440.0,440.0,440.0,1.0,0.107421875,0.000244140625
hiero_0300,1.0,1.0,0.0,313.0,313.0,313.0,313.0,1.0,0.076416015625,0.000244140625
hiero_0301,1.0,0.0,1.0,191.0,191.0,191.0,191.0,1.0,0.046630859375,0.000244140625
hiero_0302,1.0,0.0,1.0,365.0,365.0,365.0,365.0,1.0,0.089111328125,0.000244140625
hiero_0303,21.0,0.0,21.0,203.0,90.0,1.0,9.666666666666666,0.4433497536945813,0.049560546875,0.005126953125
hiero_0304,1.0,0.0,1.0,110.0,110.0,110.0,110.0,1.0,0.02685546875,0.000244140625
hiero_0305,1.0,0.0,1.0,228.0,228.0,228.0,228.0,1.0,0.0556640625,0.000244140625
hiero_0306,1.0,0.0,1.0,197.0,197.0,197.0,197.0,1.0,0.048095703125,0.000244140625
hiero_0307,1.0,0.0,1.0,196.0,196.0,196.0,196.0,1.0,0.0478515625,0.000244140625
hiero_0308,1.0,0.0,1.0,196.0,196.0,196.0,196.0,1.0,0.0478515625,0.000244140625
hiero_0309,1.0,0.0,1.0,197.0,197.0,197.0,197.0,1.0,0.048095703125,0.000244140625
hiero_0310,1.0,0.0,1.0,201.0,201.0,201.0,201.0,1.0,0.049072265625,0.000244140625
hiero_0311,1.0,0.0,1.0,203.0,203.0,203.0,203.0,1.0,0.049560546875,0.000244140625
hiero_0312,1.0,2.0,-1.0,370.0,370.0,370.0,370.0,1.0,0.09033203125,0.000244140625
hiero_0313,1.0,0.0,1.0,85.0,85.0,85.0,85.0,1.0,0.020751953125,0.000244140625
hiero_0314,3.0,0.0,3.0,197.0,66.0,65.0,65.66666666666667,0.3350253807106599,0.048095703125,0.000732421875
hiero_0315,3.0,0.0,3.0,195.0,69.0,61.0,65.0,0.35384615384615387,0.047607421875,0.000732421875
hiero_0316,1.0,0.0,1.0,83.0,83.0,83.0,83.0,1.0,0.020263671875,0.000244140625
hiero_0317,1.0,0.0,1.0,87.0,87.0,87.0,87.0,1.0,0.021240234375,0.000244140625
hiero_0318,4.0,1.0,3.0,228.0,204.0,1.0,57.0,0.8947368421052632,0.0556640625,0.0009765625
hiero_0319,2.0,5.0,-3.0,408.0,406.0,2.0,204.0,0.9950980392156863,0.099609375,0.00048828125
hiero_0320,1.0,9.0,-8.0,687.0,687.0,687.0,687.0,1.0,0.167724609375,0.000244140625
hiero_0321,1.0,4.0,-3.0,516.0,516.0,516.0,516.0,1.0,0.1259765625,0.000244140625
hiero_0322,3.0,1.0,2.0,437.0,305.0,13.0,145.66666666666666,0.6979405034324943,0.106689453125,0.000732421875
hiero_0323,1.0,2.0,-1.0,438.0,438.0,438.0,438.0,1.0,0.10693359375,0.000244140625
hiero_0324,1.0,2.0,-1.0,514.0,514.0,514.0,514.0,1.0,0.12548828125,0.000244140625
hiero_0325,2.0,1.0,1.0,424.0,422.0,2.0,212.0,0.9952830188679245,0.103515625,0.00048828125
hiero_0326,1.0,4.0,-3.0,421.0,421.0,421.0,421.0,1.0,0.102783203125,0.000244140625
hiero_0327,1.0,5.0,-4.0,490.0,490.0,490.0,490.0,1.0,0.11962890625,0.000244140625
hiero_0328,1.0,4.0,-3.0,465.0,465.0,465.0,465.0,1.0,0.113525390625,0.000244140625
hiero_0329,3.0,2.0,1.0,451.0,448.0,1.0,150.33333333333334,0.9933481152993349,0.110107421875,0.000732421875
hiero_0330,1.0,2.0,-1.0,375.0,375.0,375.0,375.0,1.0,0.091552734375,0.000244140625
hiero_0331,5.0,14.0,-9.0,851.0,839.0,1.0,170.2,0.9858989424206815,0.207763671875,0.001220703125
hiero_0332,1.0,1.0,0.0,257.0,257.0,257.0,257.0,1.0,0.062744140625,0.000244140625
hiero_0333,1.0,3.0,-2.0,319.0,319.0,319.0,319.0,1.0,0.077880859375,0.000244140625
hiero_0334,1.0,1.0,0.0,341.0,341.0,341.0,341.0,1.0,0.083251953125,0.000244140625
hiero_0335,1.0,1.0,0.0,308.0,308.0,308.0,308.0,1.0,0.0751953125,0.000244140625
hiero_0336,1.0,1.0,0.0,431.0,431.0,431.0,431.0,1.0,0.105224609375,0.000244140625
hiero_0337,1.0,1.0,0.0,504.0,504.0,504.0,504.0,1.0,0.123046875,0.000244140625
hiero_0338,7.0,2.0,5.0,611.0,499.0,1.0,87.28571428571429,0.8166939443535188,0.149169921875,0.001708984375
hiero_0339,3.0,0.0,3.0,423.0,397.0,8.0,141.0,0.9385342789598109,0.103271484375,0.000732421875
hiero_0340,16.0,1.0,15.0,601.0,524.0,1.0,37.5625,0.8718801996672213,0.146728515625,0.00390625
hiero_0341,3.0,0.0,3.0,624.0,598.0,8.0,208.0,0.9583333333333334,0.15234375,0.000732421875
hiero_0342,4.0,0.0,4.0,582.0,516.0,8.0,145.5,0.8865979381443299,0.14208984375,0.0009765625
hiero_0343,6.0,0.0,6.0,551.0,520.0,2.0,91.83333333333333,0.9437386569872959,0.134521484375,0.00146484375
hiero_0344,1.0,1.0,0.0,393.0,393.0,393.0,393.0,1.0,0.095947265625,0.000244140625
hiero_0345,2.0,0.0,2.0,328.0,327.0,1.0,164.0,0.9969512195121951,0.080078125,0.00048828125
hiero_0346,1.0,0.0,1.0,379.0,379.0,379.0,379.0,1.0,0.092529296875,0.000244140625
hiero_0347,2.0,1.0,1.0,465.0,461.0,4.0,232.5,0.9913978494623656,0.113525390625,0.00048828125
hiero_0348,2.0,0.0,2.0,475.0,470.0,5.0,237.5,0.9894736842105263,0.115966796875,0.00048828125
hiero_0349,1.0,3.0,-2.0,359.0,359.0,359.0,359.0,1.0,0.087646484375,0.000244140625
hiero_0350,1.0,1.0,0.0,402.0,402.0,402.0,402.0,1.0,0.09814453125,0.000244140625
hiero_0351,2.0,1.0,1.0,509.0,505.0,4.0,254.5,0.9921414538310412,0.124267578125,0.00048828125
hiero_0352,2.0,0.0,2.0,347.0,238.0,109.0,173.5,0.6858789625360231,0.084716796875,0.00048828125
hiero_0353,2.0,0.0,2.0,440.0,437.0,3.0,220.0,0.9931818181818182,0.107421875,0.00048828125
hiero_0354,9.0,2.0,7.0,761.0,704.0,1.0,84.55555555555556,0.9250985545335085,0.185791015625,0.002197265625
hiero_0355,1.0,2.0,-1.0,417.0,417.0,417.0,417.0,1.0,0.101806640625,0.000244140625
hiero_0356,1.0,2.0,-1.0,416.0,416.0,416.0,416.0,1.0,0.1015625,0.000244140625
hiero_0357,1.0,2.0,-1.0,379.0,379.0,379.0,379.0,1.0,0.092529296875,0.000244140625
hiero_0358,1.0,0.0,1.0,297.0,297.0,297.0,297.0,1.0,0.072509765625,0.000244140625
hiero_0359,1.0,0.0,1.0,383.0,383.0,383.0,383.0,1.0,0.093505859375,0.000244140625
hiero_0360,3.0,0.0,3.0,355.0,334.0,1.0,118.33333333333333,0.9408450704225352,0.086669921875,0.000732421875
hiero_0361,2.0,0.0,2.0,272.0,271.0,1.0,136.0,0.9963235294117647,0.06640625,0.00048828125
hiero_0362,2.0,0.0,2.0,282.0,280.0,2.0,141.0,0.9929078014184397,0.06884765625,0.00048828125
hiero_0363,2.0,0.0,2.0,218.0,217.0,1.0,109.0,0.9954128440366973,0.05322265625,0.00048828125
hiero_0364,2.0,1.0,1.0,388.0,384.0,4.0,194.0,0.9896907216494846,0.0947265625,0.00048828125
hiero_0365,3.0,1.0,2.0,388.0,379.0,4.0,129.33333333333334,0.9768041237113402,0.0947265625,0.000732421875
hiero_0366,4.0,2.0,2.0,440.0,433.0,1.0,110.0,0.9840909090909091,0.107421875,0.0009765625
hiero_0367,2.0,1.0,1.0,380.0,376.0,4.0,190.0,0.9894736842105263,0.0927734375,0.00048828125
hiero_0368,2.0,0.0,2.0,323.0,318.0,5.0,161.5,0.9845201238390093,0.078857421875,0.00048828125
hiero_0369,2.0,0.0,2.0,332.0,327.0,5.0,166.0,0.9849397590361446,0.0810546875,0.00048828125
hiero_0370,3.0,0.0,3.0,370.0,302.0,6.0,123.33333333333333,0.8162162162162162,0.09033203125,0.000732421875
hiero_0371,3.0,2.0,1.0,546.0,536.0,5.0,182.0,0.9816849816849816,0.13330078125,0.000732421875
hiero_0372,2.0,0.0,2.0,440.0,435.0,5.0,220.0,0.9886363636363636,0.107421875,0.00048828125
hiero_0373,2.0,0.0,2.0,480.0,475.0,5.0,240.0,0.9895833333333334,0.1171875,0.00048828125
hiero_0374,2.0,0.0,2.0,453.0,447.0,6.0,226.5,0.9867549668874173,0.110595703125,0.00048828125
hiero_0375,2.0,1.0,1.0,391.0,389.0,2.0,195.5,0.9948849104859335,0.095458984375,0.00048828125
hiero_0376,7.0,0.0,7.0,530.0,201.0,1.0,75.71428571428571,0.37924528301886795,0.12939453125,0.001708984375
hiero_0377,4.0,0.0,4.0,364.0,298.0,1.0,91.0,0.8186813186813187,0.0888671875,0.0009765625
hiero_0378,5.0,0.0,5.0,593.0,447.0,4.0,118.6,0.7537942664418212,0.144775390625,0.001220703125
hiero_0379,6.0,0.0,6.0,594.0,503.0,3.0,99.0,0.8468013468013468,0.14501953125,0.00146484375
hiero_0380,4.0,0.0,4.0,333.0,182.0,25.0,83.25,0.5465465465465466,0.081298828125,0.0009765625
hiero_0381,4.0,0.0,4.0,497.0,430.0,4.0,124.25,0.8651911468812877,0.121337890625,0.0009765625
hiero_0382,5.0,0.0,5.0,307.0,112.0,6.0,61.4,0.36482084690553745,0.074951171875,0.001220703125
hiero_0383,2.0,0.0,2.0,226.0,216.0,10.0,113.0,0.9557522123893806,0.05517578125,0.00048828125
hiero_0384,2.0,0.0,2.0,334.0,324.0,10.0,167.0,0.9700598802395209,0.08154296875,0.00048828125
hiero_0385,1.0,0.0,1.0,244.0,244.0,244.0,244.0,1.0,0.0595703125,0.000244140625
hiero_0386,1.0,0.0,1.0,191.0,191.0,191.0,191.0,1.0,0.046630859375,0.000244140625
hiero_0387,1.0,2.0,-1.0,357.0,357.0,357.0,357.0,1.0,0.087158203125,0.000244140625
hiero_0388,2.0,0.0,2.0,146.0,82.0,64.0,73.0,0.5616438356164384,0.03564453125,0.00048828125
hiero_0389,2.0,0.0,2.0,176.0,93.0,83.0,88.0,0.5284090909090909,0.04296875,0.00048828125
hiero_0390,3.0,0.0,3.0,245.0,129.0,28.0,81.66666666666667,0.5265306122448979,0.059814453125,0.000732421875
hiero_0391,1.0,0.0,1.0,109.0,109.0,109.0,109.0,1.0,0.026611328125,0.000244140625
hiero_0392,6.0,0.0,6.0,538.0,239.0,3.0,89.66666666666667,0.44423791821561337,0.13134765625,0.00146484375
hiero_0393,1.0,4.0,-3.0,826.0,826.0,826.0,826.0,1.0,0.20166015625,0.000244140625
hiero_0394,6.0,0.0,6.0,218.0,135.0,1.0,36.333333333333336,0.6192660550458715,0.05322265625,0.00146484375
hiero_0395,2.0,3.0,-1.0,502.0,497.0,5.0,251.0,0.9900398406374502,0.12255859375,0.00048828125
hiero_0396,4.0,0.0,4.0,287.0,208.0,1.0,71.75,0.7247386759581882,0.070068359375,0.0009765625
hiero_0397,2.0,0.0,2.0,195.0,186.0,9.0,97.5,0.9538461538461539,0.047607421875,0.00048828125
hiero_0398,1.0,0.0,1.0,229.0,229.0,229.0,229.0,1.0,0.055908203125,0.000244140625
hiero_0399,7.0,2.0,5.0,420.0,221.0,1.0,60.0,0.5261904761904762,0.1025390625,0.001708984375
hiero_0400,3.0,0.0,3.0,199.0,119.0,4.0,66.33333333333333,0.5979899497487438,0.048583984375,0.000732421875
hiero_0401,3.0,0.0,3.0,176.0,96.0,2.0,58.666666666666664,0.5454545454545454,0.04296875,0.000732421875
hiero_0402,5.0,0.0,5.0,350.0,160.0,4.0,70.0,0.45714285714285713,0.08544921875,0.001220703125
hiero_0403,1.0,0.0,1.0,243.0,243.0,243.0,243.0,1.0,0.059326171875,0.000244140625
hiero_0404,2.0,0.0,2.0,249.0,248.0,1.0,124.5,0.9959839357429718,0.060791015625,0.00048828125
hiero_0405,1.0,0.0,1.0,284.0,284.0,284.0,284.0,1.0,0.0693359375,0.000244140625
hiero_0406,3.0,0.0,3.0,397.0,239.0,60.0,132.33333333333334,0.6020151133501259,0.096923828125,0.000732421875
hiero_0407,2.0,0.0,2.0,259.0,256.0,3.0,129.5,0.9884169884169884,0.063232421875,0.00048828125
hiero_0408,2.0,1.0,1.0,326.0,324.0,2.0,163.0,0.9938650306748467,0.07958984375,0.00048828125
hiero_0409,5.0,0.0,5.0,452.0,285.0,1.0,90.4,0.6305309734513275,0.1103515625,0.001220703125
hiero_0410,4.0,0.0,4.0,454.0,445.0,1.0,113.5,0.9801762114537445,0.11083984375,0.0009765625
hiero_0411,5.0,0.0,5.0,290.0,280.0,1.0,58.0,0.9655172413793104,0.07080078125,0.001220703125
hiero_0412,2.0,0.0,2.0,273.0,252.0,21.0,136.5,0.9230769230769231,0.066650390625,0.00048828125
hiero_0413,2.0,0.0,2.0,292.0,287.0,5.0,146.0,0.9828767123287672,0.0712890625,0.00048828125
hiero_0414,1.0,1.0,0.0,286.0,286.0,286.0,286.0,1.0,0.06982421875,0.000244140625
hiero_0415,3.0,0.0,3.0,287.0,271.0,7.0,95.66666666666667,0.9442508710801394,0.070068359375,0.000732421875
hiero_0416,1.0,0.0,1.0,123.0,123.0,123.0,123.0,1.0,0.030029296875,0.000244140625
hiero_0417,4.0,0.0,4.0,316.0,228.0,4.0,79.0,0.7215189873417721,0.0771484375,0.0009765625
hiero_0418,4.0,0.0,4.0,315.0,302.0,1.0,78.75,0.9587301587301588,0.076904296875,0.0009765625
hiero_0419,2.0,1.0,1.0,528.0,526.0,2.0,264.0,0.9962121212121212,0.12890625,0.00048828125
hiero_0420,1.0,5.0,-4.0,580.0,580.0,580.0,580.0,1.0,0.1416015625,0.000244140625
hiero_0421,11.0,2.0,9.0,652.0,246.0,1.0,59.27272727272727,0.3773006134969325,0.1591796875,0.002685546875
hiero_0422,1.0,3.0,-2.0,387.0,387.0,387.0,387.0,1.0,0.094482421875,0.000244140625
hiero_0423,1.0,5.0,-4.0,483.0,483.0,483.0,483.0,1.0,0.117919921875,0.000244140625
hiero_0424,3.0,1.0,2.0,385.0,382.0,1.0,128.33333333333334,0.9922077922077922,0.093994140625,0.000732421875
hiero_0425,1.0,0.0,1.0,111.0,111.0,111.0,111.0,1.0,0.027099609375,0.000244140625
hiero_0426,1.0,0.0,1.0,115.0,115.0,115.0,115.0,1.0,0.028076171875,0.000244140625
hiero_0427,2.0,0.0,2.0,424.0,324.0,100.0,212.0,0.7641509433962265,0.103515625,0.00048828125
hiero_0428,1.0,0.0,1.0,151.0,151.0,151.0,151.0,1.0,0.036865234375,0.000244140625
hiero_0429,1.0,0.0,1.0,167.0,167.0,167.0,167.0,1.0,0.040771484375,0.000244140625
hiero_0430,1.0,0.0,1.0,319.0,319.0,319.0,319.0,1.0,0.077880859375,0.000244140625
hiero_0431,3.0,0.0,3.0,313.0,223.0,2.0,104.33333333333333,0.7124600638977636,0.076416015625,0.000732421875
hiero_0432,1.0,2.0,-1.0,302.0,302.0,302.0,302.0,1.0,0.07373046875,0.000244140625
hiero_0433,1.0,0.0,1.0,228.0,228.0,228.0,228.0,1.0,0.0556640625,0.000244140625
hiero_0434,3.0,0.0,3.0,602.0,578.0,8.0,200.66666666666666,0.9601328903654485,0.14697265625,0.000732421875
hiero_0435,1.0,0.0,1.0,157.0,157.0,157.0,157.0,1.0,0.038330078125,0.000244140625
hiero_0436,1.0,0.0,1.0,176.0,176.0,176.0,176.0,1.0,0.04296875,0.000244140625
hiero_0437,1.0,0.0,1.0,225.0,225.0,225.0,225.0,1.0,0.054931640625,0.000244140625
hiero_0438,1.0,1.0,0.0,183.0,183.0,183.0,183.0,1.0,0.044677734375,0.000244140625
hiero_0439,3.0,0.0,3.0,477.0,275.0,70.0,159.0,0.5765199161425576,0.116455078125,0.000732421875
hiero_0440,1.0,0.0,1.0,317.0,317.0,317.0,317.0,1.0,0.077392578125,0.000244140625
hiero_0441,1.0,0.0,1.0,194.0,194.0,194.0,194.0,1.0,0.04736328125,0.000244140625
hiero_0442,1.0,0.0,1.0,262.0,262.0,262.0,262.0,1.0,0.06396484375,0.000244140625
hiero_0443,2.0,0.0,2.0,373.0,264.0,109.0,186.5,0.707774798927614,0.091064453125,0.00048828125
hiero_0444,1.0,0.0,1.0,199.0,199.0,199.0,199.0,1.0,0.048583984375,0.000244140625
hiero_0445,2.0,0.0,2.0,405.0,206.0,199.0,202.5,0.508641975308642,0.098876953125,0.00048828125
hiero_0446,3.0,2.0,1.0,606.0,206.0,199.0,202.0,0.33993399339933994,0.14794921875,0.000732421875
hiero_0447,4.0,2.0,2.0,603.0,206.0,98.0,150.75,0.3416252072968491,0.147216796875,0.0009765625
hiero_0448,3.0,4.0,-1.0,607.0,206.0,200.0,202.33333333333334,0.3393739703459638,0.148193359375,0.000732421875
hiero_0449,6.0,0.0,6.0,660.0,116.0,99.0,110.0,0.17575757575757575,0.1611328125,0.00146484375
hiero_0450,7.0,0.0,7.0,728.0,116.0,93.0,104.0,0.15934065934065933,0.177734375,0.001708984375
hiero_0451,8.0,0.0,8.0,890.0,116.0,99.0,111.25,0.1303370786516854,0.21728515625,0.001953125
hiero_0452,20.0,0.0,20.0,423.0,52.0,1.0,21.15,0.12293144208037825,0.103271484375,0.0048828125
hiero_0453,1.0,0.0,1.0,165.0,165.0,165.0,165.0,1.0,0.040283203125,0.000244140625
hiero_0454,2.0,0.0,2.0,358.0,354.0,4.0,179.0,0.9888268156424581,0.08740234375,0.00048828125
hiero_0455,1.0,0.0,1.0,407.0,407.0,407.0,407.0,1.0,0.099365234375,0.000244140625
hiero_0456,4.0,2.0,2.0,458.0,429.0,4.0,114.5,0.9366812227074236,0.11181640625,0.0009765625
hiero_0457,1.0,1.0,0.0,339.0,339.0,339.0,339.0,1.0,0.082763671875,0.000244140625
hiero_0458,1.0,0.0,1.0,318.0,318.0,318.0,318.0,1.0,0.07763671875,0.000244140625
hiero_0459,1.0,0.0,1.0,126.0,126.0,126.0,126.0,1.0,0.03076171875,0.000244140625
hiero_0460,2.0,0.0,2.0,258.0,132.0,126.0,129.0,0.5116279069767442,0.06298828125,0.00048828125
hiero_0461,1.0,0.0,1.0,234.0,234.0,234.0,234.0,1.0,0.05712890625,0.000244140625
hiero_0462,1.0,2.0,-1.0,419.0,419.0,419.0,419.0,1.0,0.102294921875,0.000244140625
hiero_0463,1.0,0.0,1.0,511.0,511.0,511.0,511.0,1.0,0.124755859375,0.000244140625
hiero_0464,1.0,0.0,1.0,409.0,409.0,409.0,409.0,1.0,0.099853515625,0.000244140625
hiero_0465,1.0,0.0,1.0,208.0,208.0,208.0,208.0,1.0,0.05078125,0.000244140625
hiero_0466,2.0,0.0,2.0,413.0,207.0,206.0,206.5,0.5012106537530266,0.100830078125,0.00048828125
hiero_0467,1.0,2.0,-1.0,293.0,293.0,293.0,293.0,1.0,0.071533203125,0.000244140625
hiero_0468,1.0,2.0,-1.0,360.0,360.0,360.0,360.0,1.0,0.087890625,0.000244140625
hiero_0469,1.0,0.0,1.0,150.0,150.0,150.0,150.0,1.0,0.03662109375,0.000244140625
hiero_0470,1.0,4.0,-3.0,541.0,541.0,541.0,541.0,1.0,0.132080078125,0.000244140625
hiero_0471,1.0,5.0,-4.0,484.0,484.0,484.0,484.0,1.0,0.1181640625,0.000244140625
hiero_0472,1.0,3.0,-2.0,641.0,641.0,641.0,641.0,1.0,0.156494140625,0.000244140625
hiero_0473,1.0,8.0,-7.0,495.0,495.0,495.0,495.0,1.0,0.120849609375,0.000244140625
hiero_0474,1.0,2.0,-1.0,418.0,418.0,418.0,418.0,1.0,0.10205078125,0.000244140625
hiero_0475,1.0,0.0,1.0,147.0,147.0,147.0,147.0,1.0,0.035888671875,0.000244140625
hiero_0476,1.0,1.0,0.0,174.0,174.0,174.0,174.0,1.0,0.04248046875,0.000244140625
hiero_0477,1.0,0.0,1.0,222.0,222.0,222.0,222.0,1.0,0.05419921875,0.000244140625
hiero_0478,1.0,0.0,1.0,122.0,122.0,122.0,122.0,1.0,0.02978515625,0.000244140625
hiero_0479,1.0,0.0,1.0,179.0,179.0,179.0,179.0,1.0,0.043701171875,0.000244140625
hiero_0480,3.0,0.0,3.0,156.0,53.0,50.0,52.0,0.33974358974358976,0.0380859375,0.000732421875
hiero_0481,3.0,0.0,3.0,155.0,52.0,51.0,51.666666666666664,0.33548387096774196,0.037841796875,0.000732421875
hiero_0482,3.0,0.0,3.0,157.0,56.0,50.0,52.333333333333336,0.35668789808917195,0.038330078125,0.000732421875
hiero_0483,1.0,0.0,1.0,295.0,295.0,295.0,295.0,1.0,0.072021484375,0.000244140625
hiero_0484,1.0,0.0,1.0,136.0,136.0,136.0,136.0,1.0,0.033203125,0.000244140625
hiero_0485,1.0,0.0,1.0,363.0,363.0,363.0,363.0,1.0,0.088623046875,0.000244140625
hiero_0486,1.0,8.0,-7.0,561.0,561.0,561.0,561.0,1.0,0.136962890625,0.000244140625
hiero_0487,1.0,11.0,-10.0,544.0,544.0,544.0,544.0,1.0,0.1328125,0.000244140625
hiero_0488,1.0,3.0,-2.0,219.0,219.0,219.0,219.0,1.0,0.053466796875,0.000244140625
hiero_0489,1.0,2.0,-1.0,179.0,179.0,179.0,179.0,1.0,0.043701171875,0.000244140625
hiero_0490,1.0,2.0,-1.0,159.0,159.0,159.0,159.0,1.0,0.038818359375,0.000244140625
hiero_0491,1.0,0.0,1.0,129.0,129.0,129.0,129.0,1.0,0.031494140625,0.000244140625
hiero_0492,1.0,1.0,0.0,169.0,169.0,169.0,169.0,1.0,0.041259765625,0.000244140625
hiero_0493,1.0,0.0,1.0,570.0,570.0,570.0,570.0,1.0,0.13916015625,0.000244140625
hiero_0494,1.0,0.0,1.0,172.0,172.0,172.0,172.0,1.0,0.0419921875,0.000244140625
hiero_0495,2.0,0.0,2.0,131.0,67.0,64.0,65.5,0.5114503816793893,0.031982421875,0.00048828125
hiero_0496,1.0,0.0,1.0,357.0,357.0,357.0,357.0,1.0,0.087158203125,0.000244140625
hiero_0497,1.0,3.0,-2.0,272.0,272.0,272.0,272.0,1.0,0.06640625,0.000244140625
hiero_0498,1.0,0.0,1.0,300.0,300.0,300.0,300.0,1.0,0.0732421875,0.000244140625
hiero_0499,2.0,0.0,2.0,166.0,143.0,23.0,83.0,0.8614457831325302,0.04052734375,0.00048828125
hiero_0500,2.0,1.0,1.0,314.0,284.0,30.0,157.0,0.9044585987261147,0.07666015625,0.00048828125
hiero_0501,2.0,0.0,2.0,356.0,339.0,17.0,178.0,0.952247191011236,0.0869140625,0.00048828125
hiero_0502,2.0,0.0,2.0,195.0,181.0,14.0,97.5,0.9282051282051282,0.047607421875,0.00048828125
hiero_0503,1.0,0.0,1.0,143.0,143.0,143.0,143.0,1.0,0.034912109375,0.000244140625
hiero_0504,1.0,0.0,1.0,149.0,149.0,149.0,149.0,1.0,0.036376953125,0.000244140625
hiero_0505,2.0,0.0,2.0,150.0,79.0,71.0,75.0,0.5266666666666666,0.03662109375,0.00048828125
hiero_0506,2.0,0.0,2.0,189.0,118.0,71.0,94.5,0.6243386243386243,0.046142578125,0.00048828125
hiero_0507,4.0,0.0,4.0,394.0,243.0,42.0,98.5,0.616751269035533,0.09619140625,0.0009765625
hiero_0508,1.0,0.0,1.0,300.0,300.0,300.0,300.0,1.0,0.0732421875,0.000244140625
hiero_0509,4.0,0.0,4.0,484.0,348.0,45.0,121.0,0.71900826446281,0.1181640625,0.0009765625
hiero_0510,5.0,3.0,2.0,188.0,64.0,20.0,37.6,0.3404255319148936,0.0458984375,0.001220703125
hiero_0511,2.0,0.0,2.0,128.0,64.0,64.0,64.0,0.5,0.03125,0.00048828125
hiero_0512,2.0,0.0,2.0,133.0,67.0,66.0,66.5,0.5037593984962406,0.032470703125,0.00048828125
hiero_0513,2.0,0.0,2.0,242.0,146.0,96.0,121.0,0.6033057851239669,0.05908203125,0.00048828125
hiero_0514,3.0,1.0,2.0,261.0,128.0,66.0,87.0,0.4904214559386973,0.063720703125,0.000732421875
hiero_0515,4.0,0.0,4.0,267.0,67.0,66.0,66.75,0.250936329588015,0.065185546875,0.0009765625
hiero_0516,4.0,0.0,4.0,288.0,74.0,70.0,72.0,0.2569444444444444,0.0703125,0.0009765625
hiero_0517,1.0,0.0,1.0,91.0,91.0,91.0,91.0,1.0,0.022216796875,0.000244140625
hiero_0518,3.0,0.0,3.0,272.0,141.0,65.0,90.66666666666667,0.5183823529411765,0.06640625,0.000732421875
hiero_0519,1.0,0.0,1.0,195.0,195.0,195.0,195.0,1.0,0.047607421875,0.000244140625
hiero_0520,1.0,10.0,-9.0,343.0,343.0,343.0,343.0,1.0,0.083740234375,0.000244140625
hiero_0521,2.0,0.0,2.0,180.0,116.0,64.0,90.0,0.6444444444444445,0.0439453125,0.00048828125
hiero_0522,1.0,0.0,1.0,192.0,192.0,192.0,192.0,1.0,0.046875,0.000244140625
hiero_0523,2.0,0.0,2.0,168.0,104.0,64.0,84.0,0.6190476190476191,0.041015625,0.00048828125
hiero_0524,3.0,0.0,3.0,234.0,165.0,5.0,78.0,0.7051282051282052,0.05712890625,0.000732421875
hiero_0525,2.0,0.0,2.0,237.0,162.0,75.0,118.5,0.6835443037974683,0.057861328125,0.00048828125
hiero_0526,1.0,0.0,1.0,118.0,118.0,118.0,118.0,1.0,0.02880859375,0.000244140625
hiero_0527,2.0,0.0,2.0,203.0,139.0,64.0,101.5,0.6847290640394089,0.049560546875,0.00048828125
hiero_0528,5.0,1.0,4.0,367.0,119.0,22.0,73.4,0.3242506811989101,0.089599609375,0.001220703125
hiero_0529,1.0,0.0,1.0,205.0,205.0,205.0,205.0,1.0,0.050048828125,0.000244140625
hiero_0530,1.0,0.0,1.0,27.0,27.0,27.0,27.0,1.0,0.006591796875,0.000244140625
hiero_0531,3.0,0.0,3.0,83.0,28.0,27.0,27.666666666666668,0.3373493975903614,0.020263671875,0.000732421875
hiero_0532,1.0,0.0,1.0,178.0,178.0,178.0,178.0,1.0,0.04345703125,0.000244140625
hiero_0533,1.0,0.0,1.0,170.0,170.0,170.0,170.0,1.0,0.04150390625,0.000244140625
hiero_0534,1.0,0.0,1.0,211.0,211.0,211.0,211.0,1.0,0.051513671875,0.000244140625
hiero_0535,3.0,0.0,3.0,626.0,211.0,206.0,208.66666666666666,0.33706070287539935,0.15283203125,0.000732421875
hiero_0536,5.0,1.0,4.0,286.0,114.0,22.0,57.2,0.3986013986013986,0.06982421875,0.001220703125
hiero_0537,3.0,1.0,2.0,278.0,150.0,64.0,92.66666666666667,0.539568345323741,0.06787109375,0.000732421875
hiero_0538,3.0,1.0,2.0,310.0,182.0,64.0,103.33333333333333,0.5870967741935483,0.07568359375,0.000732421875
hiero_0539,3.0,1.0,2.0,437.0,309.0,64.0,145.66666666666666,0.7070938215102975,0.106689453125,0.000732421875
hiero_0540,1.0,0.0,1.0,389.0,389.0,389.0,389.0,1.0,0.094970703125,0.000244140625
hiero_0541,3.0,1.0,2.0,435.0,223.0,64.0,145.0,0.5126436781609195,0.106201171875,0.000732421875
hiero_0542,1.0,0.0,1.0,138.0,138.0,138.0,138.0,1.0,0.03369140625,0.000244140625
hiero_0543,1.0,0.0,1.0,117.0,117.0,117.0,117.0,1.0,0.028564453125,0.000244140625
hiero_0544,1.0,11.0,-10.0,738.0,738.0,738.0,738.0,1.0,0.18017578125,0.000244140625
hiero_0545,2.0,11.0,-9.0,662.0,507.0,155.0,331.0,0.7658610271903323,0.16162109375,0.00048828125
hiero_0546,2.0,10.0,-8.0,721.0,720.0,1.0,360.5,0.9986130374479889,0.176025390625,0.00048828125
hiero_0547,2.0,10.0,-8.0,835.0,826.0,9.0,417.5,0.9892215568862276,0.203857421875,0.00048828125
hiero_0548,1.0,10.0,-9.0,901.0,901.0,901.0,901.0,1.0,0.219970703125,0.000244140625
hiero_0549,3.0,10.0,-7.0,747.0,629.0,41.0,249.0,0.8420348058902276,0.182373046875,0.000732421875
hiero_0550,3.0,9.0,-6.0,810.0,806.0,1.0,270.0,0.9950617283950617,0.19775390625,0.000732421875
hiero_0551,2.0,8.0,-6.0,754.0,752.0,2.0,377.0,0.9973474801061007,0.18408203125,0.00048828125
hiero_0552,2.0,9.0,-7.0,807.0,805.0,2.0,403.5,0.9975216852540273,0.197021484375,0.00048828125
hiero_0553,1.0,12.0,-11.0,695.0,695.0,695.0,695.0,1.0,0.169677734375,0.000244140625
hiero_0554,5.0,10.0,-5.0,803.0,740.0,1.0,160.6,0.9215442092154421,0.196044921875,0.001220703125
hiero_0555,4.0,11.0,-7.0,822.0,814.0,1.0,205.5,0.9902676399026764,0.20068359375,0.0009765625
hiero_0556,7.0,8.0,-1.0,846.0,759.0,1.0,120.85714285714286,0.8971631205673759,0.20654296875,0.001708984375
hiero_0557,2.0,8.0,-6.0,612.0,602.0,10.0,306.0,0.9836601307189542,0.1494140625,0.00048828125
hiero_0558,2.0,10.0,-8.0,769.0,607.0,162.0,384.5,0.7893368010403121,0.187744140625,0.00048828125
hiero_0559,5.0,9.0,-4.0,663.0,603.0,2.0,132.6,0.9095022624434389,0.161865234375,0.001220703125
hiero_0560,3.0,10.0,-7.0,685.0,420.0,32.0,228.33333333333334,0.6131386861313869,0.167236328125,0.000732421875
hiero_0561,5.0,9.0,-4.0,758.0,523.0,1.0,151.6,0.6899736147757256,0.18505859375,0.001220703125
hiero_0562,5.0,8.0,-3.0,823.0,516.0,41.0,164.6,0.6269744835965978,0.200927734375,0.001220703125
hiero_0563,4.0,9.0,-5.0,737.0,626.0,3.0,184.25,0.8493894165535957,0.179931640625,0.0009765625
hiero_0564,2.0,8.0,-6.0,751.0,624.0,127.0,375.5,0.8308921438082557,0.183349609375,0.00048828125
hiero_0565,2.0,10.0,-8.0,654.0,631.0,23.0,327.0,0.9648318042813455,0.15966796875,0.00048828125
hiero_0566,3.0,7.0,-4.0,708.0,580.0,38.0,236.0,0.8192090395480226,0.1728515625,0.000732421875
hiero_0567,5.0,11.0,-6.0,739.0,726.0,1.0,147.8,0.9824086603518268,0.180419921875,0.001220703125
hiero_0568,5.0,8.0,-3.0,580.0,495.0,8.0,116.0,0.853448275862069,0.1416015625,0.001220703125
hiero_0569,2.0,12.0,-10.0,590.0,438.0,152.0,295.0,0.7423728813559322,0.14404296875,0.00048828125
hiero_0570,1.0,14.0,-13.0,835.0,835.0,835.0,835.0,1.0,0.203857421875,0.000244140625
hiero_0571,3.0,12.0,-9.0,726.0,592.0,1.0,242.0,0.8154269972451791,0.17724609375,0.000732421875
hiero_0572,1.0,11.0,-10.0,597.0,597.0,597.0,597.0,1.0,0.145751953125,0.000244140625
hiero_0573,3.0,12.0,-9.0,618.0,564.0,20.0,206.0,0.912621359223301,0.15087890625,0.000732421875
hiero_0574,6.0,7.0,-1.0,639.0,445.0,4.0,106.5,0.6964006259780907,0.156005859375,0.00146484375
hiero_0575,1.0,7.0,-6.0,645.0,645.0,645.0,645.0,1.0,0.157470703125,0.000244140625
hiero_0576,3.0,13.0,-10.0,764.0,634.0,42.0,254.66666666666666,0.8298429319371727,0.1865234375,0.000732421875
hiero_0577,1.0,11.0,-10.0,788.0,788.0,788.0,788.0,1.0,0.1923828125,0.000244140625
hiero_0578,5.0,9.0,-4.0,827.0,526.0,51.0,165.4,0.6360338573155986,0.201904296875,0.001220703125
hiero_0579,3.0,9.0,-6.0,715.0,444.0,111.0,238.33333333333334,0.620979020979021,0.174560546875,0.000732421875
hiero_0580,4.0,9.0,-5.0,752.0,442.0,32.0,188.0,0.5877659574468085,0.18359375,0.0009765625
hiero_0581,4.0,12.0,-8.0,781.0,461.0,44.0,195.25,0.5902688860435339,0.190673828125,0.0009765625
hiero_0582,1.0,14.0,-13.0,801.0,801.0,801.0,801.0,1.0,0.195556640625,0.000244140625
hiero_0583,1.0,11.0,-10.0,667.0,667.0,667.0,667.0,1.0,0.162841796875,0.000244140625
hiero_0584,2.0,9.0,-7.0,672.0,671.0,1.0,336.0,0.9985119047619048,0.1640625,0.00048828125
hiero_0585,3.0,11.0,-8.0,708.0,703.0,1.0,236.0,0.9929378531073446,0.1728515625,0.000732421875
hiero_0586,3.0,9.0,-6.0,638.0,634.0,1.0,212.66666666666666,0.9937304075235109,0.15576171875,0.000732421875
hiero_0587,1.0,11.0,-10.0,743.0,743.0,743.0,743.0,1.0,0.181396484375,0.000244140625
hiero_0588,5.0,7.0,-2.0,698.0,440.0,31.0,139.6,0.6303724928366762,0.17041015625,0.001220703125
hiero_0589,4.0,7.0,-3.0,697.0,440.0,44.0,174.25,0.6312769010043041,0.170166015625,0.0009765625
hiero_0590,1.0,7.0,-6.0,566.0,566.0,566.0,566.0,1.0,0.13818359375,0.000244140625
hiero_0591,2.0,11.0,-9.0,588.0,506.0,82.0,294.0,0.8605442176870748,0.1435546875,0.00048828125
hiero_0592,2.0,0.0,2.0,266.0,202.0,64.0,133.0,0.7593984962406015,0.06494140625,0.00048828125
hiero_0593,2.0,3.0,-1.0,483.0,246.0,237.0,241.5,0.5093167701863354,0.117919921875,0.00048828125
hiero_0594,2.0,0.0,2.0,331.0,196.0,135.0,165.5,0.5921450151057401,0.080810546875,0.00048828125
hiero_0595,4.0,0.0,4.0,483.0,206.0,62.0,120.75,0.42650103519668736,0.117919921875,0.0009765625
hiero_0596,1.0,1.0,0.0,390.0,390.0,390.0,390.0,1.0,0.09521484375,0.000244140625
hiero_0597,2.0,0.0,2.0,324.0,162.0,162.0,162.0,0.5,0.0791015625,0.00048828125
hiero_0598,2.0,0.0,2.0,324.0,162.0,162.0,162.0,0.5,0.0791015625,0.00048828125
hiero_0599,4.0,2.0,2.0,390.0,194.0,64.0,97.5,0.49743589743589745,0.09521484375,0.0009765625
hiero_0600,2.0,0.0,2.0,176.0,112.0,64.0,88.0,0.6363636363636364,0.04296875,0.00048828125
hiero_0601,3.0,1.0,2.0,242.0,112.0,64.0,80.66666666666667,0.4628099173553719,0.05908203125,0.000732421875
hiero_0602,3.0,1.0,2.0,242.0,112.0,64.0,80.66666666666667,0.4628099173553719,0.05908203125,0.000732421875
hiero_0603,3.0,1.0,2.0,242.0,112.0,64.0,80.66666666666667,0.4628099173553719,0.05908203125,0.000732421875
hiero_0604,3.0,1.0,2.0,242.0,112.0,64.0,80.66666666666667,0.4628099173553719,0.05908203125,0.000732421875
hiero_0605,2.0,0.0,2.0,176.0,112.0,64.0,88.0,0.6363636363636364,0.04296875,0.00048828125
hiero_0606,5.0,2.0,3.0,438.0,194.0,48.0,87.6,0.4429223744292237,0.10693359375,0.001220703125
hiero_0607,2.0,1.0,1.0,565.0,517.0,48.0,282.5,0.9150442477876106,0.137939453125,0.00048828125
hiero_0608,3.0,2.0,1.0,374.0,296.0,32.0,124.66666666666667,0.7914438502673797,0.09130859375,0.000732421875
hiero_0609,3.0,6.0,-3.0,716.0,426.0,44.0,238.66666666666666,0.5949720670391061,0.1748046875,0.000732421875
hiero_0610,3.0,3.0,0.0,536.0,246.0,46.0,178.66666666666666,0.458955223880597,0.130859375,0.000732421875
hiero_0611,4.0,2.0,2.0,689.0,373.0,26.0,172.25,0.5413642960812772,0.168212890625,0.0009765625
hiero_0612,4.0,4.0,0.0,739.0,535.0,14.0,184.75,0.7239512855209743,0.180419921875,0.0009765625
hiero_0613,1.0,10.0,-9.0,367.0,367.0,367.0,367.0,1.0,0.089599609375,0.000244140625
hiero_0614,3.0,12.0,-9.0,519.0,312.0,10.0,173.0,0.6011560693641619,0.126708984375,0.000732421875
hiero_0615,23.0,0.0,23.0,634.0,338.0,5.0,27.565217391304348,0.5331230283911672,0.15478515625,0.005615234375
hiero_0616,9.0,0.0,9.0,382.0,167.0,10.0,42.44444444444444,0.43717277486910994,0.09326171875,0.002197265625
hiero_0617,12.0,5.0,7.0,731.0,284.0,24.0,60.916666666666664,0.38850889192886456,0.178466796875,0.0029296875
hiero_0618,6.0,1.0,5.0,716.0,297.0,1.0,119.33333333333333,0.41480446927374304,0.1748046875,0.00146484375
hiero_0619,5.0,0.0,5.0,476.0,299.0,1.0,95.2,0.6281512605042017,0.1162109375,0.001220703125
hiero_0620,1.0,2.0,-1.0,535.0,535.0,535.0,535.0,1.0,0.130615234375,0.000244140625
hiero_0621,1.0,1.0,0.0,565.0,565.0,565.0,565.0,1.0,0.137939453125,0.000244140625
hiero_0622,1.0,4.0,-3.0,551.0,551.0,551.0,551.0,1.0,0.134521484375,0.000244140625
hiero_0623,1.0,6.0,-5.0,520.0,520.0,520.0,520.0,1.0,0.126953125,0.000244140625
hiero_0624,1.0,4.0,-3.0,476.0,476.0,476.0,476.0,1.0,0.1162109375,0.000244140625
hiero_0625,1.0,3.0,-2.0,381.0,381.0,381.0,381.0,1.0,0.093017578125,0.000244140625
hiero_0626,1.0,0.0,1.0,370.0,370.0,370.0,370.0,1.0,0.09033203125,0.000244140625
hiero_0627,6.0,0.0,6.0,561.0,435.0,4.0,93.5,0.7754010695187166,0.136962890625,0.00146484375
hiero_0628,1.0,0.0,1.0,193.0,193.0,193.0,193.0,1.0,0.047119140625,0.000244140625
hiero_0629,1.0,0.0,1.0,176.0,176.0,176.0,176.0,1.0,0.04296875,0.000244140625
hiero_0630,1.0,1.0,0.0,160.0,160.0,160.0,160.0,1.0,0.0390625,0.000244140625
hiero_0631,1.0,0.0,1.0,221.0,221.0,221.0,221.0,1.0,0.053955078125,0.000244140625
hiero_0632,1.0,0.0,1.0,207.0,207.0,207.0,207.0,1.0,0.050537109375,0.000244140625
hiero_0633,2.0,6.0,-4.0,522.0,458.0,64.0,261.0,0.8773946360153256,0.12744140625,0.00048828125
hiero_0634,1.0,2.0,-1.0,183.0,183.0,183.0,183.0,1.0,0.044677734375,0.000244140625
hiero_0635,1.0,0.0,1.0,169.0,169.0,169.0,169.0,1.0,0.041259765625,0.000244140625
hiero_0636,1.0,0.0,1.0,168.0,168.0,168.0,168.0,1.0,0.041015625,0.000244140625
hiero_0637,1.0,0.0,1.0,178.0,178.0,178.0,178.0,1.0,0.04345703125,0.000244140625
hiero_0638,7.0,0.0,7.0,521.0,138.0,23.0,74.42857142857143,0.2648752399232246,0.127197265625,0.001708984375
hiero_0639,2.0,0.0,2.0,212.0,148.0,64.0,106.0,0.6981132075471698,0.0517578125,0.00048828125
hiero_0640,2.0,1.0,1.0,396.0,264.0,132.0,198.0,0.6666666666666666,0.0966796875,0.00048828125
hiero_0641,3.0,3.0,0.0,552.0,448.0,52.0,184.0,0.8115942028985508,0.134765625,0.000732421875
hiero_0642,1.0,7.0,-6.0,571.0,571.0,571.0,571.0,1.0,0.139404296875,0.000244140625
hiero_0643,1.0,0.0,1.0,143.0,143.0,143.0,143.0,1.0,0.034912109375,0.000244140625
hiero_0644,1.0,0.0,1.0,322.0,322.0,322.0,322.0,1.0,0.07861328125,0.000244140625
hiero_0645,3.0,1.0,2.0,338.0,193.0,13.0,112.66666666666667,0.5710059171597633,0.08251953125,0.000732421875
hiero_0646,1.0,0.0,1.0,257.0,257.0,257.0,257.0,1.0,0.062744140625,0.000244140625
hiero_0647,2.0,0.0,2.0,254.0,239.0,15.0,127.0,0.9409448818897638,0.06201171875,0.00048828125
hiero_0648,1.0,10.0,-9.0,299.0,299.0,299.0,299.0,1.0,0.072998046875,0.000244140625
hiero_0649,1.0,10.0,-9.0,299.0,299.0,299.0,299.0,1.0,0.072998046875,0.000244140625
hiero_0650,3.0,0.0,3.0,371.0,150.0,110.0,123.66666666666667,0.40431266846361186,0.090576171875,0.000732421875
hiero_0651,1.0,1.0,0.0,174.0,174.0,174.0,174.0,1.0,0.04248046875,0.000244140625
hiero_0652,1.0,1.0,0.0,114.0,114.0,114.0,114.0,1.0,0.02783203125,0.000244140625
hiero_0653,1.0,1.0,0.0,180.0,180.0,180.0,180.0,1.0,0.0439453125,0.000244140625
hiero_0654,2.0,0.0,2.0,184.0,120.0,64.0,92.0,0.6521739130434783,0.044921875,0.00048828125
hiero_0655,4.0,2.0,2.0,607.0,540.0,1.0,151.75,0.8896210873146623,0.148193359375,0.0009765625
hiero_0656,2.0,5.0,-3.0,596.0,532.0,64.0,298.0,0.8926174496644296,0.1455078125,0.00048828125
hiero_0657,1.0,2.0,-1.0,284.0,284.0,284.0,284.0,1.0,0.0693359375,0.000244140625
hiero_0658,1.0,0.0,1.0,152.0,152.0,152.0,152.0,1.0,0.037109375,0.000244140625
hiero_0659,1.0,0.0,1.0,161.0,161.0,161.0,161.0,1.0,0.039306640625,0.000244140625
hiero_0660,1.0,0.0,1.0,179.0,179.0,179.0,179.0,1.0,0.043701171875,0.000244140625
hiero_0661,3.0,2.0,1.0,181.0,103.0,38.0,60.333333333333336,0.569060773480663,0.044189453125,0.000732421875
hiero_0662,1.0,0.0,1.0,189.0,189.0,189.0,189.0,1.0,0.046142578125,0.000244140625
hiero_0663,14.0,2.0,12.0,356.0,226.0,5.0,25.428571428571427,0.6348314606741573,0.0869140625,0.00341796875
hiero_0664,1.0,0.0,1.0,133.0,133.0,133.0,133.0,1.0,0.032470703125,0.000244140625
hiero_0665,1.0,0.0,1.0,133.0,133.0,133.0,133.0,1.0,0.032470703125,0.000244140625
hiero_0666,5.0,0.0,5.0,353.0,260.0,19.0,70.6,0.7365439093484419,0.086181640625,0.001220703125
hiero_0667,2.0,1.0,1.0,357.0,355.0,2.0,178.5,0.9943977591036415,0.087158203125,0.00048828125
hiero_0668,1.0,3.0,-2.0,377.0,377.0,377.0,377.0,1.0,0.092041015625,0.000244140625
hiero_0669,1.0,0.0,1.0,492.0,492.0,492.0,492.0,1.0,0.1201171875,0.000244140625
hiero_0670,1.0,1.0,0.0,362.0,362.0,362.0,362.0,1.0,0.08837890625,0.000244140625
hiero_0671,1.0,1.0,0.0,308.0,308.0,308.0,308.0,1.0,0.0751953125,0.000244140625
hiero_0672,2.0,1.0,1.0,291.0,283.0,8.0,145.5,0.9725085910652921,0.071044921875,0.00048828125
hiero_0673,1.0,6.0,-5.0,388.0,388.0,388.0,388.0,1.0,0.0947265625,0.000244140625
hiero_0674,1.0,4.0,-3.0,265.0,265.0,265.0,265.0,1.0,0.064697265625,0.000244140625
hiero_0675,1.0,4.0,-3.0,422.0,422.0,422.0,422.0,1.0,0.10302734375,0.000244140625
hiero_0676,1.0,0.0,1.0,134.0,134.0,134.0,134.0,1.0,0.03271484375,0.000244140625
hiero_0677,1.0,0.0,1.0,272.0,272.0,272.0,272.0,1.0,0.06640625,0.000244140625
hiero_0678,1.0,0.0,1.0,217.0,217.0,217.0,217.0,1.0,0.052978515625,0.000244140625
hiero_0679,1.0,0.0,1.0,102.0,102.0,102.0,102.0,1.0,0.02490234375,0.000244140625
hiero_0680,1.0,1.0,0.0,170.0,170.0,170.0,170.0,1.0,0.04150390625,0.000244140625
hiero_0681,1.0,3.0,-2.0,262.0,262.0,262.0,262.0,1.0,0.06396484375,0.000244140625
hiero_0682,1.0,1.0,0.0,70.0,70.0,70.0,70.0,1.0,0.01708984375,0.000244140625
hiero_0683,2.0,0.0,2.0,285.0,221.0,64.0,142.5,0.775438596491228,0.069580078125,0.00048828125
hiero_0684,2.0,0.0,2.0,151.0,87.0,64.0,75.5,0.5761589403973509,0.036865234375,0.00048828125
hiero_0685,1.0,1.0,0.0,290.0,290.0,290.0,290.0,1.0,0.07080078125,0.000244140625
hiero_0686,2.0,0.0,2.0,278.0,208.0,70.0,139.0,0.7482014388489209,0.06787109375,0.00048828125
hiero_0687,2.0,1.0,1.0,427.0,275.0,152.0,213.5,0.6440281030444965,0.104248046875,0.00048828125
hiero_0688,2.0,0.0,2.0,503.0,351.0,152.0,251.5,0.6978131212723658,0.122802734375,0.00048828125
hiero_0689,1.0,0.0,1.0,280.0,280.0,280.0,280.0,1.0,0.068359375,0.000244140625
hiero_0690,2.0,2.0,0.0,530.0,450.0,80.0,265.0,0.8490566037735849,0.12939453125,0.00048828125
hiero_0691,2.0,0.0,2.0,284.0,176.0,108.0,142.0,0.6197183098591549,0.0693359375,0.00048828125
hiero_0692,2.0,1.0,1.0,356.0,251.0,105.0,178.0,0.7050561797752809,0.0869140625,0.00048828125
hiero_0693,2.0,1.0,1.0,191.0,127.0,64.0,95.5,0.6649214659685864,0.046630859375,0.00048828125
hiero_0694,3.0,0.0,3.0,132.0,123.0,2.0,44.0,0.9318181818181818,0.0322265625,0.000732421875
hiero_0695,1.0,2.0,-1.0,236.0,236.0,236.0,236.0,1.0,0.0576171875,0.000244140625
hiero_0696,1.0,0.0,1.0,150.0,150.0,150.0,150.0,1.0,0.03662109375,0.000244140625
hiero_0697,1.0,1.0,0.0,192.0,192.0,192.0,192.0,1.0,0.046875,0.000244140625
hiero_0698,1.0,0.0,1.0,249.0,249.0,249.0,249.0,1.0,0.060791015625,0.000244140625
hiero_0699,1.0,3.0,-2.0,435.0,435.0,435.0,435.0,1.0,0.106201171875,0.000244140625
hiero_0700,1.0,2.0,-1.0,255.0,255.0,255.0,255.0,1.0,0.062255859375,0.000244140625
hiero_0701,1.0,2.0,-1.0,264.0,264.0,264.0,264.0,1.0,0.064453125,0.000244140625
hiero_0702,2.0,1.0,1.0,254.0,177.0,77.0,127.0,0.6968503937007874,0.06201171875,0.00048828125
hiero_0703,1.0,2.0,-1.0,385.0,385.0,385.0,385.0,1.0,0.093994140625,0.000244140625
hiero_0704,1.0,1.0,0.0,203.0,203.0,203.0,203.0,1.0,0.049560546875,0.000244140625
hiero_0705,1.0,2.0,-1.0,300.0,300.0,300.0,300.0,1.0,0.0732421875,0.000244140625
hiero_0706,1.0,1.0,0.0,252.0,252.0,252.0,252.0,1.0,0.0615234375,0.000244140625
hiero_0707,3.0,1.0,2.0,178.0,165.0,1.0,59.333333333333336,0.9269662921348315,0.04345703125,0.000732421875
hiero_0708,1.0,2.0,-1.0,328.0,328.0,328.0,328.0,1.0,0.080078125,0.000244140625
hiero_0709,1.0,9.0,-8.0,526.0,526.0,526.0,526.0,1.0,0.12841796875,0.000244140625
hiero_0710,1.0,0.0,1.0,294.0,294.0,294.0,294.0,1.0,0.07177734375,0.000244140625
hiero_0711,1.0,0.0,1.0,489.0,489.0,489.0,489.0,1.0,0.119384765625,0.000244140625
hiero_0712,3.0,4.0,-1.0,329.0,242.0,13.0,109.66666666666667,0.7355623100303952,0.080322265625,0.000732421875
hiero_0713,1.0,0.0,1.0,173.0,173.0,173.0,173.0,1.0,0.042236328125,0.000244140625
hiero_0714,1.0,2.0,-1.0,212.0,212.0,212.0,212.0,1.0,0.0517578125,0.000244140625
hiero_0715,2.0,0.0,2.0,215.0,200.0,15.0,107.5,0.9302325581395349,0.052490234375,0.00048828125
hiero_0716,1.0,1.0,0.0,530.0,530.0,530.0,530.0,1.0,0.12939453125,0.000244140625
hiero_0717,1.0,2.0,-1.0,693.0,693.0,693.0,693.0,1.0,0.169189453125,0.000244140625
hiero_0718,2.0,3.0,-1.0,336.0,332.0,4.0,168.0,0.9880952380952381,0.08203125,0.00048828125
hiero_0719,1.0,1.0,0.0,269.0,269.0,269.0,269.0,1.0,0.065673828125,0.000244140625
hiero_0720,1.0,0.0,1.0,322.0,322.0,322.0,322.0,1.0,0.07861328125,0.000244140625
hiero_0721,1.0,0.0,1.0,184.0,184.0,184.0,184.0,1.0,0.044921875,0.000244140625
hiero_0722,1.0,0.0,1.0,248.0,248.0,248.0,248.0,1.0,0.060546875,0.000244140625
hiero_0723,2.0,0.0,2.0,269.0,147.0,122.0,134.5,0.5464684014869888,0.065673828125,0.00048828125
hiero_0724,1.0,0.0,1.0,267.0,267.0,267.0,267.0,1.0,0.065185546875,0.000244140625
hiero_0725,2.0,0.0,2.0,307.0,296.0,11.0,153.5,0.9641693811074918,0.074951171875,0.00048828125
hiero_0726,1.0,0.0,1.0,335.0,335.0,335.0,335.0,1.0,0.081787109375,0.000244140625
hiero_0727,1.0,0.0,1.0,373.0,373.0,373.0,373.0,1.0,0.091064453125,0.000244140625
hiero_0728,3.0,0.0,3.0,303.0,157.0,5.0,101.0,0.5181518151815182,0.073974609375,0.000732421875
hiero_0729,2.0,0.0,2.0,311.0,308.0,3.0,155.5,0.9903536977491961,0.075927734375,0.00048828125
hiero_0730,3.0,1.0,2.0,467.0,462.0,2.0,155.66666666666666,0.9892933618843683,0.114013671875,0.000732421875
hiero_0731,1.0,0.0,1.0,249.0,249.0,249.0,249.0,1.0,0.060791015625,0.000244140625
hiero_0732,1.0,1.0,0.0,374.0,374.0,374.0,374.0,1.0,0.09130859375,0.000244140625
hiero_0733,1.0,0.0,1.0,299.0,299.0,299.0,299.0,1.0,0.072998046875,0.000244140625
hiero_0734,2.0,0.0,2.0,368.0,302.0,66.0,184.0,0.8206521739130435,0.08984375,0.00048828125
hiero_0735,2.0,1.0,1.0,523.0,421.0,102.0,261.5,0.8049713193116634,0.127685546875,0.00048828125
hiero_0736,2.0,2.0,0.0,469.0,345.0,124.0,234.5,0.7356076759061834,0.114501953125,0.00048828125
hiero_0737,1.0,1.0,0.0,488.0,488.0,488.0,488.0,1.0,0.119140625,0.000244140625
hiero_0738,3.0,0.0,3.0,449.0,216.0,99.0,149.66666666666666,0.48106904231625836,0.109619140625,0.000732421875
hiero_0739,1.0,1.0,0.0,545.0,545.0,545.0,545.0,1.0,0.133056640625,0.000244140625
hiero_0740,1.0,0.0,1.0,433.0,433.0,433.0,433.0,1.0,0.105712890625,0.000244140625
hiero_0741,1.0,1.0,0.0,323.0,323.0,323.0,323.0,1.0,0.078857421875,0.000244140625
hiero_0742,1.0,1.0,0.0,395.0,395.0,395.0,395.0,1.0,0.096435546875,0.000244140625
hiero_0743,2.0,5.0,-3.0,509.0,490.0,19.0,254.5,0.962671905697446,0.124267578125,0.00048828125
hiero_0744,1.0,2.0,-1.0,303.0,303.0,303.0,303.0,1.0,0.073974609375,0.000244140625
hiero_0745,1.0,3.0,-2.0,154.0,154.0,154.0,154.0,1.0,0.03759765625,0.000244140625
hiero_0746,2.0,0.0,2.0,182.0,104.0,78.0,91.0,0.5714285714285714,0.04443359375,0.00048828125
hiero_0747,2.0,1.0,1.0,417.0,351.0,66.0,208.5,0.841726618705036,0.101806640625,0.00048828125
hiero_0748,1.0,0.0,1.0,288.0,288.0,288.0,288.0,1.0,0.0703125,0.000244140625
hiero_0749,1.0,1.0,0.0,137.0,137.0,137.0,137.0,1.0,0.033447265625,0.000244140625
hiero_0750,1.0,1.0,0.0,319.0,319.0,319.0,319.0,1.0,0.077880859375,0.000244140625
hiero_0751,1.0,1.0,0.0,281.0,281.0,281.0,281.0,1.0,0.068603515625,0.000244140625
hiero_0752,1.0,0.0,1.0,144.0,144.0,144.0,144.0,1.0,0.03515625,0.000244140625
hiero_0753,1.0,3.0,-2.0,164.0,164.0,164.0,164.0,1.0,0.0400390625,0.000244140625
hiero_0754,1.0,0.0,1.0,211.0,211.0,211.0,211.0,1.0,0.051513671875,0.000244140625
hiero_0755,2.0,1.0,1.0,301.0,210.0,91.0,150.5,0.6976744186046512,0.073486328125,0.00048828125
hiero_0756,2.0,0.0,2.0,233.0,168.0,65.0,116.5,0.721030042918455,0.056884765625,0.00048828125
hiero_0757,3.0,1.0,2.0,387.0,255.0,2.0,129.0,0.6589147286821705,0.094482421875,0.000732421875
hiero_0758,2.0,0.0,2.0,430.0,317.0,113.0,215.0,0.7372093023255814,0.10498046875,0.00048828125
hiero_0759,1.0,1.0,0.0,163.0,163.0,163.0,163.0,1.0,0.039794921875,0.000244140625
hiero_0760,1.0,0.0,1.0,244.0,244.0,244.0,244.0,1.0,0.0595703125,0.000244140625
hiero_0761,1.0,1.0,0.0,276.0,276.0,276.0,276.0,1.0,0.0673828125,0.000244140625
hiero_0762,1.0,0.0,1.0,245.0,245.0,245.0,245.0,1.0,0.059814453125,0.000244140625
hiero_0763,1.0,0.0,1.0,222.0,222.0,222.0,222.0,1.0,0.05419921875,0.000244140625
hiero_0764,1.0,0.0,1.0,181.0,181.0,181.0,181.0,1.0,0.044189453125,0.000244140625
hiero_0765,1.0,0.0,1.0,178.0,178.0,178.0,178.0,1.0,0.04345703125,0.000244140625
hiero_0766,1.0,0.0,1.0,166.0,166.0,166.0,166.0,1.0,0.04052734375,0.000244140625
hiero_0767,1.0,0.0,1.0,157.0,157.0,157.0,157.0,1.0,0.038330078125,0.000244140625
hiero_0768,1.0,2.0,-1.0,168.0,168.0,168.0,168.0,1.0,0.041015625,0.000244140625
hiero_0769,1.0,2.0,-1.0,178.0,178.0,178.0,178.0,1.0,0.04345703125,0.000244140625
hiero_0770,1.0,1.0,0.0,185.0,185.0,185.0,185.0,1.0,0.045166015625,0.000244140625
hiero_0771,1.0,0.0,1.0,140.0,140.0,140.0,140.0,1.0,0.0341796875,0.000244140625
hiero_0772,1.0,1.0,0.0,204.0,204.0,204.0,204.0,1.0,0.0498046875,0.000244140625
hiero_0773,1.0,0.0,1.0,217.0,217.0,217.0,217.0,1.0,0.052978515625,0.000244140625
hiero_0774,1.0,0.0,1.0,134.0,134.0,134.0,134.0,1.0,0.03271484375,0.000244140625
hiero_0775,1.0,0.0,1.0,151.0,151.0,151.0,151.0,1.0,0.036865234375,0.000244140625
hiero_0776,1.0,0.0,1.0,139.0,139.0,139.0,139.0,1.0,0.033935546875,0.000244140625
hiero_0777,1.0,0.0,1.0,140.0,140.0,140.0,140.0,1.0,0.0341796875,0.000244140625
hiero_0778,1.0,0.0,1.0,224.0,224.0,224.0,224.0,1.0,0.0546875,0.000244140625
hiero_0779,1.0,2.0,-1.0,297.0,297.0,297.0,297.0,1.0,0.072509765625,0.000244140625
hiero_0780,2.0,1.0,1.0,321.0,317.0,4.0,160.5,0.9875389408099688,0.078369140625,0.00048828125
hiero_0781,3.0,2.0,1.0,486.0,483.0,1.0,162.0,0.9938271604938271,0.11865234375,0.000732421875
hiero_0782,1.0,0.0,1.0,170.0,170.0,170.0,170.0,1.0,0.04150390625,0.000244140625
hiero_0783,1.0,0.0,1.0,176.0,176.0,176.0,176.0,1.0,0.04296875,0.000244140625
hiero_0784,1.0,1.0,0.0,149.0,149.0,149.0,149.0,1.0,0.036376953125,0.000244140625
hiero_0785,1.0,0.0,1.0,162.0,162.0,162.0,162.0,1.0,0.03955078125,0.000244140625
hiero_0786,1.0,0.0,1.0,88.0,88.0,88.0,88.0,1.0,0.021484375,0.000244140625
hiero_0787,1.0,2.0,-1.0,136.0,136.0,136.0,136.0,1.0,0.033203125,0.000244140625
hiero_0788,1.0,1.0,0.0,116.0,116.0,116.0,116.0,1.0,0.0283203125,0.000244140625
hiero_0789,1.0,1.0,0.0,148.0,148.0,148.0,148.0,1.0,0.0361328125,0.000244140625
hiero_0790,1.0,2.0,-1.0,331.0,331.0,331.0,331.0,1.0,0.080810546875,0.000244140625
hiero_0791,1.0,2.0,-1.0,375.0,375.0,375.0,375.0,1.0,0.091552734375,0.000244140625
hiero_0792,1.0,2.0,-1.0,225.0,225.0,225.0,225.0,1.0,0.054931640625,0.000244140625
hiero_0793,1.0,0.0,1.0,125.0,125.0,125.0,125.0,1.0,0.030517578125,0.000244140625
hiero_0794,1.0,0.0,1.0,140.0,140.0,140.0,140.0,1.0,0.0341796875,0.000244140625
hiero_0795,1.0,0.0,1.0,174.0,174.0,174.0,174.0,1.0,0.04248046875,0.000244140625
hiero_0796,1.0,0.0,1.0,144.0,144.0,144.0,144.0,1.0,0.03515625,0.000244140625
hiero_0797,11.0,0.0,11.0,442.0,270.0,2.0,40.18181818181818,0.6108597285067874,0.10791015625,0.002685546875
hiero_0798,1.0,2.0,-1.0,233.0,233.0,233.0,233.0,1.0,0.056884765625,0.000244140625
hiero_0799,1.0,3.0,-2.0,235.0,235.0,235.0,235.0,1.0,0.057373046875,0.000244140625
hiero_0800,1.0,2.0,-1.0,186.0,186.0,186.0,186.0,1.0,0.04541015625,0.000244140625
hiero_0801,2.0,0.0,2.0,192.0,108.0,84.0,96.0,0.5625,0.046875,0.00048828125
hiero_0802,1.0,0.0,1.0,157.0,157.0,157.0,157.0,1.0,0.038330078125,0.000244140625
hiero_0803,1.0,0.0,1.0,188.0,188.0,188.0,188.0,1.0,0.0458984375,0.000244140625
hiero_0804,1.0,0.0,1.0,412.0,412.0,412.0,412.0,1.0,0.1005859375,0.000244140625
hiero_0805,1.0,0.0,1.0,319.0,319.0,319.0,319.0,1.0,0.077880859375,0.000244140625
hiero_0806,1.0,4.0,-3.0,297.0,297.0,297.0,297.0,1.0,0.072509765625,0.000244140625
hiero_0807,1.0,1.0,0.0,257.0,257.0,257.0,257.0,1.0,0.062744140625,0.000244140625
hiero_0808,1.0,0.0,1.0,224.0,224.0,224.0,224.0,1.0,0.0546875,0.000244140625
hiero_0809,2.0,0.0,2.0,369.0,288.0,81.0,184.5,0.7804878048780488,0.090087890625,0.00048828125
hiero_0810,2.0,0.0,2.0,166.0,88.0,78.0,83.0,0.5301204819277109,0.04052734375,0.00048828125
hiero_0811,2.0,0.0,2.0,162.0,86.0,76.0,81.0,0.5308641975308642,0.03955078125,0.00048828125
hiero_0812,1.0,0.0,1.0,340.0,340.0,340.0,340.0,1.0,0.0830078125,0.000244140625
hiero_0813,1.0,0.0,1.0,271.0,271.0,271.0,271.0,1.0,0.066162109375,0.000244140625
hiero_0814,3.0,0.0,3.0,287.0,169.0,41.0,95.66666666666667,0.5888501742160279,0.070068359375,0.000732421875
hiero_0815,2.0,0.0,2.0,383.0,342.0,41.0,191.5,0.8929503916449086,0.093505859375,0.00048828125
hiero_0816,1.0,0.0,1.0,154.0,154.0,154.0,154.0,1.0,0.03759765625,0.000244140625
hiero_0817,1.0,0.0,1.0,134.0,134.0,134.0,134.0,1.0,0.03271484375,0.000244140625
hiero_0818,1.0,0.0,1.0,178.0,178.0,178.0,178.0,1.0,0.04345703125,0.000244140625
hiero_0819,1.0,0.0,1.0,228.0,228.0,228.0,228.0,1.0,0.0556640625,0.000244140625
hiero_0820,2.0,0.0,2.0,198.0,120.0,78.0,99.0,0.6060606060606061,0.04833984375,0.00048828125
hiero_0821,1.0,0.0,1.0,329.0,329.0,329.0,329.0,1.0,0.080322265625,0.000244140625
hiero_0822,2.0,0.0,2.0,295.0,219.0,76.0,147.5,0.7423728813559322,0.072021484375,0.00048828125
hiero_0823,3.0,0.0,3.0,282.0,120.0,77.0,94.0,0.425531914893617,0.06884765625,0.000732421875
hiero_0824,1.0,0.0,1.0,281.0,281.0,281.0,281.0,1.0,0.068603515625,0.000244140625
hiero_0825,1.0,0.0,1.0,244.0,244.0,244.0,244.0,1.0,0.0595703125,0.000244140625
hiero_0826,1.0,0.0,1.0,240.0,240.0,240.0,240.0,1.0,0.05859375,0.000244140625
hiero_0827,1.0,2.0,-1.0,278.0,278.0,278.0,278.0,1.0,0.06787109375,0.000244140625
hiero_0828,1.0,0.0,1.0,241.0,241.0,241.0,241.0,1.0,0.058837890625,0.000244140625
hiero_0829,4.0,2.0,2.0,259.0,138.0,38.0,64.75,0.5328185328185329,0.063232421875,0.0009765625
hiero_0830,5.0,2.0,3.0,389.0,233.0,37.0,77.8,0.5989717223650386,0.094970703125,0.001220703125
hiero_0831,4.0,0.0,4.0,309.0,225.0,27.0,77.25,0.7281553398058253,0.075439453125,0.0009765625
hiero_0832,4.0,1.0,3.0,276.0,193.0,26.0,69.0,0.6992753623188406,0.0673828125,0.0009765625
hiero_0833,1.0,0.0,1.0,337.0,337.0,337.0,337.0,1.0,0.082275390625,0.000244140625
hiero_0834,1.0,4.0,-3.0,326.0,326.0,326.0,326.0,1.0,0.07958984375,0.000244140625
hiero_0835,1.0,6.0,-5.0,347.0,347.0,347.0,347.0,1.0,0.084716796875,0.000244140625
hiero_0836,3.0,5.0,-2.0,495.0,483.0,5.0,165.0,0.9757575757575757,0.120849609375,0.000732421875
hiero_0837,1.0,1.0,0.0,305.0,305.0,305.0,305.0,1.0,0.074462890625,0.000244140625
hiero_0838,1.0,1.0,0.0,406.0,406.0,406.0,406.0,1.0,0.09912109375,0.000244140625
hiero_0839,1.0,0.0,1.0,166.0,166.0,166.0,166.0,1.0,0.04052734375,0.000244140625
hiero_0840,1.0,0.0,1.0,113.0,113.0,113.0,113.0,1.0,0.027587890625,0.000244140625
hiero_0841,2.0,1.0,1.0,154.0,112.0,42.0,77.0,0.7272727272727273,0.03759765625,0.00048828125
hiero_0842,1.0,0.0,1.0,102.0,102.0,102.0,102.0,1.0,0.02490234375,0.000244140625
hiero_0843,1.0,1.0,0.0,165.0,165.0,165.0,165.0,1.0,0.040283203125,0.000244140625
hiero_0844,1.0,0.0,1.0,156.0,156.0,156.0,156.0,1.0,0.0380859375,0.000244140625
hiero_0845,1.0,2.0,-1.0,196.0,196.0,196.0,196.0,1.0,0.0478515625,0.000244140625
hiero_0846,1.0,4.0,-3.0,237.0,237.0,237.0,237.0,1.0,0.057861328125,0.000244140625
hiero_0847,1.0,1.0,0.0,161.0,161.0,161.0,161.0,1.0,0.039306640625,0.000244140625
hiero_0848,1.0,2.0,-1.0,134.0,134.0,134.0,134.0,1.0,0.03271484375,0.000244140625
hiero_0849,2.0,0.0,2.0,189.0,115.0,74.0,94.5,0.6084656084656085,0.046142578125,0.00048828125
hiero_0850,5.0,1.0,4.0,175.0,148.0,6.0,35.0,0.8457142857142858,0.042724609375,0.001220703125
hiero_0851,7.0,0.0,7.0,244.0,109.0,4.0,34.857142857142854,0.44672131147540983,0.0595703125,0.001708984375
hiero_0852,1.0,0.0,1.0,147.0,147.0,147.0,147.0,1.0,0.035888671875,0.000244140625
hiero_0853,1.0,0.0,1.0,91.0,91.0,91.0,91.0,1.0,0.022216796875,0.000244140625
hiero_0854,2.0,0.0,2.0,202.0,137.0,65.0,101.0,0.6782178217821783,0.04931640625,0.00048828125
hiero_0855,1.0,0.0,1.0,181.0,181.0,181.0,181.0,1.0,0.044189453125,0.000244140625
hiero_0856,1.0,0.0,1.0,153.0,153.0,153.0,153.0,1.0,0.037353515625,0.000244140625
hiero_0857,1.0,1.0,0.0,150.0,150.0,150.0,150.0,1.0,0.03662109375,0.000244140625
hiero_0858,1.0,0.0,1.0,308.0,308.0,308.0,308.0,1.0,0.0751953125,0.000244140625
hiero_0859,1.0,0.0,1.0,139.0,139.0,139.0,139.0,1.0,0.033935546875,0.000244140625
hiero_0860,1.0,0.0,1.0,207.0,207.0,207.0,207.0,1.0,0.050537109375,0.000244140625
hiero_0861,1.0,8.0,-7.0,534.0,534.0,534.0,534.0,1.0,0.13037109375,0.000244140625
hiero_0862,1.0,2.0,-1.0,246.0,246.0,246.0,246.0,1.0,0.06005859375,0.000244140625
hiero_0863,1.0,0.0,1.0,119.0,119.0,119.0,119.0,1.0,0.029052734375,0.000244140625
hiero_0864,1.0,0.0,1.0,203.0,203.0,203.0,203.0,1.0,0.049560546875,0.000244140625
hiero_0865,3.0,0.0,3.0,141.0,110.0,1.0,47.0,0.7801418439716312,0.034423828125,0.000732421875
hiero_0866,1.0,0.0,1.0,73.0,73.0,73.0,73.0,1.0,0.017822265625,0.000244140625
hiero_0867,2.0,0.0,2.0,146.0,73.0,73.0,73.0,0.5,0.03564453125,0.00048828125
hiero_0868,3.0,0.0,3.0,219.0,73.0,73.0,73.0,0.3333333333333333,0.053466796875,0.000732421875
hiero_0869,6.0,0.0,6.0,247.0,73.0,8.0,41.166666666666664,0.29554655870445345,0.060302734375,0.00146484375
hiero_0870,5.0,0.0,5.0,285.0,59.0,56.0,57.0,0.20701754385964913,0.069580078125,0.001220703125
hiero_0871,6.0,0.0,6.0,332.0,56.0,53.0,55.333333333333336,0.1686746987951807,0.0810546875,0.00146484375
hiero_0872,7.0,0.0,7.0,390.0,58.0,54.0,55.714285714285715,0.14871794871794872,0.09521484375,0.001708984375
hiero_0873,8.0,0.0,8.0,443.0,56.0,53.0,55.375,0.12641083521444696,0.108154296875,0.001953125
hiero_0874,11.0,0.0,11.0,423.0,59.0,1.0,38.45454545454545,0.13947990543735225,0.103271484375,0.002685546875
hiero_0875,6.0,0.0,6.0,204.0,57.0,2.0,34.0,0.27941176470588236,0.0498046875,0.00146484375
hiero_0876,1.0,2.0,-1.0,131.0,131.0,131.0,131.0,1.0,0.031982421875,0.000244140625
hiero_0877,1.0,0.0,1.0,235.0,235.0,235.0,235.0,1.0,0.057373046875,0.000244140625
hiero_0878,2.0,0.0,2.0,523.0,373.0,150.0,261.5,0.7131931166347992,0.127685546875,0.00048828125
hiero_0879,1.0,0.0,1.0,228.0,228.0,228.0,228.0,1.0,0.0556640625,0.000244140625
hiero_0880,1.0,0.0,1.0,272.0,272.0,272.0,272.0,1.0,0.06640625,0.000244140625
hiero_0881,1.0,0.0,1.0,104.0,104.0,104.0,104.0,1.0,0.025390625,0.000244140625
hiero_0882,1.0,0.0,1.0,98.0,98.0,98.0,98.0,1.0,0.02392578125,0.000244140625
hiero_0883,1.0,0.0,1.0,273.0,273.0,273.0,273.0,1.0,0.066650390625,0.000244140625
hiero_0884,1.0,0.0,1.0,170.0,170.0,170.0,170.0,1.0,0.04150390625,0.000244140625
hiero_0885,1.0,0.0,1.0,175.0,175.0,175.0,175.0,1.0,0.042724609375,0.000244140625
hiero_0886,2.0,0.0,2.0,225.0,150.0,75.0,112.5,0.6666666666666666,0.054931640625,0.00048828125
hiero_0887,2.0,0.0,2.0,248.0,141.0,107.0,124.0,0.5685483870967742,0.060546875,0.00048828125
hiero_0888,1.0,0.0,1.0,136.0,136.0,136.0,136.0,1.0,0.033203125,0.000244140625
hiero_0889,2.0,0.0,2.0,120.0,65.0,55.0,60.0,0.5416666666666666,0.029296875,0.00048828125
hiero_0890,1.0,0.0,1.0,134.0,134.0,134.0,134.0,1.0,0.03271484375,0.000244140625
hiero_0891,2.0,0.0,2.0,118.0,65.0,53.0,59.0,0.5508474576271186,0.02880859375,0.00048828125
hiero_0892,1.0,0.0,1.0,105.0,105.0,105.0,105.0,1.0,0.025634765625,0.000244140625
hiero_0893,1.0,0.0,1.0,110.0,110.0,110.0,110.0,1.0,0.02685546875,0.000244140625
hiero_0894,1.0,0.0,1.0,148.0,148.0,148.0,148.0,1.0,0.0361328125,0.000244140625
hiero_0895,1.0,0.0,1.0,158.0,158.0,158.0,158.0,1.0,0.03857421875,0.000244140625
hiero_0896,1.0,0.0,1.0,162.0,162.0,162.0,162.0,1.0,0.03955078125,0.000244140625
hiero_0897,1.0,0.0,1.0,273.0,273.0,273.0,273.0,1.0,0.066650390625,0.000244140625
hiero_0898,1.0,1.0,0.0,273.0,273.0,273.0,273.0,1.0,0.066650390625,0.000244140625
hiero_0899,1.0,2.0,-1.0,204.0,204.0,204.0,204.0,1.0,0.0498046875,0.000244140625
hiero_0900,6.0,3.0,3.0,209.0,193.0,2.0,34.833333333333336,0.9234449760765551,0.051025390625,0.00146484375
hiero_0901,1.0,0.0,1.0,225.0,225.0,225.0,225.0,1.0,0.054931640625,0.000244140625
hiero_0902,1.0,0.0,1.0,46.0,46.0,46.0,46.0,1.0,0.01123046875,0.000244140625
hiero_0903,2.0,0.0,2.0,95.0,49.0,46.0,47.5,0.5157894736842106,0.023193359375,0.00048828125
hiero_0904,3.0,0.0,3.0,150.0,52.0,49.0,50.0,0.3466666666666667,0.03662109375,0.000732421875
hiero_0905,4.0,0.0,4.0,190.0,49.0,46.0,47.5,0.2578947368421053,0.04638671875,0.0009765625
hiero_0906,5.0,0.0,5.0,246.0,52.0,48.0,49.2,0.21138211382113822,0.06005859375,0.001220703125
hiero_0907,6.0,0.0,6.0,285.0,49.0,46.0,47.5,0.17192982456140352,0.069580078125,0.00146484375
hiero_0908,7.0,0.0,7.0,303.0,52.0,28.0,43.285714285714285,0.1716171617161716,0.073974609375,0.001708984375
hiero_0909,8.0,0.0,8.0,301.0,49.0,27.0,37.625,0.16279069767441862,0.073486328125,0.001953125
hiero_0910,9.0,0.0,9.0,426.0,49.0,46.0,47.333333333333336,0.11502347417840375,0.10400390625,0.002197265625
hiero_0911,2.0,0.0,2.0,92.0,46.0,46.0,46.0,0.5,0.0224609375,0.00048828125
hiero_0912,3.0,0.0,3.0,139.0,47.0,46.0,46.333333333333336,0.3381294964028777,0.033935546875,0.000732421875
hiero_0913,4.0,0.0,4.0,147.0,47.0,27.0,36.75,0.3197278911564626,0.035888671875,0.0009765625
hiero_0914,5.0,0.0,5.0,170.0,47.0,15.0,34.0,0.27647058823529413,0.04150390625,0.001220703125
hiero_0915,2.0,0.0,2.0,327.0,325.0,2.0,163.5,0.9938837920489296,0.079833984375,0.00048828125
hiero_0916,1.0,2.0,-1.0,209.0,209.0,209.0,209.0,1.0,0.051025390625,0.000244140625
hiero_0917,1.0,0.0,1.0,175.0,175.0,175.0,175.0,1.0,0.042724609375,0.000244140625
hiero_0918,1.0,0.0,1.0,113.0,113.0,113.0,113.0,1.0,0.027587890625,0.000244140625
hiero_0919,1.0,0.0,1.0,87.0,87.0,87.0,87.0,1.0,0.021240234375,0.000244140625
hiero_0920,1.0,0.0,1.0,93.0,93.0,93.0,93.0,1.0,0.022705078125,0.000244140625
hiero_0921,1.0,0.0,1.0,163.0,163.0,163.0,163.0,1.0,0.039794921875,0.000244140625
hiero_0922,1.0,0.0,1.0,189.0,189.0,189.0,189.0,1.0,0.046142578125,0.000244140625
hiero_0923,1.0,0.0,1.0,161.0,161.0,161.0,161.0,1.0,0.039306640625,0.000244140625
hiero_0924,2.0,0.0,2.0,307.0,304.0,3.0,153.5,0.990228013029316,0.074951171875,0.00048828125
hiero_0925,1.0,0.0,1.0,179.0,179.0,179.0,179.0,1.0,0.043701171875,0.000244140625
hiero_0926,1.0,0.0,1.0,262.0,262.0,262.0,262.0,1.0,0.06396484375,0.000244140625
hiero_0927,1.0,0.0,1.0,124.0,124.0,124.0,124.0,1.0,0.0302734375,0.000244140625
hiero_0928,1.0,0.0,1.0,100.0,100.0,100.0,100.0,1.0,0.0244140625,0.000244140625
hiero_0929,1.0,0.0,1.0,142.0,142.0,142.0,142.0,1.0,0.03466796875,0.000244140625
hiero_0930,1.0,0.0,1.0,159.0,159.0,159.0,159.0,1.0,0.038818359375,0.000244140625
hiero_0931,1.0,3.0,-2.0,273.0,273.0,273.0,273.0,1.0,0.066650390625,0.000244140625
hiero_0932,1.0,0.0,1.0,161.0,161.0,161.0,161.0,1.0,0.039306640625,0.000244140625
hiero_0933,1.0,1.0,0.0,186.0,186.0,186.0,186.0,1.0,0.04541015625,0.000244140625
hiero_0934,1.0,0.0,1.0,202.0,202.0,202.0,202.0,1.0,0.04931640625,0.000244140625
hiero_0935,1.0,0.0,1.0,150.0,150.0,150.0,150.0,1.0,0.03662109375,0.000244140625
hiero_0936,1.0,1.0,0.0,220.0,220.0,220.0,220.0,1.0,0.0537109375,0.000244140625
hiero_0937,1.0,0.0,1.0,190.0,190.0,190.0,190.0,1.0,0.04638671875,0.000244140625
hiero_0938,1.0,0.0,1.0,168.0,168.0,168.0,168.0,1.0,0.041015625,0.000244140625
hiero_0939,1.0,0.0,1.0,123.0,123.0,123.0,123.0,1.0,0.030029296875,0.000244140625
hiero_0940,1.0,4.0,-3.0,420.0,420.0,420.0,420.0,1.0,0.1025390625,0.000244140625
hiero_0941,1.0,0.0,1.0,48.0,48.0,48.0,48.0,1.0,0.01171875,0.000244140625
hiero_0942,2.0,0.0,2.0,98.0,50.0,48.0,49.0,0.5102040816326531,0.02392578125,0.00048828125
hiero_0943,1.0,2.0,-1.0,272.0,272.0,272.0,272.0,1.0,0.06640625,0.000244140625
hiero_0944,1.0,1.0,0.0,253.0,253.0,253.0,253.0,1.0,0.061767578125,0.000244140625
hiero_0945,1.0,0.0,1.0,189.0,189.0,189.0,189.0,1.0,0.046142578125,0.000244140625
hiero_0946,1.0,0.0,1.0,163.0,163.0,163.0,163.0,1.0,0.039794921875,0.000244140625
hiero_0947,1.0,0.0,1.0,507.0,507.0,507.0,507.0,1.0,0.123779296875,0.000244140625
hiero_0948,1.0,0.0,1.0,336.0,336.0,336.0,336.0,1.0,0.08203125,0.000244140625
hiero_0949,1.0,0.0,1.0,226.0,226.0,226.0,226.0,1.0,0.05517578125,0.000244140625
hiero_0950,1.0,0.0,1.0,214.0,214.0,214.0,214.0,1.0,0.05224609375,0.000244140625
hiero_0951,1.0,0.0,1.0,166.0,166.0,166.0,166.0,1.0,0.04052734375,0.000244140625
hiero_0952,1.0,0.0,1.0,193.0,193.0,193.0,193.0,1.0,0.047119140625,0.000244140625
hiero_0953,2.0,0.0,2.0,192.0,188.0,4.0,96.0,0.9791666666666666,0.046875,0.00048828125
hiero_0954,1.0,0.0,1.0,87.0,87.0,87.0,87.0,1.0,0.021240234375,0.000244140625
hiero_0955,1.0,0.0,1.0,92.0,92.0,92.0,92.0,1.0,0.0224609375,0.000244140625
hiero_0956,2.0,0.0,2.0,145.0,115.0,30.0,72.5,0.7931034482758621,0.035400390625,0.00048828125
hiero_0957,1.0,1.0,0.0,197.0,197.0,197.0,197.0,1.0,0.048095703125,0.000244140625
hiero_0958,1.0,0.0,1.0,100.0,100.0,100.0,100.0,1.0,0.0244140625,0.000244140625
hiero_0959,1.0,0.0,1.0,175.0,175.0,175.0,175.0,1.0,0.042724609375,0.000244140625
hiero_0960,3.0,0.0,3.0,406.0,154.0,106.0,135.33333333333334,0.3793103448275862,0.09912109375,0.000732421875
hiero_0961,1.0,2.0,-1.0,277.0,277.0,277.0,277.0,1.0,0.067626953125,0.000244140625
hiero_0962,1.0,1.0,0.0,361.0,361.0,361.0,361.0,1.0,0.088134765625,0.000244140625
hiero_0963,1.0,1.0,0.0,564.0,564.0,564.0,564.0,1.0,0.1376953125,0.000244140625
hiero_0964,1.0,0.0,1.0,296.0,296.0,296.0,296.0,1.0,0.072265625,0.000244140625
hiero_0965,1.0,2.0,-1.0,676.0,676.0,676.0,676.0,1.0,0.1650390625,0.000244140625
hiero_0966,1.0,0.0,1.0,357.0,357.0,357.0,357.0,1.0,0.087158203125,0.000244140625
hiero_0967,1.0,0.0,1.0,213.0,213.0,213.0,213.0,1.0,0.052001953125,0.000244140625
hiero_0968,1.0,1.0,0.0,212.0,212.0,212.0,212.0,1.0,0.0517578125,0.000244140625
hiero_0969,1.0,2.0,-1.0,296.0,296.0,296.0,296.0,1.0,0.072265625,0.000244140625
hiero_0970,1.0,0.0,1.0,136.0,136.0,136.0,136.0,1.0,0.033203125,0.000244140625
hiero_0971,1.0,0.0,1.0,167.0,167.0,167.0,167.0,1.0,0.040771484375,0.000244140625
hiero_0972,1.0,0.0,1.0,85.0,85.0,85.0,85.0,1.0,0.020751953125,0.000244140625
hiero_0973,3.0,0.0,3.0,229.0,87.0,69.0,76.33333333333333,0.3799126637554585,0.055908203125,0.000732421875
hiero_0974,1.0,0.0,1.0,274.0,274.0,274.0,274.0,1.0,0.06689453125,0.000244140625
hiero_0975,1.0,0.0,1.0,80.0,80.0,80.0,80.0,1.0,0.01953125,0.000244140625
hiero_0976,1.0,0.0,1.0,129.0,129.0,129.0,129.0,1.0,0.031494140625,0.000244140625
hiero_0977,1.0,0.0,1.0,130.0,130.0,130.0,130.0,1.0,0.03173828125,0.000244140625
hiero_0978,1.0,0.0,1.0,204.0,204.0,204.0,204.0,1.0,0.0498046875,0.000244140625
hiero_0979,1.0,0.0,1.0,240.0,240.0,240.0,240.0,1.0,0.05859375,0.000244140625
hiero_0980,1.0,0.0,1.0,132.0,132.0,132.0,132.0,1.0,0.0322265625,0.000244140625
hiero_0981,1.0,0.0,1.0,152.0,152.0,152.0,152.0,1.0,0.037109375,0.000244140625
hiero_0982,1.0,0.0,1.0,150.0,150.0,150.0,150.0,1.0,0.03662109375,0.000244140625
hiero_0983,1.0,0.0,1.0,125.0,125.0,125.0,125.0,1.0,0.030517578125,0.000244140625
hiero_0984,1.0,0.0,1.0,115.0,115.0,115.0,115.0,1.0,0.028076171875,0.000244140625
hiero_0985,1.0,0.0,1.0,190.0,190.0,190.0,190.0,1.0,0.04638671875,0.000244140625
hiero_0986,1.0,0.0,1.0,146.0,146.0,146.0,146.0,1.0,0.03564453125,0.000244140625
hiero_0987,1.0,1.0,0.0,169.0,169.0,169.0,169.0,1.0,0.041259765625,0.000244140625
hiero_0988,1.0,1.0,0.0,173.0,173.0,173.0,173.0,1.0,0.042236328125,0.000244140625
hiero_0989,1.0,1.0,0.0,158.0,158.0,158.0,158.0,1.0,0.03857421875,0.000244140625
hiero_0990,3.0,4.0,-1.0,507.0,429.0,28.0,169.0,0.8461538461538461,0.123779296875,0.000732421875
hiero_0991,3.0,4.0,-1.0,466.0,406.0,18.0,155.33333333333334,0.871244635193133,0.11376953125,0.000732421875
hiero_0992,1.0,8.0,-7.0,240.0,240.0,240.0,240.0,1.0,0.05859375,0.000244140625
hiero_0993,1.0,0.0,1.0,102.0,102.0,102.0,102.0,1.0,0.02490234375,0.000244140625
hiero_0994,1.0,1.0,0.0,301.0,301.0,301.0,301.0,1.0,0.073486328125,0.000244140625
hiero_0995,3.0,11.0,-8.0,319.0,291.0,4.0,106.33333333333333,0.9122257053291536,0.077880859375,0.000732421875
hiero_0996,1.0,1.0,0.0,54.0,54.0,54.0,54.0,1.0,0.01318359375,0.000244140625
hiero_0997,3.0,3.0,0.0,162.0,54.0,54.0,54.0,0.3333333333333333,0.03955078125,0.000732421875
hiero_0998,3.0,3.0,0.0,164.0,56.0,54.0,54.666666666666664,0.34146341463414637,0.0400390625,0.000732421875
hiero_0999,3.0,2.0,1.0,90.0,32.0,26.0,30.0,0.35555555555555557,0.02197265625,0.000732421875
hiero_1000,3.0,3.0,0.0,164.0,56.0,54.0,54.666666666666664,0.34146341463414637,0.0400390625,0.000732421875
hiero_1001,3.0,3.0,0.0,164.0,56.0,54.0,54.666666666666664,0.34146341463414637,0.0400390625,0.000732421875
hiero_1002,3.0,3.0,0.0,116.0,40.0,38.0,38.666666666666664,0.3448275862068966,0.0283203125,0.000732421875
hiero_1003,3.0,3.0,0.0,182.0,62.0,60.0,60.666666666666664,0.34065934065934067,0.04443359375,0.000732421875
hiero_1004,3.0,3.0,0.0,96.0,32.0,32.0,32.0,0.3333333333333333,0.0234375,0.000732421875
hiero_1005,2.0,0.0,2.0,124.0,63.0,61.0,62.0,0.5080645161290323,0.0302734375,0.00048828125
hiero_1006,2.0,2.0,0.0,108.0,54.0,54.0,54.0,0.5,0.0263671875,0.00048828125
hiero_1007,1.0,0.0,1.0,64.0,64.0,64.0,64.0,1.0,0.015625,0.000244140625
hiero_1008,1.0,0.0,1.0,63.0,63.0,63.0,63.0,1.0,0.015380859375,0.000244140625
hiero_1009,3.0,0.0,3.0,175.0,83.0,16.0,58.333333333333336,0.4742857142857143,0.042724609375,0.000732421875
hiero_1010,1.0,0.0,1.0,104.0,104.0,104.0,104.0,1.0,0.025390625,0.000244140625
hiero_1011,1.0,0.0,1.0,148.0,148.0,148.0,148.0,1.0,0.0361328125,0.000244140625
hiero_1012,1.0,0.0,1.0,219.0,219.0,219.0,219.0,1.0,0.053466796875,0.000244140625
hiero_1013,1.0,0.0,1.0,311.0,311.0,311.0,311.0,1.0,0.075927734375,0.000244140625
hiero_1014,2.0,2.0,0.0,200.0,100.0,100.0,100.0,0.5,0.048828125,0.00048828125
hiero_1015,1.0,0.0,1.0,77.0,77.0,77.0,77.0,1.0,0.018798828125,0.000244140625
hiero_1016,1.0,0.0,1.0,82.0,82.0,82.0,82.0,1.0,0.02001953125,0.000244140625
hiero_1017,1.0,0.0,1.0,63.0,63.0,63.0,63.0,1.0,0.015380859375,0.000244140625
hiero_1018,1.0,0.0,1.0,23.0,23.0,23.0,23.0,1.0,0.005615234375,0.000244140625
hiero_1019,2.0,0.0,2.0,46.0,23.0,23.0,23.0,0.5,0.01123046875,0.00048828125
hiero_1020,3.0,0.0,3.0,69.0,23.0,23.0,23.0,0.3333333333333333,0.016845703125,0.000732421875
hiero_1021,4.0,0.0,4.0,92.0,23.0,23.0,23.0,0.25,0.0224609375,0.0009765625
hiero_1022,5.0,0.0,5.0,115.0,23.0,23.0,23.0,0.2,0.028076171875,0.001220703125
hiero_1023,6.0,0.0,6.0,138.0,23.0,23.0,23.0,0.16666666666666666,0.03369140625,0.00146484375
hiero_1024,7.0,0.0,7.0,161.0,23.0,23.0,23.0,0.14285714285714285,0.039306640625,0.001708984375
hiero_1025,8.0,0.0,8.0,184.0,23.0,23.0,23.0,0.125,0.044921875,0.001953125
hiero_1026,9.0,0.0,9.0,144.0,16.0,16.0,16.0,0.1111111111111111,0.03515625,0.002197265625
hiero_1027,5.0,0.0,5.0,115.0,23.0,23.0,23.0,0.2,0.028076171875,0.001220703125
hiero_1028,1.0,0.0,1.0,23.0,23.0,23.0,23.0,1.0,0.005615234375,0.000244140625
hiero_1029,2.0,0.0,2.0,46.0,23.0,23.0,23.0,0.5,0.01123046875,0.00048828125
hiero_1030,3.0,0.0,3.0,69.0,23.0,23.0,23.0,0.3333333333333333,0.016845703125,0.000732421875
hiero_1031,4.0,0.0,4.0,92.0,23.0,23.0,23.0,0.25,0.0224609375,0.0009765625
hiero_1032,5.0,0.0,5.0,115.0,23.0,23.0,23.0,0.2,0.028076171875,0.001220703125
hiero_1033,6.0,0.0,6.0,138.0,23.0,23.0,23.0,0.16666666666666666,0.03369140625,0.00146484375
hiero_1034,7.0,0.0,7.0,161.0,23.0,23.0,23.0,0.14285714285714285,0.039306640625,0.001708984375
hiero_1035,8.0,0.0,8.0,184.0,23.0,23.0,23.0,0.125,0.044921875,0.001953125
hiero_1036,9.0,0.0,9.0,162.0,23.0,15.0,18.0,0.1419753086419753,0.03955078125,0.002197265625
hiero_1037,1.0,1.0,0.0,221.0,221.0,221.0,221.0,1.0,0.053955078125,0.000244140625
hiero_1038,1.0,0.0,1.0,149.0,149.0,149.0,149.0,1.0,0.036376953125,0.000244140625
hiero_1039,1.0,0.0,1.0,186.0,186.0,186.0,186.0,1.0,0.04541015625,0.000244140625
hiero_1040,1.0,0.0,1.0,183.0,183.0,183.0,183.0,1.0,0.044677734375,0.000244140625
hiero_1041,2.0,0.0,2.0,307.0,224.0,83.0,153.5,0.7296416938110749,0.074951171875,0.00048828125
hiero_1042,1.0,0.0,1.0,248.0,248.0,248.0,248.0,1.0,0.060546875,0.000244140625
hiero_1043,1.0,0.0,1.0,142.0,142.0,142.0,142.0,1.0,0.03466796875,0.000244140625
hiero_1044,1.0,0.0,1.0,142.0,142.0,142.0,142.0,1.0,0.03466796875,0.000244140625
hiero_1045,2.0,0.0,2.0,172.0,91.0,81.0,86.0,0.5290697674418605,0.0419921875,0.00048828125
hiero_1046,1.0,0.0,1.0,99.0,99.0,99.0,99.0,1.0,0.024169921875,0.000244140625
hiero_1047,1.0,0.0,1.0,153.0,153.0,153.0,153.0,1.0,0.037353515625,0.000244140625
hiero_1048,1.0,0.0,1.0,146.0,146.0,146.0,146.0,1.0,0.03564453125,0.000244140625
hiero_1049,1.0,0.0,1.0,133.0,133.0,133.0,133.0,1.0,0.032470703125,0.000244140625
hiero_1050,1.0,1.0,0.0,124.0,124.0,124.0,124.0,1.0,0.0302734375,0.000244140625
hiero_1051,1.0,0.0,1.0,156.0,156.0,156.0,156.0,1.0,0.0380859375,0.000244140625
hiero_1052,1.0,0.0,1.0,146.0,146.0,146.0,146.0,1.0,0.03564453125,0.000244140625
hiero_1053,1.0,0.0,1.0,128.0,128.0,128.0,128.0,1.0,0.03125,0.000244140625
hiero_1054,1.0,0.0,1.0,95.0,95.0,95.0,95.0,1.0,0.023193359375,0.000244140625
hiero_1055,2.0,0.0,2.0,168.0,104.0,64.0,84.0,0.6190476190476191,0.041015625,0.00048828125
hiero_1056,1.0,2.0,-1.0,332.0,332.0,332.0,332.0,1.0,0.0810546875,0.000244140625
hiero_1057,1.0,0.0,1.0,148.0,148.0,148.0,148.0,1.0,0.0361328125,0.000244140625
hiero_1058,1.0,1.0,0.0,188.0,188.0,188.0,188.0,1.0,0.0458984375,0.000244140625
hiero_1059,1.0,0.0,1.0,157.0,157.0,157.0,157.0,1.0,0.038330078125,0.000244140625
hiero_1060,1.0,0.0,1.0,334.0,334.0,334.0,334.0,1.0,0.08154296875,0.000244140625
hiero_1061,1.0,0.0,1.0,307.0,307.0,307.0,307.0,1.0,0.074951171875,0.000244140625
hiero_1062,1.0,2.0,-1.0,277.0,277.0,277.0,277.0,1.0,0.067626953125,0.000244140625
hiero_1063,1.0,1.0,0.0,259.0,259.0,259.0,259.0,1.0,0.063232421875,0.000244140625
hiero_1064,2.0,0.0,2.0,213.0,146.0,67.0,106.5,0.6854460093896714,0.052001953125,0.00048828125
hiero_1065,1.0,0.0,1.0,188.0,188.0,188.0,188.0,1.0,0.0458984375,0.000244140625
hiero_1066,2.0,0.0,2.0,141.0,77.0,64.0,70.5,0.5460992907801419,0.034423828125,0.00048828125
hiero_1067,2.0,0.0,2.0,143.0,79.0,64.0,71.5,0.5524475524475524,0.034912109375,0.00048828125
hiero_1068,1.0,0.0,1.0,165.0,165.0,165.0,165.0,1.0,0.040283203125,0.000244140625
hiero_1069,1.0,0.0,1.0,213.0,213.0,213.0,213.0,1.0,0.052001953125,0.000244140625
hiero_1070,2.0,0.0,2.0,159.0,85.0,74.0,79.5,0.5345911949685535,0.038818359375,0.00048828125
hiero_1071,1.0,1.0,0.0,342.0,342.0,342.0,342.0,1.0,0.08349609375,0.000244140625
