image_id,node_count,edge_count,endpoint_count,junction_count,average_degree
hiero_0000,491,955,7,484,3.89002
hiero_0001,496,989,5,491,3.987903
hiero_0002,503,968,7,496,3.848907
hiero_0003,451,874,10,441,3.875831
hiero_0004,410,785,12,398,3.829268
hiero_0005,425,836,9,416,3.934118
hiero_0006,489,953,12,477,3.897751
hiero_0007,508,976,10,498,3.84252
hiero_0008,565,1104,13,552,3.907965
hiero_0009,496,925,11,485,3.729839
hiero_0010,458,870,11,447,3.799127
hiero_0011,448,858,14,434,3.830357
hiero_0012,558,1106,3,555,3.964158
hiero_0013,514,983,11,503,3.824903
hiero_0014,612,1222,15,597,3.993464
hiero_0015,344,635,12,332,3.69186
hiero_0016,428,859,4,424,4.014019
hiero_0017,509,961,8,501,3.776031
hiero_0018,379,723,14,365,3.815303
hiero_0019,376,713,3,373,3.792553
hiero_0020,365,672,9,356,3.682192
hiero_0021,360,681,7,353,3.783333
hiero_0022,338,631,11,327,3.733728
hiero_0023,498,991,7,491,3.97992
hiero_0024,424,819,12,412,3.863208
hiero_0025,380,710,8,372,3.736842
hiero_0026,440,843,9,431,3.831818
hiero_0027,398,743,17,381,3.733668
hiero_0028,329,632,1,328,3.841945
hiero_0029,356,669,9,347,3.758427
hiero_0030,350,688,11,339,3.931429
hiero_0031,328,628,9,319,3.829268
hiero_0032,314,588,8,306,3.745223
hiero_0033,304,581,15,289,3.822368
hiero_0034,263,488,8,255,3.711027
hiero_0035,267,488,7,260,3.655431
hiero_0036,310,588,12,298,3.793548
hiero_0037,304,575,7,297,3.782895
hiero_0038,350,651,13,337,3.72
hiero_0039,400,786,2,398,3.93
hiero_0040,526,983,12,514,3.737643
hiero_0041,485,944,8,477,3.892784
hiero_0042,450,873,5,445,3.88
hiero_0043,510,1035,3,507,4.058824
hiero_0044,594,1097,33,561,3.693603
hiero_0045,230,473,3,227,4.113043
hiero_0046,278,568,4,274,4.086331
hiero_0047,199,385,4,195,3.869347
hiero_0048,264,497,11,253,3.765152
hiero_0049,279,529,8,271,3.792115
hiero_0050,190,354,3,187,3.726316
hiero_0051,241,453,7,234,3.759336
hiero_0052,255,483,6,249,3.788235
hiero_0053,213,407,8,205,3.821596
hiero_0054,276,537,10,266,3.891304
hiero_0055,280,544,10,270,3.885714
hiero_0056,226,439,8,218,3.884956
hiero_0057,231,455,3,228,3.939394
hiero_0058,259,532,4,255,4.108108
hiero_0059,319,647,5,314,4.056426
hiero_0060,364,713,11,353,3.917582
hiero_0061,439,862,17,422,3.927107
hiero_0062,136,258,4,132,3.794118
hiero_0063,160,315,2,158,3.9375
hiero_0064,276,547,8,268,3.963768
hiero_0065,480,929,5,475,3.870833
hiero_0066,324,610,9,315,3.765432
hiero_0067,421,825,3,418,3.91924
hiero_0068,367,713,3,364,3.885559
hiero_0069,395,730,8,387,3.696203
hiero_0070,338,643,6,332,3.804734
hiero_0071,310,599,9,301,3.864516
hiero_0072,432,830,10,422,3.842593
hiero_0073,395,764,6,389,3.868354
hiero_0074,213,428,9,204,4.018779
hiero_0075,339,616,18,321,3.634218
hiero_0076,320,585,7,313,3.65625
hiero_0077,353,662,10,343,3.750708
hiero_0078,495,982,4,491,3.967677
hiero_0079,447,871,9,438,3.897092
hiero_0080,222,457,2,220,4.117117
hiero_0081,415,824,8,407,3.971084
hiero_0082,363,688,19,344,3.790634
hiero_0083,359,685,15,344,3.816156
hiero_0084,443,792,30,413,3.575621
hiero_0085,328,661,3,325,4.030488
hiero_0086,413,821,14,399,3.975787
hiero_0087,309,609,13,296,3.941748
hiero_0088,373,765,3,370,4.101877
hiero_0089,311,571,19,292,3.672026
hiero_0090,236,462,8,228,3.915254
hiero_0091,227,412,8,219,3.629956
hiero_0092,208,387,4,204,3.721154
hiero_0093,203,382,3,200,3.763547
hiero_0094,222,408,10,212,3.675676
hiero_0095,246,485,3,243,3.943089
hiero_0096,213,393,15,198,3.690141
hiero_0097,230,402,24,206,3.495652
hiero_0098,160,292,12,148,3.65
hiero_0099,213,409,5,208,3.840376
hiero_0100,196,329,22,174,3.357143
hiero_0101,212,410,6,206,3.867925
hiero_0102,179,341,6,173,3.810056
hiero_0103,218,396,18,200,3.633028
hiero_0104,323,609,11,312,3.770898
hiero_0105,263,502,10,253,3.81749
hiero_0106,321,642,10,311,4.0
hiero_0107,256,463,16,240,3.617188
hiero_0108,315,596,17,298,3.784127
hiero_0109,227,412,13,214,3.629956
hiero_0110,226,418,15,211,3.699115
hiero_0111,231,451,5,226,3.904762
hiero_0112,338,677,12,326,4.005917
hiero_0113,519,1103,17,502,4.250482
hiero_0114,331,632,6,325,3.818731
hiero_0115,221,398,13,208,3.60181
hiero_0116,250,482,6,244,3.856
hiero_0117,243,448,15,228,3.687243
hiero_0118,184,336,8,176,3.652174
hiero_0119,201,362,8,193,3.60199
hiero_0120,170,346,0,170,4.070588
hiero_0121,186,343,1,185,3.688172
hiero_0122,193,359,1,192,3.720207
hiero_0123,270,528,1,269,3.911111
hiero_0124,279,537,1,278,3.849462
hiero_0125,194,365,0,194,3.762887
hiero_0126,215,393,8,207,3.655814
hiero_0127,286,571,1,285,3.993007
hiero_0128,425,835,7,418,3.929412
hiero_0129,113,214,5,108,3.787611
hiero_0130,72,148,0,72,4.111111
hiero_0131,92,191,0,92,4.152174
hiero_0132,133,268,2,131,4.030075
hiero_0133,143,285,0,143,3.986014
hiero_0134,106,222,0,106,4.188679
hiero_0135,206,418,1,205,4.058252
hiero_0136,229,456,9,220,3.982533
hiero_0137,231,455,2,229,3.939394
hiero_0138,122,233,2,120,3.819672
hiero_0139,183,404,0,183,4.415301
hiero_0140,179,378,4,175,4.223464
hiero_0141,184,388,5,179,4.217391
hiero_0142,208,398,4,204,3.826923
hiero_0143,382,724,8,374,3.790576
hiero_0144,142,272,0,142,3.830986
hiero_0145,106,215,0,106,4.056604
hiero_0146,190,415,0,190,4.368421
hiero_0147,132,256,6,126,3.878788
hiero_0148,195,370,5,190,3.794872
hiero_0149,271,568,3,268,4.191882
hiero_0150,448,890,6,442,3.973214
hiero_0151,283,574,4,279,4.056537
hiero_0152,385,767,6,379,3.984416
hiero_0153,267,503,6,261,3.76779
hiero_0154,321,651,1,320,4.056075
hiero_0155,357,745,2,355,4.173669
hiero_0156,230,471,4,226,4.095652
hiero_0157,208,482,0,208,4.634615
hiero_0158,313,702,7,306,4.485623
hiero_0159,284,654,1,283,4.605634
hiero_0160,276,633,1,275,4.586957
hiero_0161,312,702,10,302,4.5
hiero_0162,200,429,5,195,4.29
hiero_0163,183,415,3,180,4.535519
hiero_0164,270,592,9,261,4.385185
hiero_0165,264,596,12,252,4.515152
hiero_0166,256,512,8,248,4.0
hiero_0167,158,327,3,155,4.139241
hiero_0168,212,420,6,206,3.962264
hiero_0169,305,650,0,305,4.262295
hiero_0170,50,96,4,46,3.84
hiero_0171,296,627,2,294,4.236486
hiero_0172,179,359,10,169,4.011173
hiero_0173,188,399,2,186,4.244681
hiero_0174,379,804,4,375,4.242744
hiero_0175,576,1218,4,572,4.229167
hiero_0176,642,1327,16,626,4.133956
hiero_0177,473,1000,22,451,4.22833
hiero_0178,543,1118,24,519,4.117864
hiero_0179,613,1282,26,587,4.182708
hiero_0180,735,1519,32,703,4.133333
hiero_0181,409,800,15,394,3.91198
hiero_0182,635,1319,15,620,4.154331
hiero_0183,104,218,3,101,4.192308
hiero_0184,81,153,2,79,3.777778
hiero_0185,143,226,30,113,3.160839
hiero_0186,85,167,6,79,3.929412
hiero_0187,349,696,1,348,3.988539
hiero_0188,400,754,15,385,3.77
hiero_0189,345,693,1,344,4.017391
hiero_0190,209,430,3,206,4.114833
hiero_0191,324,643,6,318,3.969136
hiero_0192,196,439,2,194,4.479592
hiero_0193,338,744,5,333,4.402367
hiero_0194,337,698,3,334,4.142433
hiero_0195,456,973,13,443,4.267544
hiero_0196,484,1037,10,474,4.285124
hiero_0197,264,598,4,260,4.530303
hiero_0198,297,602,0,297,4.053872
hiero_0199,241,485,2,239,4.024896
hiero_0200,217,448,6,211,4.129032
hiero_0201,68,132,0,68,3.882353
hiero_0202,116,220,0,116,3.793103
hiero_0203,195,376,0,195,3.85641
hiero_0204,263,508,0,263,3.863118
hiero_0205,304,596,2,302,3.921053
hiero_0206,310,580,2,308,3.741935
hiero_0207,307,592,4,303,3.856678
hiero_0208,269,504,8,261,3.747212
hiero_0209,374,691,6,368,3.695187
hiero_0210,383,718,13,370,3.749347
hiero_0211,371,726,12,359,3.913747
hiero_0212,343,652,6,337,3.801749
hiero_0213,435,836,15,420,3.843678
hiero_0214,409,726,31,378,3.550122
hiero_0215,507,1000,15,492,3.944773
hiero_0216,435,837,15,420,3.848276
hiero_0217,409,785,12,397,3.838631
hiero_0218,344,645,12,332,3.75
hiero_0219,337,653,9,328,3.875371
hiero_0220,353,670,20,333,3.796034
hiero_0221,423,789,20,403,3.730496
hiero_0222,417,770,24,393,3.693046
hiero_0223,366,718,5,361,3.923497
hiero_0224,417,832,8,409,3.990408
hiero_0225,475,939,6,469,3.953684
hiero_0226,362,727,16,346,4.016575
hiero_0227,407,797,22,385,3.916462
hiero_0228,472,909,25,447,3.851695
hiero_0229,486,961,11,475,3.954733
hiero_0230,474,910,18,456,3.839662
hiero_0231,354,666,23,331,3.762712
hiero_0232,414,814,16,398,3.932367
hiero_0233,446,903,4,442,4.049327
hiero_0234,353,694,9,344,3.932011
hiero_0235,396,791,11,385,3.994949
hiero_0236,316,577,8,308,3.651899
hiero_0237,344,666,12,332,3.872093
hiero_0238,293,543,10,283,3.706485
hiero_0239,330,615,23,307,3.727273
hiero_0240,486,968,11,475,3.983539
hiero_0241,317,636,15,302,4.012618
hiero_0242,418,794,24,394,3.799043
hiero_0243,457,784,70,387,3.431072
hiero_0244,430,841,21,409,3.911628
hiero_0245,470,877,34,436,3.731915
hiero_0246,536,1046,27,509,3.902985
hiero_0247,482,938,11,471,3.892116
hiero_0248,480,899,19,461,3.745833
hiero_0249,448,921,17,431,4.111607
hiero_0250,317,628,17,300,3.962145
hiero_0251,330,628,19,311,3.806061
hiero_0252,396,710,33,363,3.585859
hiero_0253,385,724,14,371,3.761039
hiero_0254,210,398,8,202,3.790476
hiero_0255,159,308,1,158,3.874214
hiero_0256,259,494,10,249,3.814672
hiero_0257,295,550,12,283,3.728814
hiero_0258,287,556,5,282,3.874564
hiero_0259,246,489,6,240,3.97561
hiero_0260,331,656,9,322,3.963746
hiero_0261,408,792,7,401,3.882353
hiero_0262,545,1134,10,535,4.161468
hiero_0263,249,481,1,248,3.863454
hiero_0264,100,157,15,85,3.14
hiero_0265,76,124,7,69,3.263158
hiero_0266,77,137,3,74,3.558442
hiero_0267,319,669,1,318,4.194357
hiero_0268,352,716,4,348,4.068182
hiero_0269,362,736,3,359,4.066298
hiero_0270,279,519,13,266,3.72043
hiero_0271,153,312,0,153,4.078431
hiero_0272,253,497,4,249,3.928854
hiero_0273,68,138,0,68,4.058824
hiero_0274,229,457,7,222,3.991266
hiero_0275,260,553,3,257,4.253846
hiero_0276,202,406,0,202,4.019802
hiero_0277,224,446,0,224,3.982143
hiero_0278,213,425,0,213,3.99061
hiero_0279,192,387,2,190,4.03125
hiero_0280,194,395,2,192,4.072165
hiero_0281,181,380,6,175,4.198895
hiero_0282,433,866,8,425,4.0
hiero_0283,245,502,7,238,4.097959
hiero_0284,217,454,2,215,4.184332
hiero_0285,294,583,6,288,3.965986
hiero_0286,290,586,3,287,4.041379
hiero_0287,568,1173,4,564,4.130282
hiero_0288,58,98,7,51,3.37931
hiero_0289,167,323,12,155,3.868263
hiero_0290,168,358,2,166,4.261905
hiero_0291,153,307,1,152,4.013072
hiero_0292,128,236,0,128,3.6875
hiero_0293,154,323,5,149,4.194805
hiero_0294,325,631,13,312,3.883077
hiero_0295,149,289,1,148,3.879195
hiero_0296,268,482,7,261,3.597015
hiero_0297,284,555,0,284,3.908451
hiero_0298,402,826,0,402,4.109453
hiero_0299,489,1020,0,489,4.171779
hiero_0300,196,398,10,186,4.061224
hiero_0301,230,476,0,230,4.13913
hiero_0302,433,889,0,433,4.106236
hiero_0303,256,489,4,252,3.820312
hiero_0304,81,157,2,79,3.876543
hiero_0305,171,359,0,171,4.19883
hiero_0306,56,105,4,52,3.75
hiero_0307,49,86,4,45,3.510204
hiero_0308,44,75,4,40,3.409091
hiero_0309,49,85,4,45,3.469388
hiero_0310,45,83,4,41,3.688889
hiero_0311,40,71,4,36,3.55
hiero_0312,173,331,2,171,3.82659
hiero_0313,105,211,1,104,4.019048
hiero_0314,246,494,3,243,4.01626
hiero_0315,216,413,3,213,3.824074
hiero_0316,100,200,1,99,4.0
hiero_0317,97,183,2,95,3.773196
hiero_0318,104,176,8,96,3.384615
hiero_0319,350,674,12,338,3.851429
hiero_0320,521,987,20,501,3.788868
hiero_0321,427,792,20,407,3.709602
hiero_0322,374,700,17,357,3.743316
hiero_0323,390,768,12,378,3.938462
hiero_0324,439,837,13,426,3.813212
hiero_0325,358,672,10,348,3.75419
hiero_0326,310,564,9,301,3.63871
hiero_0327,435,825,9,426,3.793103
hiero_0328,311,553,18,293,3.55627
hiero_0329,325,569,28,297,3.501538
hiero_0330,327,611,15,312,3.737003
hiero_0331,512,828,81,431,3.234375
hiero_0332,144,268,7,137,3.722222
hiero_0333,189,345,10,179,3.650794
hiero_0334,165,302,10,155,3.660606
hiero_0335,194,364,11,183,3.752577
hiero_0336,363,678,11,352,3.735537
hiero_0337,425,793,15,410,3.731765
hiero_0338,589,1144,22,567,3.88455
hiero_0339,328,608,7,321,3.707317
hiero_0340,423,752,17,406,3.555556
hiero_0341,519,1002,9,510,3.861272
hiero_0342,472,923,10,462,3.911017
hiero_0343,436,809,12,424,3.711009
hiero_0344,313,585,15,298,3.738019
hiero_0345,310,608,12,298,3.922581
hiero_0346,407,825,5,402,4.054054
hiero_0347,450,884,8,442,3.928889
hiero_0348,325,582,17,308,3.581538
hiero_0349,235,416,19,216,3.540426
hiero_0350,392,773,8,384,3.943878
hiero_0351,415,758,25,390,3.653012
hiero_0352,317,627,12,305,3.955836
hiero_0353,407,784,20,387,3.85258
hiero_0354,752,1447,44,708,3.848404
hiero_0355,353,687,11,342,3.892351
hiero_0356,238,403,26,212,3.386555
hiero_0357,337,651,14,323,3.863501
hiero_0358,277,544,5,272,3.927798
hiero_0359,316,603,26,290,3.816456
hiero_0360,229,397,17,212,3.467249
hiero_0361,221,400,12,209,3.61991
hiero_0362,251,480,9,242,3.824701
hiero_0363,215,403,8,207,3.748837
hiero_0364,438,906,3,435,4.136986
hiero_0365,388,733,11,377,3.778351
hiero_0366,490,952,13,477,3.885714
hiero_0367,387,756,8,379,3.906977
hiero_0368,329,636,5,324,3.866261
hiero_0369,253,472,13,240,3.731225
hiero_0370,361,692,9,352,3.833795
hiero_0371,433,820,25,408,3.787529
hiero_0372,420,845,15,405,4.02381
hiero_0373,438,871,16,422,3.977169
hiero_0374,442,855,15,427,3.868778
hiero_0375,424,826,12,412,3.896226
hiero_0376,531,1046,12,519,3.939736
hiero_0377,251,483,6,245,3.848606
hiero_0378,579,1159,16,563,4.003454
hiero_0379,545,1056,22,523,3.875229
hiero_0380,357,710,15,342,3.977591
hiero_0381,533,1053,8,525,3.95122
hiero_0382,318,582,5,313,3.660377
hiero_0383,218,438,5,213,4.018349
hiero_0384,317,618,14,303,3.899054
hiero_0385,247,495,5,242,4.008097
hiero_0386,189,342,7,182,3.619048
hiero_0387,308,609,3,305,3.954545
hiero_0388,127,263,2,125,4.141732
hiero_0389,158,322,3,155,4.075949
hiero_0390,260,556,13,247,4.276923
hiero_0391,143,294,0,143,4.111888
hiero_0392,517,980,23,494,3.791103
hiero_0393,645,1216,15,630,3.770543
hiero_0394,241,467,7,234,3.875519
hiero_0395,373,740,10,363,3.967828
hiero_0396,287,568,3,284,3.958188
hiero_0397,164,335,6,158,4.085366
hiero_0398,103,179,5,98,3.475728
hiero_0399,419,770,28,391,3.675418
hiero_0400,231,451,5,226,3.904762
hiero_0401,202,413,4,198,4.089109
hiero_0402,177,351,8,169,3.966102
hiero_0403,256,541,6,250,4.226562
hiero_0404,271,545,7,264,4.02214
hiero_0405,276,563,8,268,4.07971
hiero_0406,357,757,4,353,4.240896
hiero_0407,275,543,2,273,3.949091
hiero_0408,359,731,7,352,4.072423
hiero_0409,558,1175,1,557,4.21147
hiero_0410,579,1233,2,577,4.259067
hiero_0411,285,557,5,280,3.908772
hiero_0412,264,506,10,254,3.833333
hiero_0413,250,449,20,230,3.592
hiero_0414,266,521,6,260,3.917293
hiero_0415,294,577,9,285,3.92517
hiero_0416,156,318,4,152,4.076923
hiero_0417,321,612,11,310,3.813084
hiero_0418,315,608,21,294,3.860317
hiero_0419,389,690,22,367,3.547558
hiero_0420,419,765,28,391,3.651551
hiero_0421,436,783,15,421,3.591743
hiero_0422,393,763,8,385,3.882952
hiero_0423,324,577,22,302,3.561728
hiero_0424,187,271,29,158,2.898396
hiero_0425,127,257,2,125,4.047244
hiero_0426,127,256,2,125,4.031496
hiero_0427,474,931,12,462,3.92827
hiero_0428,93,191,0,93,4.107527
hiero_0429,220,447,6,214,4.063636
hiero_0430,296,570,22,274,3.851351
hiero_0431,338,665,14,324,3.934911
hiero_0432,224,401,16,208,3.580357
hiero_0433,220,431,8,212,3.918182
hiero_0434,475,886,14,461,3.730526
hiero_0435,143,322,3,140,4.503497
hiero_0436,172,378,5,167,4.395349
hiero_0437,166,341,5,161,4.108434
hiero_0438,169,367,2,167,4.343195
hiero_0439,313,613,6,307,3.916933
hiero_0440,297,561,10,287,3.777778
hiero_0441,247,518,0,247,4.194332
hiero_0442,271,554,3,268,4.088561
hiero_0443,119,212,10,109,3.563025
hiero_0444,113,214,3,110,3.787611
hiero_0445,236,447,7,229,3.788136
hiero_0446,344,643,12,332,3.738372
hiero_0447,355,661,14,341,3.723944
hiero_0448,414,813,13,401,3.927536
hiero_0449,391,809,12,379,4.138107
hiero_0450,465,959,11,454,4.124731
hiero_0451,517,1068,16,501,4.131528
hiero_0452,374,713,20,354,3.812834
hiero_0453,191,393,0,191,4.115183
hiero_0454,455,944,5,450,4.149451
hiero_0455,226,403,11,215,3.566372
hiero_0456,226,384,16,210,3.39823
hiero_0457,132,230,11,121,3.484848
hiero_0458,155,277,5,150,3.574194
hiero_0459,97,195,1,96,4.020619
hiero_0460,196,398,2,194,4.061224
hiero_0461,246,536,4,242,4.357724
hiero_0462,358,725,6,352,4.050279
hiero_0463,322,638,2,320,3.962733
hiero_0464,264,529,0,264,4.007576
hiero_0465,93,158,13,80,3.397849
hiero_0466,187,316,24,163,3.379679
hiero_0467,120,190,17,103,3.166667
hiero_0468,229,445,15,214,3.886463
hiero_0469,186,385,3,183,4.139785
hiero_0470,395,774,16,379,3.918987
hiero_0471,289,514,22,267,3.557093
hiero_0472,420,797,25,395,3.795238
hiero_0473,312,561,22,290,3.596154
hiero_0474,246,446,4,242,3.626016
hiero_0475,182,352,0,182,3.868132
hiero_0476,182,365,2,180,4.010989
hiero_0477,218,441,0,218,4.045872
hiero_0478,142,282,2,140,3.971831
hiero_0479,180,345,8,172,3.833333
hiero_0480,204,380,5,199,3.72549
hiero_0481,194,357,7,187,3.680412
hiero_0482,205,400,4,201,3.902439
hiero_0483,177,314,12,165,3.548023
hiero_0484,148,313,0,148,4.22973
hiero_0485,246,462,3,243,3.756098
hiero_0486,562,1176,8,554,4.185053
hiero_0487,532,1118,6,526,4.203008
hiero_0488,252,513,0,252,4.071429
hiero_0489,30,44,5,25,2.933333
hiero_0490,55,101,0,55,3.672727
hiero_0491,175,345,0,175,3.942857
hiero_0492,184,358,0,184,3.891304
hiero_0493,503,1018,9,494,4.047714
hiero_0494,217,459,2,215,4.230415
hiero_0495,28,50,2,26,3.571429
hiero_0496,170,316,9,161,3.717647
hiero_0497,135,241,3,132,3.57037
hiero_0498,53,87,8,45,3.283019
hiero_0499,180,354,0,180,3.933333
hiero_0500,362,722,1,361,3.98895
hiero_0501,414,879,10,404,4.246377
hiero_0502,230,478,1,229,4.156522
hiero_0503,150,309,0,150,4.12
hiero_0504,196,407,0,196,4.153061
hiero_0505,205,404,3,202,3.941463
hiero_0506,255,509,3,252,3.992157
hiero_0507,524,1087,10,514,4.148855
hiero_0508,399,846,1,398,4.240602
hiero_0509,594,1183,28,566,3.983165
hiero_0510,64,98,2,62,3.0625
hiero_0511,4,2,2,2,1.0
hiero_0512,34,67,0,34,3.941176
hiero_0513,108,195,6,102,3.611111
hiero_0514,158,338,0,158,4.278481
hiero_0515,64,124,0,64,3.875
hiero_0516,390,891,4,386,4.569231
hiero_0517,117,234,0,117,4.0
hiero_0518,68,129,6,62,3.794118
hiero_0519,151,304,0,151,4.02649
hiero_0520,266,564,26,240,4.240602
hiero_0521,149,289,2,147,3.879195
hiero_0522,120,226,0,120,3.766667
hiero_0523,122,233,4,118,3.819672
hiero_0524,235,447,4,231,3.804255
hiero_0525,256,518,1,255,4.046875
hiero_0526,73,141,0,73,3.863014
hiero_0527,103,194,4,99,3.76699
hiero_0528,127,225,8,119,3.543307
hiero_0529,229,455,0,229,3.973799
hiero_0530,36,68,0,36,3.777778
hiero_0531,114,222,0,114,3.894737
hiero_0532,166,340,0,166,4.096386
hiero_0533,161,328,0,161,4.074534
hiero_0534,210,415,0,210,3.952381
hiero_0535,617,1234,0,617,4.0
hiero_0536,28,29,8,20,2.071429
hiero_0537,12,10,4,8,1.666667
hiero_0538,75,139,4,71,3.706667
hiero_0539,104,192,4,100,3.692308
hiero_0540,315,625,4,311,3.968254
hiero_0541,244,486,4,240,3.983607
hiero_0542,139,276,1,138,3.971223
hiero_0543,112,234,1,111,4.178571
hiero_0544,342,618,35,307,3.614035
hiero_0545,368,679,30,338,3.690217
hiero_0546,435,743,43,392,3.416092
hiero_0547,427,730,50,377,3.419204
hiero_0548,426,703,49,377,3.300469
hiero_0549,459,832,40,419,3.625272
hiero_0550,505,948,41,464,3.754455
hiero_0551,522,968,40,482,3.708812
hiero_0552,523,956,49,474,3.655832
hiero_0553,319,526,53,266,3.297806
hiero_0554,476,877,41,435,3.684874
hiero_0555,516,955,39,477,3.70155
hiero_0556,530,922,66,464,3.479245
hiero_0557,343,638,30,313,3.720117
hiero_0558,419,778,42,377,3.713604
hiero_0559,381,664,36,345,3.485564
hiero_0560,468,858,36,432,3.666667
hiero_0561,436,806,33,403,3.697248
hiero_0562,456,829,40,416,3.635965
hiero_0563,433,744,51,382,3.43649
hiero_0564,454,801,42,412,3.528634
hiero_0565,406,737,40,366,3.630542
hiero_0566,426,826,36,390,3.877934
hiero_0567,522,954,42,480,3.655172
hiero_0568,360,666,33,327,3.7
hiero_0569,252,420,35,217,3.333333
hiero_0570,508,876,55,453,3.448819
hiero_0571,416,750,44,372,3.605769
hiero_0572,311,542,41,270,3.485531
hiero_0573,295,497,53,242,3.369492
hiero_0574,407,782,33,374,3.842752
hiero_0575,450,832,39,411,3.697778
hiero_0576,428,750,58,370,3.504673
hiero_0577,497,925,40,457,3.722334
hiero_0578,510,928,43,467,3.639216
hiero_0579,409,754,36,373,3.687042
hiero_0580,426,800,41,385,3.755869
hiero_0581,494,913,36,458,3.696356
hiero_0582,516,996,43,473,3.860465
hiero_0583,370,636,43,327,3.437838
hiero_0584,472,897,38,434,3.800847
hiero_0585,418,725,41,377,3.4689
hiero_0586,376,666,39,337,3.542553
hiero_0587,286,477,34,252,3.335664
hiero_0588,443,863,34,409,3.896163
hiero_0589,457,843,34,423,3.689278
hiero_0590,355,653,32,323,3.678873
hiero_0591,295,494,51,244,3.349153
hiero_0592,20,18,4,16,1.8
hiero_0593,259,512,6,253,3.953668
hiero_0594,212,444,3,209,4.188679
hiero_0595,326,658,12,314,4.03681
hiero_0596,24,24,0,24,2.0
hiero_0597,24,27,4,20,2.25
hiero_0598,24,27,4,20,2.25
hiero_0599,24,22,4,20,1.833333
hiero_0600,8,6,3,5,1.5
hiero_0601,20,18,3,17,1.8
hiero_0602,20,18,3,17,1.8
hiero_0603,20,18,3,17,1.8
hiero_0604,20,18,3,17,1.8
hiero_0605,8,6,3,5,1.5
hiero_0606,72,121,4,68,3.361111
hiero_0607,262,489,13,249,3.732824
hiero_0608,214,455,2,212,4.252336
hiero_0609,401,734,13,388,3.660848
hiero_0610,213,414,9,204,3.887324
hiero_0611,276,470,14,262,3.405797
hiero_0612,383,775,12,371,4.046997
hiero_0613,129,236,7,122,3.658915
hiero_0614,249,471,14,235,3.783133
hiero_0615,372,652,46,326,3.505376
hiero_0616,141,189,14,127,2.680851
hiero_0617,356,692,15,341,3.88764
hiero_0618,486,1002,7,479,4.123457
hiero_0619,365,719,7,358,3.939726
hiero_0620,209,436,5,204,4.172249
hiero_0621,252,471,12,240,3.738095
hiero_0622,150,247,13,137,3.293333
hiero_0623,118,211,2,116,3.576271
hiero_0624,138,251,2,136,3.637681
hiero_0625,93,170,1,92,3.655914
hiero_0626,332,685,2,330,4.126506
hiero_0627,407,837,16,391,4.113022
hiero_0628,200,406,3,197,4.06
hiero_0629,105,209,0,105,3.980952
hiero_0630,63,120,3,60,3.809524
hiero_0631,208,418,4,204,4.019231
hiero_0632,89,163,6,83,3.662921
hiero_0633,198,403,6,192,4.070707
hiero_0634,52,97,0,52,3.730769
hiero_0635,209,438,2,207,4.191388
hiero_0636,212,442,1,211,4.169811
hiero_0637,94,179,0,94,3.808511
hiero_0638,301,611,3,298,4.059801
hiero_0639,53,105,2,51,3.962264
hiero_0640,40,48,4,36,2.4
hiero_0641,369,836,27,342,4.531165
hiero_0642,318,680,30,288,4.27673
hiero_0643,68,120,4,64,3.529412
hiero_0644,314,618,0,314,3.936306
hiero_0645,60,58,4,56,1.933333
hiero_0646,198,374,4,194,3.777778
hiero_0647,179,315,5,174,3.519553
hiero_0648,123,168,0,123,2.731707
hiero_0649,134,195,0,134,2.910448
hiero_0650,492,987,8,484,4.012195
hiero_0651,12,12,0,12,2.0
hiero_0652,8,8,0,8,2.0
hiero_0653,24,29,0,24,2.416667
hiero_0654,32,35,4,28,2.1875
hiero_0655,271,417,42,229,3.077491
hiero_0656,258,442,40,218,3.426357
hiero_0657,284,581,4,280,4.091549
hiero_0658,127,254,0,127,4.0
hiero_0659,106,216,0,106,4.075472
hiero_0660,114,226,1,113,3.964912
hiero_0661,147,276,0,147,3.755102
hiero_0662,257,537,0,257,4.178988
hiero_0663,393,761,4,389,3.872774
hiero_0664,94,181,1,93,3.851064
hiero_0665,92,176,1,91,3.826087
hiero_0666,255,486,10,245,3.811765
hiero_0667,251,486,8,243,3.87251
hiero_0668,243,472,7,236,3.884774
hiero_0669,338,631,17,321,3.733728
hiero_0670,229,425,8,221,3.71179
hiero_0671,213,422,2,211,3.962441
hiero_0672,271,535,0,271,3.948339
hiero_0673,394,823,9,385,4.177665
hiero_0674,231,460,12,219,3.982684
hiero_0675,376,763,15,361,4.058511
hiero_0676,183,416,0,183,4.546448
hiero_0677,262,520,11,251,3.969466
hiero_0678,252,504,1,251,4.0
hiero_0679,74,142,0,74,3.837838
hiero_0680,16,16,0,16,2.0
hiero_0681,138,258,0,138,3.73913
hiero_0682,8,8,0,8,2.0
hiero_0683,308,640,3,305,4.155844
hiero_0684,18,20,6,12,2.222222
hiero_0685,124,236,16,108,3.806452
hiero_0686,293,599,6,287,4.088737
hiero_0687,380,777,0,380,4.089474
hiero_0688,461,998,11,450,4.329718
hiero_0689,275,568,0,275,4.130909
hiero_0690,417,822,11,406,3.942446
hiero_0691,162,327,1,161,4.037037
hiero_0692,263,520,0,263,3.954373
hiero_0693,66,126,6,60,3.818182
hiero_0694,166,334,1,165,4.024096
hiero_0695,242,498,5,237,4.115702
hiero_0696,145,281,1,144,3.875862
hiero_0697,71,142,0,71,4.0
hiero_0698,143,282,4,139,3.944056
hiero_0699,208,411,6,202,3.951923
hiero_0700,165,335,3,162,4.060606
hiero_0701,244,505,8,236,4.139344
hiero_0702,149,289,2,147,3.879195
hiero_0703,357,679,20,337,3.803922
hiero_0704,131,238,3,128,3.633588
hiero_0705,170,319,4,166,3.752941
hiero_0706,240,477,12,228,3.975
hiero_0707,181,387,5,176,4.276243
hiero_0708,229,445,19,210,3.886463
hiero_0709,308,497,51,257,3.227273
hiero_0710,185,340,9,176,3.675676
hiero_0711,414,799,17,397,3.859903
hiero_0712,234,435,23,211,3.717949
hiero_0713,230,488,0,230,4.243478
hiero_0714,216,441,6,210,4.083333
hiero_0715,214,431,12,202,4.028037
hiero_0716,486,1020,7,479,4.197531
hiero_0717,593,1129,27,566,3.807757
hiero_0718,256,484,22,234,3.78125
hiero_0719,284,550,7,277,3.873239
hiero_0720,384,779,12,372,4.057292
hiero_0721,238,478,0,238,4.016807
hiero_0722,253,516,6,247,4.079051
hiero_0723,310,633,0,310,4.083871
hiero_0724,299,611,4,295,4.086957
hiero_0725,291,578,7,284,3.972509
hiero_0726,395,818,4,391,4.141772
hiero_0727,383,772,9,374,4.031332
hiero_0728,316,630,6,310,3.987342
hiero_0729,304,592,7,297,3.894737
hiero_0730,400,759,12,388,3.795
hiero_0731,323,654,4,319,4.049536
hiero_0732,394,748,10,384,3.796954
hiero_0733,358,721,0,358,4.027933
hiero_0734,261,499,5,256,3.823755
hiero_0735,393,766,12,381,3.898219
hiero_0736,382,732,10,372,3.832461
hiero_0737,324,617,26,298,3.808642
hiero_0738,299,563,26,273,3.765886
hiero_0739,551,1161,3,548,4.214156
hiero_0740,507,1022,2,505,4.031558
hiero_0741,234,442,3,231,3.777778
hiero_0742,217,401,11,206,3.695853
hiero_0743,452,875,18,434,3.871681
hiero_0744,292,598,6,286,4.09589
hiero_0745,114,217,5,109,3.807018
hiero_0746,231,468,0,231,4.051948
hiero_0747,391,826,0,391,4.225064
hiero_0748,258,488,12,246,3.782946
hiero_0749,138,286,4,134,4.144928
hiero_0750,137,268,5,132,3.912409
hiero_0751,291,591,2,289,4.061856
hiero_0752,88,185,0,88,4.204545
hiero_0753,24,34,0,24,2.833333
hiero_0754,115,229,4,111,3.982609
hiero_0755,79,117,14,65,2.962025
hiero_0756,38,63,4,34,3.315789
hiero_0757,211,398,12,199,3.772512
hiero_0758,318,650,5,313,4.08805
hiero_0759,27,39,4,23,2.888889
hiero_0760,280,580,1,279,4.142857
hiero_0761,345,730,2,343,4.231884
hiero_0762,244,521,0,244,4.270492
hiero_0763,216,473,0,216,4.37963
hiero_0764,193,435,0,193,4.507772
hiero_0765,191,423,2,189,4.429319
hiero_0766,168,372,0,168,4.428571
hiero_0767,47,86,0,47,3.659574
hiero_0768,64,113,4,60,3.53125
hiero_0769,212,449,2,210,4.235849
hiero_0770,213,473,3,210,4.441315
hiero_0771,185,413,0,185,4.464865
hiero_0772,94,176,3,91,3.744681
hiero_0773,283,566,2,281,4.0
hiero_0774,156,313,0,156,4.012821
hiero_0775,192,445,0,192,4.635417
hiero_0776,159,301,2,157,3.786164
hiero_0777,175,393,0,175,4.491429
hiero_0778,181,378,0,181,4.176796
hiero_0779,242,466,7,235,3.85124
hiero_0780,329,678,3,326,4.121581
hiero_0781,507,1051,11,496,4.145957
hiero_0782,217,438,2,215,4.036866
hiero_0783,169,366,2,167,4.331361
hiero_0784,178,377,1,177,4.235955
hiero_0785,189,393,3,186,4.15873
hiero_0786,49,93,2,47,3.795918
hiero_0787,122,230,3,119,3.770492
hiero_0788,80,168,0,80,4.2
hiero_0789,53,93,5,48,3.509434
hiero_0790,258,487,16,242,3.775194
hiero_0791,333,675,6,327,4.054054
hiero_0792,106,190,2,104,3.584906
hiero_0793,62,132,0,62,4.258065
hiero_0794,202,435,0,202,4.306931
hiero_0795,212,438,0,212,4.132075
hiero_0796,142,290,0,142,4.084507
hiero_0797,480,907,16,464,3.779167
hiero_0798,125,240,0,125,3.84
hiero_0799,93,160,0,93,3.44086
hiero_0800,94,185,1,93,3.93617
hiero_0801,67,102,4,63,3.044776
hiero_0802,192,406,2,190,4.229167
hiero_0803,222,461,2,220,4.153153
hiero_0804,408,777,16,392,3.808824
hiero_0805,312,620,2,310,3.974359
hiero_0806,133,228,12,121,3.428571
hiero_0807,137,278,2,135,4.058394
hiero_0808,224,452,0,224,4.035714
hiero_0809,436,878,1,435,4.027523
hiero_0810,213,431,1,212,4.046948
hiero_0811,212,428,1,211,4.037736
hiero_0812,416,834,2,414,4.009615
hiero_0813,229,443,9,220,3.868996
hiero_0814,333,677,5,328,4.066066
hiero_0815,360,703,19,341,3.905556
hiero_0816,133,267,0,133,4.015038
hiero_0817,101,209,0,101,4.138614
hiero_0818,75,144,0,75,3.84
hiero_0819,274,550,1,273,4.014599
hiero_0820,231,467,5,226,4.04329
hiero_0821,372,714,1,371,3.83871
hiero_0822,303,619,1,302,4.085809
hiero_0823,258,521,7,251,4.03876
hiero_0824,274,523,2,272,3.817518
hiero_0825,258,511,4,254,3.96124
hiero_0826,268,555,5,263,4.141791
hiero_0827,179,370,2,177,4.134078
hiero_0828,203,427,0,203,4.206897
hiero_0829,257,540,10,247,4.202335
hiero_0830,335,650,19,316,3.880597
hiero_0831,282,573,11,271,4.06383
hiero_0832,268,549,5,263,4.097015
hiero_0833,458,985,2,456,4.30131
hiero_0834,337,683,7,330,4.053412
hiero_0835,160,287,6,154,3.5875
hiero_0836,276,502,18,258,3.637681
hiero_0837,240,487,1,239,4.058333
hiero_0838,280,566,5,275,4.042857
hiero_0839,201,415,0,201,4.129353
hiero_0840,128,268,0,128,4.1875
hiero_0841,150,303,1,149,4.04
hiero_0842,120,247,0,120,4.116667
hiero_0843,173,360,2,171,4.16185
hiero_0844,187,393,2,185,4.203209
hiero_0845,125,222,8,117,3.552
hiero_0846,178,330,7,171,3.707865
hiero_0847,92,176,0,92,3.826087
hiero_0848,32,54,0,32,3.375
hiero_0849,187,389,0,187,4.160428
hiero_0850,123,244,0,123,3.96748
hiero_0851,184,350,0,184,3.804348
hiero_0852,129,268,2,127,4.155039
hiero_0853,25,44,2,23,3.52
hiero_0854,257,550,0,257,4.280156
hiero_0855,124,249,1,123,4.016129
hiero_0856,210,461,0,210,4.390476
hiero_0857,136,296,6,130,4.352941
hiero_0858,312,646,9,303,4.141026
hiero_0859,188,401,0,188,4.265957
hiero_0860,228,471,2,226,4.131579
hiero_0861,358,710,9,349,3.96648
hiero_0862,165,333,0,165,4.036364
hiero_0863,44,85,2,42,3.863636
hiero_0864,186,386,3,183,4.150538
hiero_0865,83,176,2,81,4.240964
hiero_0866,100,201,1,99,4.02
hiero_0867,201,410,2,199,4.079602
hiero_0868,299,606,3,296,4.053512
hiero_0869,324,650,5,319,4.012346
hiero_0870,342,654,0,342,3.824561
hiero_0871,394,742,0,394,3.766497
hiero_0872,490,922,4,486,3.763265
hiero_0873,515,959,8,507,3.724272
hiero_0874,518,979,7,511,3.779923
hiero_0875,238,441,3,235,3.705882
hiero_0876,102,200,1,101,3.921569
hiero_0877,256,515,3,253,4.023438
hiero_0878,502,1033,4,498,4.115538
hiero_0879,260,520,1,259,4.0
hiero_0880,324,658,0,324,4.061728
hiero_0881,129,261,0,129,4.046512
hiero_0882,129,265,1,128,4.108527
hiero_0883,347,692,0,347,3.988473
hiero_0884,162,342,2,160,4.222222
hiero_0885,206,418,0,206,4.058252
hiero_0886,219,423,2,217,3.863014
hiero_0887,211,470,0,211,4.454976
hiero_0888,94,195,2,92,4.148936
hiero_0889,112,239,3,109,4.267857
hiero_0890,106,221,0,106,4.169811
hiero_0891,115,247,3,112,4.295652
hiero_0892,121,247,2,119,4.082645
hiero_0893,131,262,0,131,4.0
hiero_0894,179,373,0,179,4.167598
hiero_0895,137,306,0,137,4.467153
hiero_0896,138,301,1,137,4.362319
hiero_0897,257,509,1,256,3.961089
hiero_0898,226,407,12,214,3.60177
hiero_0899,221,430,9,212,3.891403
hiero_0900,275,568,0,275,4.130909
hiero_0901,231,516,10,221,4.467532
hiero_0902,28,50,2,26,3.571429
hiero_0903,55,99,4,51,3.6
hiero_0904,89,167,6,83,3.752809
hiero_0905,112,203,8,104,3.625
hiero_0906,143,262,10,133,3.664336
hiero_0907,171,312,12,159,3.649123
hiero_0908,170,304,12,158,3.576471
hiero_0909,186,332,12,174,3.569892
hiero_0910,258,477,18,240,3.697674
hiero_0911,54,95,4,50,3.518519
hiero_0912,85,154,6,79,3.623529
hiero_0913,93,166,6,87,3.569892
hiero_0914,81,140,10,71,3.45679
hiero_0915,292,599,9,283,4.10274
hiero_0916,194,401,7,187,4.134021
hiero_0917,155,312,7,148,4.025806
hiero_0918,119,240,0,119,4.033613
hiero_0919,61,122,2,59,4.0
hiero_0920,74,150,3,71,4.054054
hiero_0921,172,367,4,168,4.267442
hiero_0922,176,381,2,174,4.329545
hiero_0923,154,297,0,154,3.857143
hiero_0924,313,640,1,312,4.089457
hiero_0925,212,433,0,212,4.084906
hiero_0926,277,539,1,276,3.891697
hiero_0927,203,460,2,201,4.53202
hiero_0928,145,323,2,143,4.455172
hiero_0929,80,153,2,78,3.825
hiero_0930,120,249,1,119,4.15
hiero_0931,211,395,13,198,3.744076
hiero_0932,194,385,3,191,3.969072
hiero_0933,148,292,2,146,3.945946
hiero_0934,217,446,2,215,4.110599
hiero_0935,188,371,0,188,3.946809
hiero_0936,98,191,0,98,3.897959
hiero_0937,200,411,0,200,4.11
hiero_0938,143,273,5,138,3.818182
hiero_0939,150,314,0,150,4.186667
hiero_0940,299,594,16,283,3.973244
hiero_0941,28,53,2,26,3.785714
hiero_0942,56,106,4,52,3.785714
hiero_0943,196,389,0,196,3.969388
hiero_0944,186,373,0,186,4.010753
hiero_0945,175,360,0,175,4.114286
hiero_0946,154,313,0,154,4.064935
hiero_0947,404,845,3,401,4.183168
hiero_0948,371,766,0,371,4.12938
hiero_0949,169,342,0,169,4.047337
hiero_0950,165,320,2,163,3.878788
hiero_0951,199,409,4,195,4.110553
hiero_0952,180,367,0,180,4.077778
hiero_0953,179,366,0,179,4.089385
hiero_0954,72,142,0,72,3.944444
hiero_0955,65,128,2,63,3.938462
hiero_0956,131,264,1,130,4.030534
hiero_0957,98,184,6,92,3.755102
hiero_0958,94,186,0,94,3.957447
hiero_0959,228,487,1,227,4.27193
hiero_0960,426,870,1,425,4.084507
hiero_0961,288,602,4,284,4.180556
hiero_0962,379,774,8,371,4.084433
hiero_0963,537,1082,8,529,4.029795
hiero_0964,73,131,5,68,3.589041
hiero_0965,706,1431,6,700,4.053824
hiero_0966,81,147,6,75,3.62963
hiero_0967,195,373,11,184,3.825641
hiero_0968,182,350,11,171,3.846154
hiero_0969,240,470,0,240,3.916667
hiero_0970,111,221,0,111,3.981982
hiero_0971,136,255,0,136,3.75
hiero_0972,73,140,2,71,3.835616
hiero_0973,205,389,6,199,3.795122
hiero_0974,267,528,0,267,3.955056
hiero_0975,66,133,0,66,4.030303
hiero_0976,141,286,0,141,4.056738
hiero_0977,167,363,0,167,4.347305
hiero_0978,123,246,0,123,4.0
hiero_0979,250,524,5,245,4.192
hiero_0980,56,114,0,56,4.071429
hiero_0981,81,160,5,76,3.950617
hiero_0982,157,313,0,157,3.987261
hiero_0983,81,146,4,77,3.604938
hiero_0984,69,131,0,69,3.797101
hiero_0985,239,500,2,237,4.1841
hiero_0986,177,374,1,176,4.225989
hiero_0987,45,73,0,45,3.244444
hiero_0988,55,99,0,55,3.6
hiero_0989,38,68,0,38,3.578947
hiero_0990,310,628,10,300,4.051613
hiero_0991,237,450,9,228,3.797468
hiero_0992,96,136,0,96,2.833333
hiero_0993,69,145,0,69,4.202899
hiero_0994,215,409,14,201,3.804651
hiero_0995,218,426,5,213,3.908257
hiero_0996,8,8,0,8,2.0
hiero_0997,28,33,0,28,2.357143
hiero_0998,28,33,0,28,2.357143
hiero_0999,107,209,0,107,3.906542
hiero_1000,28,33,0,28,2.357143
hiero_1001,24,24,0,24,2.0
hiero_1002,24,24,0,24,2.0
hiero_1003,24,24,0,24,2.0
hiero_1004,93,171,0,93,3.677419
hiero_1005,166,337,0,166,4.060241
hiero_1006,20,25,0,20,2.5
hiero_1007,89,189,0,89,4.247191
hiero_1008,86,179,0,86,4.162791
hiero_1009,256,528,2,254,4.125
hiero_1010,138,281,0,138,4.072464
hiero_1011,59,114,0,59,3.864407
hiero_1012,257,512,0,257,3.984436
hiero_1013,438,901,1,437,4.114155
hiero_1014,28,36,4,24,2.571429
hiero_1015,55,101,3,52,3.672727
hiero_1016,99,201,0,99,4.060606
hiero_1017,90,184,0,90,4.088889
hiero_1018,2,1,2,0,1.0
hiero_1019,4,2,4,0,1.0
hiero_1020,6,3,6,0,1.0
hiero_1021,8,4,8,0,1.0
hiero_1022,10,5,10,0,1.0
hiero_1023,12,6,12,0,1.0
hiero_1024,14,7,14,0,1.0
hiero_1025,16,8,16,0,1.0
hiero_1026,18,9,18,0,1.0
hiero_1027,10,5,10,0,1.0
hiero_1028,2,1,2,0,1.0
hiero_1029,4,2,4,0,1.0
hiero_1030,6,3,6,0,1.0
hiero_1031,8,4,8,0,1.0
hiero_1032,10,5,10,0,1.0
hiero_1033,12,6,12,0,1.0
hiero_1034,14,7,14,0,1.0
hiero_1035,16,8,16,0,1.0
hiero_1036,18,9,18,0,1.0
hiero_1037,156,336,0,156,4.307692
hiero_1038,186,385,0,186,4.139785
hiero_1039,218,437,1,217,4.009174
hiero_1040,156,318,0,156,4.076923
hiero_1041,424,853,3,421,4.023585
hiero_1042,296,581,11,285,3.925676
hiero_1043,100,205,1,99,4.1
hiero_1044,94,191,1,93,4.06383
hiero_1045,219,429,3,216,3.917808
hiero_1046,18,18,10,8,2.0
hiero_1047,79,154,6,73,3.898734
hiero_1048,178,393,2,176,4.41573
hiero_1049,31,60,2,29,3.870968
hiero_1050,8,8,0,8,2.0
hiero_1051,207,464,0,207,4.483092
hiero_1052,171,361,0,171,4.222222
hiero_1053,46,94,2,44,4.086957
hiero_1054,53,110,2,51,4.150943
hiero_1055,61,113,4,57,3.704918
hiero_1056,66,97,10,56,2.939394
hiero_1057,115,228,2,113,3.965217
hiero_1058,164,347,5,159,4.231707
hiero_1059,85,165,5,80,3.882353
hiero_1060,228,455,13,215,3.991228
hiero_1061,246,459,30,216,3.731707
hiero_1062,198,367,5,193,3.707071
hiero_1063,330,697,0,330,4.224242
hiero_1064,258,580,0,258,4.496124
hiero_1065,187,402,2,185,4.299465
hiero_1066,33,58,4,29,3.515152
hiero_1067,27,48,4,23,3.555556
hiero_1068,214,423,2,212,3.953271
hiero_1069,248,502,0,248,4.048387
hiero_1070,186,367,5,181,3.946237
hiero_1071,28,48,4,24,3.428571
