image_id,cluster_id
hiero_0000,3
hiero_0001,3
hiero_0002,3
hiero_0003,3
hiero_0004,3
hiero_0005,3
hiero_0006,3
hiero_0007,3
hiero_0008,7
hiero_0009,3
hiero_0010,3
hiero_0011,3
hiero_0012,7
hiero_0013,3
hiero_0014,7
hiero_0015,6
hiero_0016,3
hiero_0017,3
hiero_0018,3
hiero_0019,6
hiero_0020,6
hiero_0021,6
hiero_0022,6
hiero_0023,3
hiero_0024,3
hiero_0025,3
hiero_0026,3
hiero_0027,3
hiero_0028,6
hiero_0029,6
hiero_0030,6
hiero_0031,6
hiero_0032,6
hiero_0033,0
hiero_0034,6
hiero_0035,6
hiero_0036,6
hiero_0037,6
hiero_0038,6
hiero_0039,3
hiero_0040,7
hiero_0041,3
hiero_0042,3
hiero_0043,3
hiero_0044,7
hiero_0045,5
hiero_0046,6
hiero_0047,5
hiero_0048,0
hiero_0049,6
hiero_0050,5
hiero_0051,5
hiero_0052,6
hiero_0053,5
hiero_0054,6
hiero_0055,6
hiero_0056,5
hiero_0057,5
hiero_0058,6
hiero_0059,6
hiero_0060,6
hiero_0061,3
hiero_0062,1
hiero_0063,5
hiero_0064,6
hiero_0065,3
hiero_0066,6
hiero_0067,3
hiero_0068,6
hiero_0069,3
hiero_0070,6
hiero_0071,6
hiero_0072,3
hiero_0073,3
hiero_0074,5
hiero_0075,0
hiero_0076,6
hiero_0077,6
hiero_0078,3
hiero_0079,3
hiero_0080,5
hiero_0081,3
hiero_0082,0
hiero_0083,6
hiero_0084,2
hiero_0085,6
hiero_0086,3
hiero_0087,6
hiero_0088,6
hiero_0089,0
hiero_0090,5
hiero_0091,5
hiero_0092,5
hiero_0093,5
hiero_0094,5
hiero_0095,5
hiero_0096,0
hiero_0097,0
hiero_0098,1
hiero_0099,5
hiero_0100,0
hiero_0101,5
hiero_0102,5
hiero_0103,0
hiero_0104,6
hiero_0105,6
hiero_0106,6
hiero_0107,0
hiero_0108,0
hiero_0109,0
hiero_0110,0
hiero_0111,5
hiero_0112,6
hiero_0113,7
hiero_0114,6
hiero_0115,0
hiero_0116,5
hiero_0117,0
hiero_0118,5
hiero_0119,5
hiero_0120,5
hiero_0121,5
hiero_0122,5
hiero_0123,6
hiero_0124,6
hiero_0125,5
hiero_0126,5
hiero_0127,6
hiero_0128,3
hiero_0129,1
hiero_0130,1
hiero_0131,1
hiero_0132,1
hiero_0133,5
hiero_0134,1
hiero_0135,5
hiero_0136,5
hiero_0137,5
hiero_0138,1
hiero_0139,5
hiero_0140,5
hiero_0141,5
hiero_0142,5
hiero_0143,3
hiero_0144,1
hiero_0145,1
hiero_0146,5
hiero_0147,1
hiero_0148,5
hiero_0149,6
hiero_0150,3
hiero_0151,6
hiero_0152,3
hiero_0153,6
hiero_0154,6
hiero_0155,6
hiero_0156,5
hiero_0157,5
hiero_0158,6
hiero_0159,6
hiero_0160,6
hiero_0161,6
hiero_0162,5
hiero_0163,5
hiero_0164,6
hiero_0165,6
hiero_0166,6
hiero_0167,5
hiero_0168,5
hiero_0169,6
hiero_0170,1
hiero_0171,6
hiero_0172,5
hiero_0173,5
hiero_0174,3
hiero_0175,7
hiero_0176,7
hiero_0177,3
hiero_0178,7
hiero_0179,7
hiero_0180,7
hiero_0181,3
hiero_0182,7
hiero_0183,1
hiero_0184,1
hiero_0185,0
hiero_0186,1
hiero_0187,6
hiero_0188,3
hiero_0189,6
hiero_0190,5
hiero_0191,6
hiero_0192,5
hiero_0193,6
hiero_0194,6
hiero_0195,3
hiero_0196,3
hiero_0197,6
hiero_0198,6
hiero_0199,5
hiero_0200,5
hiero_0201,1
hiero_0202,1
hiero_0203,5
hiero_0204,6
hiero_0205,6
hiero_0206,6
hiero_0207,6
hiero_0208,6
hiero_0209,6
hiero_0210,3
hiero_0211,3
hiero_0212,6
hiero_0213,3
hiero_0214,2
hiero_0215,7
hiero_0216,3
hiero_0217,3
hiero_0218,6
hiero_0219,6
hiero_0220,0
hiero_0221,3
hiero_0222,3
hiero_0223,6
hiero_0224,3
hiero_0225,3
hiero_0226,3
hiero_0227,3
hiero_0228,3
hiero_0229,3
hiero_0230,3
hiero_0231,0
hiero_0232,3
hiero_0233,3
hiero_0234,6
hiero_0235,3
hiero_0236,6
hiero_0237,6
hiero_0238,6
hiero_0239,0
hiero_0240,3
hiero_0241,6
hiero_0242,3
hiero_0243,2
hiero_0244,3
hiero_0245,2
hiero_0246,7
hiero_0247,3
hiero_0248,3
hiero_0249,3
hiero_0250,0
hiero_0251,0
hiero_0252,2
hiero_0253,3
hiero_0254,5
hiero_0255,5
hiero_0256,6
hiero_0257,6
hiero_0258,6
hiero_0259,5
hiero_0260,6
hiero_0261,3
hiero_0262,7
hiero_0263,5
hiero_0264,1
hiero_0265,1
hiero_0266,1
hiero_0267,6
hiero_0268,6
hiero_0269,6
hiero_0270,0
hiero_0271,5
hiero_0272,5
hiero_0273,1
hiero_0274,5
hiero_0275,6
hiero_0276,5
hiero_0277,5
hiero_0278,5
hiero_0279,5
hiero_0280,5
hiero_0281,5
hiero_0282,3
hiero_0283,5
hiero_0284,5
hiero_0285,6
hiero_0286,6
hiero_0287,7
hiero_0288,1
hiero_0289,5
hiero_0290,5
hiero_0291,5
hiero_0292,1
hiero_0293,5
hiero_0294,6
hiero_0295,5
hiero_0296,6
hiero_0297,6
hiero_0298,3
hiero_0299,3
hiero_0300,5
hiero_0301,5
hiero_0302,3
hiero_0303,5
hiero_0304,1
hiero_0305,5
hiero_0306,1
hiero_0307,1
hiero_0308,1
hiero_0309,1
hiero_0310,1
hiero_0311,1
hiero_0312,5
hiero_0313,1
hiero_0314,5
hiero_0315,5
hiero_0316,1
hiero_0317,1
hiero_0318,1
hiero_0319,6
hiero_0320,7
hiero_0321,3
hiero_0322,3
hiero_0323,3
hiero_0324,3
hiero_0325,6
hiero_0326,6
hiero_0327,3
hiero_0328,0
hiero_0329,0
hiero_0330,0
hiero_0331,2
hiero_0332,1
hiero_0333,5
hiero_0334,1
hiero_0335,5
hiero_0336,6
hiero_0337,3
hiero_0338,7
hiero_0339,6
hiero_0340,3
hiero_0341,7
hiero_0342,3
hiero_0343,3
hiero_0344,0
hiero_0345,6
hiero_0346,3
hiero_0347,3
hiero_0348,0
hiero_0349,0
hiero_0350,3
hiero_0351,3
hiero_0352,6
hiero_0353,3
hiero_0354,7
hiero_0355,6
hiero_0356,0
hiero_0357,6
hiero_0358,6
hiero_0359,0
hiero_0360,0
hiero_0361,0
hiero_0362,6
hiero_0363,5
hiero_0364,3
hiero_0365,3
hiero_0366,3
hiero_0367,3
hiero_0368,6
hiero_0369,0
hiero_0370,6
hiero_0371,3
hiero_0372,3
hiero_0373,3
hiero_0374,3
hiero_0375,3
hiero_0376,7
hiero_0377,5
hiero_0378,7
hiero_0379,7
hiero_0380,6
hiero_0381,7
hiero_0382,6
hiero_0383,5
hiero_0384,6
hiero_0385,5
hiero_0386,5
hiero_0387,6
hiero_0388,1
hiero_0389,5
hiero_0390,6
hiero_0391,5
hiero_0392,7
hiero_0393,7
hiero_0394,5
hiero_0395,3
hiero_0396,6
hiero_0397,5
hiero_0398,1
hiero_0399,2
hiero_0400,5
hiero_0401,5
hiero_0402,5
hiero_0403,6
hiero_0404,6
hiero_0405,6
hiero_0406,6
hiero_0407,6
hiero_0408,6
hiero_0409,7
hiero_0410,7
hiero_0411,6
hiero_0412,6
hiero_0413,0
hiero_0414,6
hiero_0415,6
hiero_0416,5
hiero_0417,6
hiero_0418,0
hiero_0419,0
hiero_0420,2
hiero_0421,3
hiero_0422,3
hiero_0423,0
hiero_0424,0
hiero_0425,1
hiero_0426,1
hiero_0427,3
hiero_0428,1
hiero_0429,5
hiero_0430,0
hiero_0431,6
hiero_0432,0
hiero_0433,5
hiero_0434,3
hiero_0435,5
hiero_0436,5
hiero_0437,5
hiero_0438,5
hiero_0439,6
hiero_0440,6
hiero_0441,5
hiero_0442,6
hiero_0443,1
hiero_0444,1
hiero_0445,5
hiero_0446,6
hiero_0447,6
hiero_0448,3
hiero_0449,3
hiero_0450,3
hiero_0451,7
hiero_0452,3
hiero_0453,5
hiero_0454,3
hiero_0455,0
hiero_0456,0
hiero_0457,1
hiero_0458,1
hiero_0459,1
hiero_0460,5
hiero_0461,5
hiero_0462,6
hiero_0463,6
hiero_0464,6
hiero_0465,1
hiero_0466,0
hiero_0467,1
hiero_0468,0
hiero_0469,5
hiero_0470,3
hiero_0471,0
hiero_0472,3
hiero_0473,0
hiero_0474,5
hiero_0475,5
hiero_0476,5
hiero_0477,5
hiero_0478,1
hiero_0479,5
hiero_0480,5
hiero_0481,5
hiero_0482,5
hiero_0483,5
hiero_0484,5
hiero_0485,5
hiero_0486,7
hiero_0487,7
hiero_0488,5
hiero_0489,1
hiero_0490,1
hiero_0491,5
hiero_0492,5
hiero_0493,3
hiero_0494,5
hiero_0495,1
hiero_0496,5
hiero_0497,1
hiero_0498,1
hiero_0499,5
hiero_0500,6
hiero_0501,3
hiero_0502,5
hiero_0503,5
hiero_0504,5
hiero_0505,5
hiero_0506,5
hiero_0507,7
hiero_0508,3
hiero_0509,7
hiero_0510,1
hiero_0511,4
hiero_0512,1
hiero_0513,1
hiero_0514,5
hiero_0515,1
hiero_0516,3
hiero_0517,1
hiero_0518,1
hiero_0519,5
hiero_0520,0
hiero_0521,5
hiero_0522,1
hiero_0523,1
hiero_0524,5
hiero_0525,5
hiero_0526,1
hiero_0527,1
hiero_0528,1
hiero_0529,5
hiero_0530,1
hiero_0531,1
hiero_0532,5
hiero_0533,5
hiero_0534,5
hiero_0535,7
hiero_0536,4
hiero_0537,4
hiero_0538,1
hiero_0539,1
hiero_0540,6
hiero_0541,5
hiero_0542,1
hiero_0543,1
hiero_0544,2
hiero_0545,2
hiero_0546,2
hiero_0547,2
hiero_0548,2
hiero_0549,2
hiero_0550,2
hiero_0551,2
hiero_0552,2
hiero_0553,2
hiero_0554,2
hiero_0555,2
hiero_0556,2
hiero_0557,0
hiero_0558,2
hiero_0559,2
hiero_0560,2
hiero_0561,2
hiero_0562,2
hiero_0563,2
hiero_0564,2
hiero_0565,2
hiero_0566,2
hiero_0567,2
hiero_0568,2
hiero_0569,0
hiero_0570,2
hiero_0571,2
hiero_0572,2
hiero_0573,2
hiero_0574,2
hiero_0575,2
hiero_0576,2
hiero_0577,2
hiero_0578,2
hiero_0579,2
hiero_0580,2
hiero_0581,2
hiero_0582,2
hiero_0583,2
hiero_0584,2
hiero_0585,2
hiero_0586,2
hiero_0587,0
hiero_0588,2
hiero_0589,2
hiero_0590,2
hiero_0591,2
hiero_0592,4
hiero_0593,6
hiero_0594,5
hiero_0595,6
hiero_0596,4
hiero_0597,4
hiero_0598,4
hiero_0599,4
hiero_0600,4
hiero_0601,4
hiero_0602,4
hiero_0603,4
hiero_0604,4
hiero_0605,4
hiero_0606,1
hiero_0607,0
hiero_0608,5
hiero_0609,3
hiero_0610,5
hiero_0611,0
hiero_0612,3
hiero_0613,1
hiero_0614,0
hiero_0615,2
hiero_0616,1
hiero_0617,6
hiero_0618,3
hiero_0619,6
hiero_0620,5
hiero_0621,0
hiero_0622,1
hiero_0623,1
hiero_0624,1
hiero_0625,1
hiero_0626,6
hiero_0627,3
hiero_0628,5
hiero_0629,1
hiero_0630,1
hiero_0631,5
hiero_0632,1
hiero_0633,5
hiero_0634,1
hiero_0635,5
hiero_0636,5
hiero_0637,1
hiero_0638,6
hiero_0639,1
hiero_0640,4
hiero_0641,3
hiero_0642,0
hiero_0643,1
hiero_0644,6
hiero_0645,4
hiero_0646,5
hiero_0647,5
hiero_0648,1
hiero_0649,1
hiero_0650,3
hiero_0651,4
hiero_0652,4
hiero_0653,4
hiero_0654,4
hiero_0655,2
hiero_0656,0
hiero_0657,6
hiero_0658,1
hiero_0659,1
hiero_0660,1
hiero_0661,1
hiero_0662,5
hiero_0663,3
hiero_0664,1
hiero_0665,1
hiero_0666,6
hiero_0667,5
hiero_0668,5
hiero_0669,0
hiero_0670,5
hiero_0671,5
hiero_0672,6
hiero_0673,3
hiero_0674,5
hiero_0675,3
hiero_0676,5
hiero_0677,6
hiero_0678,5
hiero_0679,1
hiero_0680,4
hiero_0681,1
hiero_0682,4
hiero_0683,6
hiero_0684,4
hiero_0685,1
hiero_0686,6
hiero_0687,6
hiero_0688,3
hiero_0689,6
hiero_0690,3
hiero_0691,5
hiero_0692,6
hiero_0693,1
hiero_0694,5
hiero_0695,5
hiero_0696,1
hiero_0697,1
hiero_0698,1
hiero_0699,5
hiero_0700,5
hiero_0701,5
hiero_0702,5
hiero_0703,0
hiero_0704,1
hiero_0705,5
hiero_0706,0
hiero_0707,5
hiero_0708,0
hiero_0709,2
hiero_0710,5
hiero_0711,3
hiero_0712,0
hiero_0713,5
hiero_0714,5
hiero_0715,5
hiero_0716,3
hiero_0717,7
hiero_0718,0
hiero_0719,6
hiero_0720,3
hiero_0721,5
hiero_0722,6
hiero_0723,6
hiero_0724,6
hiero_0725,6
hiero_0726,3
hiero_0727,3
hiero_0728,6
hiero_0729,6
hiero_0730,3
hiero_0731,6
hiero_0732,3
hiero_0733,6
hiero_0734,6
hiero_0735,3
hiero_0736,3
hiero_0737,0
hiero_0738,0
hiero_0739,7
hiero_0740,3
hiero_0741,5
hiero_0742,5
hiero_0743,3
hiero_0744,6
hiero_0745,1
hiero_0746,5
hiero_0747,3
hiero_0748,0
hiero_0749,5
hiero_0750,1
hiero_0751,6
hiero_0752,1
hiero_0753,1
hiero_0754,1
hiero_0755,1
hiero_0756,1
hiero_0757,5
hiero_0758,6
hiero_0759,1
hiero_0760,6
hiero_0761,6
hiero_0762,5
hiero_0763,5
hiero_0764,5
hiero_0765,5
hiero_0766,5
hiero_0767,1
hiero_0768,1
hiero_0769,5
hiero_0770,5
hiero_0771,5
hiero_0772,1
hiero_0773,6
hiero_0774,5
hiero_0775,5
hiero_0776,5
hiero_0777,5
hiero_0778,5
hiero_0779,5
hiero_0780,6
hiero_0781,7
hiero_0782,5
hiero_0783,5
hiero_0784,5
hiero_0785,5
hiero_0786,1
hiero_0787,1
hiero_0788,1
hiero_0789,1
hiero_0790,0
hiero_0791,6
hiero_0792,1
hiero_0793,1
hiero_0794,5
hiero_0795,5
hiero_0796,5
hiero_0797,3
hiero_0798,1
hiero_0799,1
hiero_0800,1
hiero_0801,1
hiero_0802,5
hiero_0803,5
hiero_0804,3
hiero_0805,6
hiero_0806,1
hiero_0807,1
hiero_0808,5
hiero_0809,3
hiero_0810,5
hiero_0811,5
hiero_0812,3
hiero_0813,5
hiero_0814,6
hiero_0815,0
hiero_0816,1
hiero_0817,1
hiero_0818,1
hiero_0819,6
hiero_0820,5
hiero_0821,6
hiero_0822,6
hiero_0823,6
hiero_0824,6
hiero_0825,6
hiero_0826,6
hiero_0827,5
hiero_0828,5
hiero_0829,6
hiero_0830,0
hiero_0831,6
hiero_0832,6
hiero_0833,3
hiero_0834,6
hiero_0835,1
hiero_0836,0
hiero_0837,5
hiero_0838,6
hiero_0839,5
hiero_0840,1
hiero_0841,5
hiero_0842,1
hiero_0843,5
hiero_0844,5
hiero_0845,1
hiero_0846,5
hiero_0847,1
hiero_0848,1
hiero_0849,5
hiero_0850,1
hiero_0851,5
hiero_0852,1
hiero_0853,1
hiero_0854,5
hiero_0855,1
hiero_0856,5
hiero_0857,5
hiero_0858,6
hiero_0859,5
hiero_0860,5
hiero_0861,6
hiero_0862,5
hiero_0863,1
hiero_0864,5
hiero_0865,1
hiero_0866,1
hiero_0867,5
hiero_0868,6
hiero_0869,6
hiero_0870,6
hiero_0871,3
hiero_0872,3
hiero_0873,3
hiero_0874,3
hiero_0875,5
hiero_0876,1
hiero_0877,5
hiero_0878,3
hiero_0879,6
hiero_0880,6
hiero_0881,1
hiero_0882,1
hiero_0883,6
hiero_0884,5
hiero_0885,5
hiero_0886,5
hiero_0887,5
hiero_0888,1
hiero_0889,1
hiero_0890,1
hiero_0891,1
hiero_0892,1
hiero_0893,1
hiero_0894,5
hiero_0895,5
hiero_0896,5
hiero_0897,5
hiero_0898,0
hiero_0899,5
hiero_0900,6
hiero_0901,5
hiero_0902,1
hiero_0903,1
hiero_0904,1
hiero_0905,1
hiero_0906,1
hiero_0907,5
hiero_0908,1
hiero_0909,5
hiero_0910,0
hiero_0911,1
hiero_0912,1
hiero_0913,1
hiero_0914,1
hiero_0915,6
hiero_0916,5
hiero_0917,5
hiero_0918,1
hiero_0919,1
hiero_0920,1
hiero_0921,5
hiero_0922,5
hiero_0923,5
hiero_0924,6
hiero_0925,5
hiero_0926,6
hiero_0927,5
hiero_0928,5
hiero_0929,1
hiero_0930,1
hiero_0931,0
hiero_0932,5
hiero_0933,5
hiero_0934,5
hiero_0935,5
hiero_0936,1
hiero_0937,5
hiero_0938,1
hiero_0939,5
hiero_0940,0
hiero_0941,1
hiero_0942,1
hiero_0943,5
hiero_0944,5
hiero_0945,5
hiero_0946,5
hiero_0947,3
hiero_0948,6
hiero_0949,5
hiero_0950,5
hiero_0951,5
hiero_0952,5
hiero_0953,5
hiero_0954,1
hiero_0955,1
hiero_0956,1
hiero_0957,1
hiero_0958,1
hiero_0959,5
hiero_0960,3
hiero_0961,6
hiero_0962,3
hiero_0963,7
hiero_0964,1
hiero_0965,7
hiero_0966,1
hiero_0967,5
hiero_0968,5
hiero_0969,5
hiero_0970,1
hiero_0971,1
hiero_0972,1
hiero_0973,5
hiero_0974,6
hiero_0975,1
hiero_0976,5
hiero_0977,5
hiero_0978,1
hiero_0979,5
hiero_0980,1
hiero_0981,1
hiero_0982,5
hiero_0983,1
hiero_0984,1
hiero_0985,5
hiero_0986,5
hiero_0987,1
hiero_0988,1
hiero_0989,1
hiero_0990,6
hiero_0991,5
hiero_0992,1
hiero_0993,1
hiero_0994,0
hiero_0995,5
hiero_0996,4
hiero_0997,4
hiero_0998,4
hiero_0999,1
hiero_1000,4
hiero_1001,4
hiero_1002,4
hiero_1003,4
hiero_1004,1
hiero_1005,5
hiero_1006,4
hiero_1007,1
hiero_1008,1
hiero_1009,5
hiero_1010,5
hiero_1011,1
hiero_1012,5
hiero_1013,3
hiero_1014,4
hiero_1015,1
hiero_1016,1
hiero_1017,1
hiero_1018,4
hiero_1019,4
hiero_1020,4
hiero_1021,4
hiero_1022,4
hiero_1023,4
hiero_1024,4
hiero_1025,4
hiero_1026,4
hiero_1027,4
hiero_1028,4
hiero_1029,4
hiero_1030,4
hiero_1031,4
hiero_1032,4
hiero_1033,4
hiero_1034,4
hiero_1035,4
hiero_1036,4
hiero_1037,5
hiero_1038,5
hiero_1039,5
hiero_1040,5
hiero_1041,3
hiero_1042,6
hiero_1043,1
hiero_1044,1
hiero_1045,5
hiero_1046,4
hiero_1047,1
hiero_1048,5
hiero_1049,1
hiero_1050,4
hiero_1051,5
hiero_1052,5
hiero_1053,1
hiero_1054,1
hiero_1055,1
hiero_1056,1
hiero_1057,1
hiero_1058,5
hiero_1059,1
hiero_1060,0
hiero_1061,0
hiero_1062,5
hiero_1063,6
hiero_1064,6
hiero_1065,5
hiero_1066,1
hiero_1067,1
hiero_1068,5
hiero_1069,5
hiero_1070,5
hiero_1071,1
