image_id,macro_archetype,meso_archetype,micro_archetype
hiero_0000,1,5,15
hiero_0001,1,5,15
hiero_0002,1,5,15
hiero_0003,1,6,19
hiero_0004,1,6,19
hiero_0005,1,6,19
hiero_0006,1,5,15
hiero_0007,1,5,15
hiero_0008,1,5,15
hiero_0009,1,5,15
hiero_0010,1,6,19
hiero_0011,1,6,18
hiero_0012,1,5,17
hiero_0013,1,5,15
hiero_0014,1,5,16
hiero_0015,0,3,11
hiero_0016,1,6,20
hiero_0017,1,5,15
hiero_0018,1,6,19
hiero_0019,1,6,19
hiero_0020,0,3,11
hiero_0021,0,3,11
hiero_0022,0,3,11
hiero_0023,1,5,15
hiero_0024,1,6,18
hiero_0025,0,3,11
hiero_0026,1,6,19
hiero_0027,1,6,18
hiero_0028,0,3,9
hiero_0029,0,3,11
hiero_0030,0,3,11
hiero_0031,0,3,11
hiero_0032,0,3,11
hiero_0033,0,0,0
hiero_0034,0,3,10
hiero_0035,0,3,10
hiero_0036,0,3,11
hiero_0037,0,3,11
hiero_0038,0,3,11
hiero_0039,1,6,19
hiero_0040,1,5,15
hiero_0041,1,5,15
hiero_0042,1,6,20
hiero_0043,1,5,15
hiero_0044,1,7,21
hiero_0045,0,3,10
hiero_0046,0,3,9
hiero_0047,0,1,5
hiero_0048,0,3,10
hiero_0049,0,3,10
hiero_0050,0,1,3
hiero_0051,0,3,10
hiero_0052,0,3,10
hiero_0053,0,0,1
hiero_0054,0,3,10
hiero_0055,0,3,10
hiero_0056,0,0,1
hiero_0057,0,1,5
hiero_0058,0,3,10
hiero_0059,0,3,9
hiero_0060,0,3,11
hiero_0061,1,6,18
hiero_0062,0,1,3
hiero_0063,0,1,3
hiero_0064,0,3,10
hiero_0065,1,5,15
hiero_0066,0,3,11
hiero_0067,1,6,20
hiero_0068,1,6,19
hiero_0069,0,3,11
hiero_0070,0,3,11
hiero_0071,0,3,11
hiero_0072,1,6,19
hiero_0073,1,6,19
hiero_0074,0,0,1
hiero_0075,0,0,0
hiero_0076,0,3,11
hiero_0077,0,3,11
hiero_0078,1,5,15
hiero_0079,1,6,19
hiero_0080,0,1,5
hiero_0081,1,6,19
hiero_0082,1,6,18
hiero_0083,1,6,18
hiero_0084,1,4,12
hiero_0085,0,3,9
hiero_0086,1,6,18
hiero_0087,0,3,11
hiero_0088,0,3,9
hiero_0089,0,0,0
hiero_0090,0,0,1
hiero_0091,0,0,1
hiero_0092,0,0,1
hiero_0093,0,0,1
hiero_0094,0,0,1
hiero_0095,0,3,10
hiero_0096,0,0,1
hiero_0097,0,0,0
hiero_0098,0,0,2
hiero_0099,0,1,5
hiero_0100,0,0,0
hiero_0101,0,1,5
hiero_0102,0,0,1
hiero_0103,0,0,1
hiero_0104,0,3,11
hiero_0105,0,3,10
hiero_0106,0,3,11
hiero_0107,0,0,1
hiero_0108,0,0,0
hiero_0109,0,0,1
hiero_0110,0,0,1
hiero_0111,0,1,5
hiero_0112,0,3,11
hiero_0113,1,5,15
hiero_0114,0,3,11
hiero_0115,0,0,1
hiero_0116,0,3,10
hiero_0117,0,0,1
hiero_0118,0,0,1
hiero_0119,0,0,1
hiero_0120,0,1,3
hiero_0121,0,1,3
hiero_0122,0,1,3
hiero_0123,0,3,10
hiero_0124,0,3,10
hiero_0125,0,1,3
hiero_0126,0,0,1
hiero_0127,0,3,10
hiero_0128,1,6,19
hiero_0129,0,2,6
hiero_0130,0,2,6
hiero_0131,0,1,3
hiero_0132,0,1,3
hiero_0133,0,1,3
hiero_0134,0,1,3
hiero_0135,0,1,5
hiero_0136,0,0,1
hiero_0137,0,1,5
hiero_0138,0,2,6
hiero_0139,0,1,4
hiero_0140,0,1,4
hiero_0141,0,1,4
hiero_0142,0,1,5
hiero_0143,0,3,11
hiero_0144,0,1,3
hiero_0145,0,1,3
hiero_0146,0,1,4
hiero_0147,0,1,3
hiero_0148,0,0,1
hiero_0149,0,3,10
hiero_0150,1,6,20
hiero_0151,0,3,9
hiero_0152,1,6,19
hiero_0153,0,3,10
hiero_0154,0,3,9
hiero_0155,0,3,9
hiero_0156,0,3,10
hiero_0157,0,1,4
hiero_0158,0,3,9
hiero_0159,0,3,9
hiero_0160,0,3,9
hiero_0161,0,3,9
hiero_0162,0,1,5
hiero_0163,0,1,4
hiero_0164,0,3,9
hiero_0165,0,3,9
hiero_0166,0,3,10
hiero_0167,0,1,4
hiero_0168,0,1,5
hiero_0169,0,3,9
hiero_0170,0,2,6
hiero_0171,0,3,9
hiero_0172,0,0,1
hiero_0173,0,1,4
hiero_0174,1,6,20
hiero_0175,1,5,17
hiero_0176,1,5,16
hiero_0177,1,7,21
hiero_0178,1,7,21
hiero_0179,1,7,21
hiero_0180,1,7,22
hiero_0181,1,6,18
hiero_0182,1,5,16
hiero_0183,0,1,3
hiero_0184,0,2,6
hiero_0185,0,0,0
hiero_0186,0,2,6
hiero_0187,0,3,9
hiero_0188,1,6,18
hiero_0189,0,3,9
hiero_0190,0,1,5
hiero_0191,0,3,9
hiero_0192,0,1,4
hiero_0193,0,3,9
hiero_0194,0,3,9
hiero_0195,1,5,15
hiero_0196,1,5,15
hiero_0197,0,3,9
hiero_0198,0,3,9
hiero_0199,0,3,10
hiero_0200,0,1,5
hiero_0201,0,2,6
hiero_0202,0,1,3
hiero_0203,0,1,3
hiero_0204,0,3,10
hiero_0205,0,3,9
hiero_0206,0,3,9
hiero_0207,0,3,9
hiero_0208,0,3,10
hiero_0209,0,3,11
hiero_0210,1,6,19
hiero_0211,0,3,11
hiero_0212,0,3,11
hiero_0213,1,6,18
hiero_0214,1,4,12
hiero_0215,1,5,15
hiero_0216,1,6,18
hiero_0217,1,6,19
hiero_0218,0,3,11
hiero_0219,0,3,11
hiero_0220,1,6,18
hiero_0221,1,6,18
hiero_0222,1,6,18
hiero_0223,1,6,19
hiero_0224,1,6,19
hiero_0225,1,5,15
hiero_0226,1,6,18
hiero_0227,1,6,18
hiero_0228,1,7,21
hiero_0229,1,5,15
hiero_0230,1,6,18
hiero_0231,0,0,0
hiero_0232,1,6,18
hiero_0233,1,6,20
hiero_0234,0,3,11
hiero_0235,1,6,19
hiero_0236,0,3,11
hiero_0237,0,3,11
hiero_0238,0,3,11
hiero_0239,0,0,0
hiero_0240,1,5,15
hiero_0241,0,3,11
hiero_0242,1,6,18
hiero_0243,1,4,14
hiero_0244,1,6,18
hiero_0245,1,4,12
hiero_0246,1,7,21
hiero_0247,1,5,15
hiero_0248,1,6,18
hiero_0249,1,6,18
hiero_0250,0,3,11
hiero_0251,0,0,0
hiero_0252,1,4,12
hiero_0253,1,6,19
hiero_0254,0,0,1
hiero_0255,0,1,3
hiero_0256,0,3,10
hiero_0257,0,3,11
hiero_0258,0,3,10
hiero_0259,0,3,10
hiero_0260,0,3,11
hiero_0261,1,6,19
hiero_0262,1,5,15
hiero_0263,0,1,5
hiero_0264,0,2,7
hiero_0265,0,2,8
hiero_0266,0,2,6
hiero_0267,0,3,9
hiero_0268,0,3,9
hiero_0269,0,3,9
hiero_0270,0,3,11
hiero_0271,0,1,3
hiero_0272,0,3,10
hiero_0273,0,2,6
hiero_0274,0,0,1
hiero_0275,0,3,10
hiero_0276,0,1,5
hiero_0277,0,1,5
hiero_0278,0,1,5
hiero_0279,0,1,4
hiero_0280,0,1,4
hiero_0281,0,1,4
hiero_0282,1,6,19
hiero_0283,0,3,10
hiero_0284,0,1,5
hiero_0285,0,3,10
hiero_0286,0,3,9
hiero_0287,1,5,17
hiero_0288,0,2,8
hiero_0289,0,0,1
hiero_0290,0,1,4
hiero_0291,0,1,3
hiero_0292,0,1,3
hiero_0293,0,1,4
hiero_0294,0,3,11
hiero_0295,0,1,3
hiero_0296,0,3,10
hiero_0297,0,3,10
hiero_0298,1,6,20
hiero_0299,1,5,15
hiero_0300,0,0,1
hiero_0301,0,1,5
hiero_0302,1,6,20
hiero_0303,0,3,10
hiero_0304,0,2,6
hiero_0305,0,1,4
hiero_0306,0,2,6
hiero_0307,0,2,8
hiero_0308,0,2,8
hiero_0309,0,2,8
hiero_0310,0,2,6
hiero_0311,0,2,8
hiero_0312,0,1,3
hiero_0313,0,1,3
hiero_0314,0,3,10
hiero_0315,0,1,5
hiero_0316,0,1,3
hiero_0317,0,2,6
hiero_0318,0,0,2
hiero_0319,0,3,11
hiero_0320,1,7,21
hiero_0321,1,6,18
hiero_0322,1,6,18
hiero_0323,1,6,19
hiero_0324,1,6,18
hiero_0325,0,3,11
hiero_0326,0,3,11
hiero_0327,1,6,19
hiero_0328,0,0,0
hiero_0329,0,0,0
hiero_0330,0,0,0
hiero_0331,1,4,14
hiero_0332,0,0,2
hiero_0333,0,0,1
hiero_0334,0,0,2
hiero_0335,0,0,1
hiero_0336,0,3,11
hiero_0337,1,6,18
hiero_0338,1,7,21
hiero_0339,0,3,11
hiero_0340,1,6,18
hiero_0341,1,5,15
hiero_0342,1,5,15
hiero_0343,1,6,18
hiero_0344,0,0,0
hiero_0345,0,3,11
hiero_0346,1,6,20
hiero_0347,1,6,19
hiero_0348,0,0,0
hiero_0349,0,0,1
hiero_0350,1,6,19
hiero_0351,1,6,18
hiero_0352,0,3,11
hiero_0353,1,6,18
hiero_0354,1,7,22
hiero_0355,0,3,11
hiero_0356,0,0,0
hiero_0357,0,3,11
hiero_0358,0,3,10
hiero_0359,0,0,0
hiero_0360,0,0,1
hiero_0361,0,0,1
hiero_0362,0,3,10
hiero_0363,0,0,1
hiero_0364,1,6,20
hiero_0365,1,6,19
hiero_0366,1,5,15
hiero_0367,1,6,19
hiero_0368,0,3,11
hiero_0369,0,0,1
hiero_0370,0,3,11
hiero_0371,1,6,18
hiero_0372,1,6,18
hiero_0373,1,6,18
hiero_0374,1,6,18
hiero_0375,1,6,18
hiero_0376,1,5,15
hiero_0377,0,3,10
hiero_0378,1,5,15
hiero_0379,1,7,21
hiero_0380,1,6,18
hiero_0381,1,5,15
hiero_0382,0,3,11
hiero_0383,0,1,5
hiero_0384,0,3,11
hiero_0385,0,3,10
hiero_0386,0,0,1
hiero_0387,0,3,9
hiero_0388,0,1,3
hiero_0389,0,1,4
hiero_0390,0,3,9
hiero_0391,0,1,3
hiero_0392,1,7,21
hiero_0393,1,5,16
hiero_0394,0,3,10
hiero_0395,0,3,11
hiero_0396,0,3,10
hiero_0397,0,1,4
hiero_0398,0,0,2
hiero_0399,1,4,12
hiero_0400,0,1,5
hiero_0401,0,1,5
hiero_0402,0,0,1
hiero_0403,0,3,10
hiero_0404,0,3,10
hiero_0405,0,3,10
hiero_0406,0,3,9
hiero_0407,0,3,10
hiero_0408,1,6,19
hiero_0409,1,5,17
hiero_0410,1,5,17
hiero_0411,0,3,10
hiero_0412,0,3,10
hiero_0413,0,0,1
hiero_0414,0,3,10
hiero_0415,0,3,11
hiero_0416,0,1,4
hiero_0417,0,3,11
hiero_0418,0,0,0
hiero_0419,1,6,18
hiero_0420,1,4,12
hiero_0421,1,6,18
hiero_0422,1,6,19
hiero_0423,0,0,0
hiero_0424,0,0,0
hiero_0425,0,1,3
hiero_0426,0,1,3
hiero_0427,1,5,15
hiero_0428,0,1,3
hiero_0429,0,1,5
hiero_0430,0,0,0
hiero_0431,0,3,11
hiero_0432,0,0,1
hiero_0433,0,0,1
hiero_0434,1,6,18
hiero_0435,0,1,4
hiero_0436,0,1,4
hiero_0437,0,1,4
hiero_0438,0,1,4
hiero_0439,0,3,10
hiero_0440,0,3,11
hiero_0441,0,1,5
hiero_0442,0,3,10
hiero_0443,0,0,2
hiero_0444,0,2,6
hiero_0445,0,3,10
hiero_0446,0,3,11
hiero_0447,0,3,11
hiero_0448,1,6,18
hiero_0449,1,6,19
hiero_0450,1,5,15
hiero_0451,1,5,15
hiero_0452,1,6,18
hiero_0453,0,1,4
hiero_0454,1,6,20
hiero_0455,0,0,1
hiero_0456,0,0,1
hiero_0457,0,0,2
hiero_0458,0,0,2
hiero_0459,0,1,3
hiero_0460,0,1,4
hiero_0461,0,3,10
hiero_0462,1,6,19
hiero_0463,0,3,9
hiero_0464,0,3,10
hiero_0465,0,2,8
hiero_0466,0,0,0
hiero_0467,0,2,7
hiero_0468,0,0,1
hiero_0469,0,1,4
hiero_0470,1,6,18
hiero_0471,0,0,0
hiero_0472,1,6,18
hiero_0473,0,0,0
hiero_0474,0,3,10
hiero_0475,0,1,3
hiero_0476,0,1,4
hiero_0477,0,1,5
hiero_0478,0,1,3
hiero_0479,0,0,1
hiero_0480,0,0,1
hiero_0481,0,0,1
hiero_0482,0,1,5
hiero_0483,0,0,2
hiero_0484,0,1,4
hiero_0485,0,3,10
hiero_0486,1,5,15
hiero_0487,1,5,15
hiero_0488,0,3,10
hiero_0489,0,2,7
hiero_0490,0,2,6
hiero_0491,0,1,3
hiero_0492,0,1,3
hiero_0493,1,5,15
hiero_0494,0,1,5
hiero_0495,0,2,8
hiero_0496,0,0,2
hiero_0497,0,0,2
hiero_0498,0,2,8
hiero_0499,0,1,3
hiero_0500,0,3,9
hiero_0501,1,6,19
hiero_0502,0,1,5
hiero_0503,0,1,3
hiero_0504,0,1,5
hiero_0505,0,1,5
hiero_0506,0,3,10
hiero_0507,1,5,15
hiero_0508,1,6,20
hiero_0509,1,7,21
hiero_0510,0,2,7
hiero_0511,2,9,25
hiero_0512,0,2,6
hiero_0513,0,0,2
hiero_0514,0,1,4
hiero_0515,0,2,6
hiero_0516,1,6,20
hiero_0517,0,1,3
hiero_0518,0,2,6
hiero_0519,0,1,3
hiero_0520,0,0,0
hiero_0521,0,1,3
hiero_0522,0,1,3
hiero_0523,0,2,6
hiero_0524,0,3,10
hiero_0525,0,3,10
hiero_0526,0,2,6
hiero_0527,0,2,6
hiero_0528,0,0,2
hiero_0529,0,1,5
hiero_0530,0,2,6
hiero_0531,0,2,6
hiero_0532,0,1,3
hiero_0533,0,1,3
hiero_0534,0,1,5
hiero_0535,1,5,17
hiero_0536,2,8,24
hiero_0537,2,8,23
hiero_0538,0,2,6
hiero_0539,0,2,6
hiero_0540,0,3,9
hiero_0541,0,3,10
hiero_0542,0,1,3
hiero_0543,0,1,3
hiero_0544,1,4,12
hiero_0545,1,4,12
hiero_0546,1,4,12
hiero_0547,1,4,12
hiero_0548,1,4,12
hiero_0549,1,4,12
hiero_0550,1,4,12
hiero_0551,1,4,12
hiero_0552,1,4,12
hiero_0553,1,4,13
hiero_0554,1,4,12
hiero_0555,1,4,12
hiero_0556,1,4,14
hiero_0557,1,4,12
hiero_0558,1,4,12
hiero_0559,1,4,12
hiero_0560,1,4,12
hiero_0561,1,4,12
hiero_0562,1,4,12
hiero_0563,1,4,12
hiero_0564,1,4,12
hiero_0565,1,4,12
hiero_0566,1,4,12
hiero_0567,1,4,12
hiero_0568,1,4,12
hiero_0569,1,4,13
hiero_0570,1,4,12
hiero_0571,1,4,12
hiero_0572,1,4,13
hiero_0573,1,4,13
hiero_0574,1,4,12
hiero_0575,1,4,12
hiero_0576,1,4,12
hiero_0577,1,4,12
hiero_0578,1,4,12
hiero_0579,1,4,12
hiero_0580,1,4,12
hiero_0581,1,4,12
hiero_0582,1,4,12
hiero_0583,1,4,12
hiero_0584,1,4,12
hiero_0585,1,4,12
hiero_0586,1,4,12
hiero_0587,1,4,13
hiero_0588,1,4,12
hiero_0589,1,4,12
hiero_0590,1,4,12
hiero_0591,1,4,13
hiero_0592,2,8,23
hiero_0593,0,3,10
hiero_0594,0,1,5
hiero_0595,0,3,11
hiero_0596,2,8,23
hiero_0597,2,8,24
hiero_0598,2,8,24
hiero_0599,2,8,23
hiero_0600,2,8,23
hiero_0601,2,8,23
hiero_0602,2,8,23
hiero_0603,2,8,23
hiero_0604,2,8,23
hiero_0605,2,8,23
hiero_0606,0,2,8
hiero_0607,0,0,1
hiero_0608,0,1,5
hiero_0609,1,6,19
hiero_0610,0,0,1
hiero_0611,0,0,1
hiero_0612,1,6,19
hiero_0613,0,0,2
hiero_0614,0,0,1
hiero_0615,1,4,12
hiero_0616,0,2,7
hiero_0617,1,6,18
hiero_0618,1,5,15
hiero_0619,1,6,19
hiero_0620,0,1,5
hiero_0621,0,0,1
hiero_0622,0,0,2
hiero_0623,0,2,6
hiero_0624,0,0,2
hiero_0625,0,2,6
hiero_0626,0,3,9
hiero_0627,1,6,18
hiero_0628,0,1,4
hiero_0629,0,2,6
hiero_0630,0,2,6
hiero_0631,0,1,5
hiero_0632,0,2,6
hiero_0633,0,1,5
hiero_0634,0,2,6
hiero_0635,0,1,5
hiero_0636,0,1,5
hiero_0637,0,2,6
hiero_0638,0,3,9
hiero_0639,0,2,6
hiero_0640,2,8,24
hiero_0641,0,0,0
hiero_0642,0,0,0
hiero_0643,0,2,6
hiero_0644,0,3,9
hiero_0645,2,8,23
hiero_0646,0,0,1
hiero_0647,0,0,2
hiero_0648,0,2,7
hiero_0649,0,2,7
hiero_0650,1,5,15
hiero_0651,2,8,23
hiero_0652,2,8,23
hiero_0653,2,8,24
hiero_0654,2,8,24
hiero_0655,1,4,13
hiero_0656,1,4,13
hiero_0657,0,3,9
hiero_0658,0,1,3
hiero_0659,0,1,3
hiero_0660,0,2,6
hiero_0661,0,1,3
hiero_0662,0,1,5
hiero_0663,1,6,19
hiero_0664,0,2,6
hiero_0665,0,2,6
hiero_0666,0,3,10
hiero_0667,0,3,10
hiero_0668,0,3,10
hiero_0669,0,0,0
hiero_0670,0,0,1
hiero_0671,0,1,5
hiero_0672,0,3,10
hiero_0673,1,6,19
hiero_0674,0,0,1
hiero_0675,1,6,18
hiero_0676,0,1,4
hiero_0677,0,3,10
hiero_0678,0,3,10
hiero_0679,0,2,6
hiero_0680,2,8,23
hiero_0681,0,1,3
hiero_0682,2,8,23
hiero_0683,0,3,9
hiero_0684,2,8,24
hiero_0685,0,0,2
hiero_0686,0,3,9
hiero_0687,1,6,20
hiero_0688,1,5,15
hiero_0689,0,3,10
hiero_0690,1,6,18
hiero_0691,0,1,3
hiero_0692,0,3,10
hiero_0693,0,2,6
hiero_0694,0,1,3
hiero_0695,0,3,10
hiero_0696,0,1,3
hiero_0697,0,2,6
hiero_0698,0,1,3
hiero_0699,0,1,5
hiero_0700,0,1,4
hiero_0701,0,3,10
hiero_0702,0,1,3
hiero_0703,1,6,18
hiero_0704,0,0,2
hiero_0705,0,1,3
hiero_0706,0,0,1
hiero_0707,0,1,4
hiero_0708,0,0,1
hiero_0709,1,4,13
hiero_0710,0,0,1
hiero_0711,1,6,18
hiero_0712,0,0,0
hiero_0713,0,1,5
hiero_0714,0,1,5
hiero_0715,0,0,1
hiero_0716,1,5,15
hiero_0717,1,7,21
hiero_0718,0,0,0
hiero_0719,0,3,10
hiero_0720,1,6,19
hiero_0721,0,1,5
hiero_0722,0,3,10
hiero_0723,0,3,9
hiero_0724,0,3,9
hiero_0725,0,3,10
hiero_0726,1,6,20
hiero_0727,1,6,19
hiero_0728,0,3,9
hiero_0729,0,3,10
hiero_0730,1,6,19
hiero_0731,0,3,9
hiero_0732,1,6,19
hiero_0733,0,3,9
hiero_0734,0,3,10
hiero_0735,1,6,19
hiero_0736,1,6,19
hiero_0737,0,0,0
hiero_0738,0,0,0
hiero_0739,1,5,17
hiero_0740,1,5,15
hiero_0741,0,3,10
hiero_0742,0,0,1
hiero_0743,1,6,18
hiero_0744,0,3,9
hiero_0745,0,2,6
hiero_0746,0,1,5
hiero_0747,1,6,20
hiero_0748,0,3,10
hiero_0749,0,1,4
hiero_0750,0,1,3
hiero_0751,0,3,9
hiero_0752,0,1,3
hiero_0753,0,2,7
hiero_0754,0,1,3
hiero_0755,0,2,7
hiero_0756,0,2,8
hiero_0757,0,0,1
hiero_0758,0,3,9
hiero_0759,0,2,7
hiero_0760,0,3,10
hiero_0761,0,3,9
hiero_0762,0,1,5
hiero_0763,0,1,4
hiero_0764,0,1,4
hiero_0765,0,1,4
hiero_0766,0,1,4
hiero_0767,0,2,6
hiero_0768,0,2,6
hiero_0769,0,1,5
hiero_0770,0,1,4
hiero_0771,0,1,4
hiero_0772,0,2,6
hiero_0773,0,3,10
hiero_0774,0,1,3
hiero_0775,0,1,4
hiero_0776,0,1,3
hiero_0777,0,1,4
hiero_0778,0,1,4
hiero_0779,0,3,10
hiero_0780,0,3,9
hiero_0781,1,5,15
hiero_0782,0,1,5
hiero_0783,0,1,4
hiero_0784,0,1,4
hiero_0785,0,1,4
hiero_0786,0,2,6
hiero_0787,0,2,6
hiero_0788,0,1,3
hiero_0789,0,2,8
hiero_0790,0,0,1
hiero_0791,0,3,9
hiero_0792,0,2,6
hiero_0793,0,1,3
hiero_0794,0,1,4
hiero_0795,0,1,5
hiero_0796,0,1,3
hiero_0797,1,6,18
hiero_0798,0,1,3
hiero_0799,0,2,6
hiero_0800,0,2,6
hiero_0801,0,2,7
hiero_0802,0,1,4
hiero_0803,0,1,5
hiero_0804,1,6,18
hiero_0805,0,3,9
hiero_0806,0,0,2
hiero_0807,0,1,3
hiero_0808,0,1,5
hiero_0809,1,6,20
hiero_0810,0,1,5
hiero_0811,0,1,5
hiero_0812,1,6,20
hiero_0813,0,0,1
hiero_0814,0,3,9
hiero_0815,1,6,18
hiero_0816,0,1,3
hiero_0817,0,1,3
hiero_0818,0,2,6
hiero_0819,0,3,10
hiero_0820,0,3,10
hiero_0821,1,6,19
hiero_0822,0,3,9
hiero_0823,0,3,10
hiero_0824,0,3,10
hiero_0825,0,3,10
hiero_0826,0,3,10
hiero_0827,0,1,4
hiero_0828,0,1,5
hiero_0829,0,3,9
hiero_0830,0,0,0
hiero_0831,0,3,11
hiero_0832,0,3,10
hiero_0833,1,5,15
hiero_0834,0,3,9
hiero_0835,0,0,2
hiero_0836,0,0,1
hiero_0837,0,1,5
hiero_0838,0,3,9
hiero_0839,0,1,5
hiero_0840,0,1,3
hiero_0841,0,1,3
hiero_0842,0,1,3
hiero_0843,0,1,4
hiero_0844,0,1,4
hiero_0845,0,0,2
hiero_0846,0,0,1
hiero_0847,0,2,6
hiero_0848,0,2,8
hiero_0849,0,1,4
hiero_0850,0,1,3
hiero_0851,0,1,3
hiero_0852,0,1,3
hiero_0853,0,2,8
hiero_0854,0,1,5
hiero_0855,0,1,3
hiero_0856,0,1,4
hiero_0857,0,1,4
hiero_0858,0,3,11
hiero_0859,0,1,4
hiero_0860,0,1,5
hiero_0861,0,3,11
hiero_0862,0,1,3
hiero_0863,0,2,6
hiero_0864,0,1,4
hiero_0865,0,1,3
hiero_0866,0,1,3
hiero_0867,0,1,4
hiero_0868,0,3,9
hiero_0869,0,3,9
hiero_0870,0,3,9
hiero_0871,1,6,19
hiero_0872,1,5,15
hiero_0873,1,5,15
hiero_0874,1,5,15
hiero_0875,0,3,10
hiero_0876,0,2,6
hiero_0877,0,3,10
hiero_0878,1,5,15
hiero_0879,0,3,10
hiero_0880,0,3,9
hiero_0881,0,1,3
hiero_0882,0,1,3
hiero_0883,0,3,9
hiero_0884,0,1,4
hiero_0885,0,1,5
hiero_0886,0,1,5
hiero_0887,0,1,4
hiero_0888,0,1,3
hiero_0889,0,1,3
hiero_0890,0,1,3
hiero_0891,0,1,3
hiero_0892,0,1,3
hiero_0893,0,1,3
hiero_0894,0,1,4
hiero_0895,0,1,4
hiero_0896,0,1,4
hiero_0897,0,3,10
hiero_0898,0,0,1
hiero_0899,0,0,1
hiero_0900,0,3,10
hiero_0901,0,3,9
hiero_0902,0,2,8
hiero_0903,0,2,6
hiero_0904,0,2,6
hiero_0905,0,0,2
hiero_0906,0,0,2
hiero_0907,0,0,2
hiero_0908,0,0,2
hiero_0909,0,0,2
hiero_0910,0,0,1
hiero_0911,0,2,8
hiero_0912,0,2,6
hiero_0913,0,2,6
hiero_0914,0,2,8
hiero_0915,0,3,11
hiero_0916,0,1,5
hiero_0917,0,1,4
hiero_0918,0,1,3
hiero_0919,0,2,6
hiero_0920,0,2,6
hiero_0921,0,1,4
hiero_0922,0,1,4
hiero_0923,0,1,3
hiero_0924,0,3,9
hiero_0925,0,1,5
hiero_0926,0,3,10
hiero_0927,0,1,4
hiero_0928,0,1,4
hiero_0929,0,2,6
hiero_0930,0,1,3
hiero_0931,0,0,1
hiero_0932,0,1,5
hiero_0933,0,1,3
hiero_0934,0,1,5
hiero_0935,0,1,3
hiero_0936,0,2,6
hiero_0937,0,1,5
hiero_0938,0,1,3
hiero_0939,0,1,4
hiero_0940,0,3,11
hiero_0941,0,2,6
hiero_0942,0,2,6
hiero_0943,0,1,3
hiero_0944,0,1,3
hiero_0945,0,1,4
hiero_0946,0,1,3
hiero_0947,1,6,20
hiero_0948,1,6,20
hiero_0949,0,1,3
hiero_0950,0,1,3
hiero_0951,0,1,5
hiero_0952,0,1,4
hiero_0953,0,1,4
hiero_0954,0,2,6
hiero_0955,0,2,6
hiero_0956,0,1,3
hiero_0957,0,2,6
hiero_0958,0,2,6
hiero_0959,0,1,5
hiero_0960,1,6,20
hiero_0961,0,3,9
hiero_0962,1,6,19
hiero_0963,1,5,15
hiero_0964,0,2,6
hiero_0965,1,5,16
hiero_0966,0,2,6
hiero_0967,0,0,1
hiero_0968,0,0,1
hiero_0969,0,1,5
hiero_0970,0,2,6
hiero_0971,0,1,3
hiero_0972,0,2,6
hiero_0973,0,0,1
hiero_0974,0,3,10
hiero_0975,0,2,6
hiero_0976,0,1,3
hiero_0977,0,1,4
hiero_0978,0,1,3
hiero_0979,0,3,10
hiero_0980,0,2,6
hiero_0981,0,2,6
hiero_0982,0,1,3
hiero_0983,0,2,6
hiero_0984,0,2,6
hiero_0985,0,1,5
hiero_0986,0,1,4
hiero_0987,0,2,8
hiero_0988,0,2,6
hiero_0989,0,2,6
hiero_0990,0,3,11
hiero_0991,0,3,10
hiero_0992,0,2,7
hiero_0993,0,1,3
hiero_0994,0,0,1
hiero_0995,0,1,5
hiero_0996,2,8,23
hiero_0997,2,8,24
hiero_0998,2,8,24
hiero_0999,0,2,6
hiero_1000,2,8,24
hiero_1001,2,8,23
hiero_1002,2,8,23
hiero_1003,2,8,23
hiero_1004,0,2,6
hiero_1005,0,1,3
hiero_1006,2,8,24
hiero_1007,0,1,3
hiero_1008,0,1,3
hiero_1009,0,3,10
hiero_1010,0,1,3
hiero_1011,0,2,6
hiero_1012,0,3,10
hiero_1013,1,6,20
hiero_1014,2,8,24
hiero_1015,0,2,6
hiero_1016,0,1,3
hiero_1017,0,1,3
hiero_1018,2,9,25
hiero_1019,2,9,25
hiero_1020,2,9,25
hiero_1021,2,9,25
hiero_1022,2,9,25
hiero_1023,2,9,26
hiero_1024,2,9,26
hiero_1025,2,9,26
hiero_1026,2,9,26
hiero_1027,2,9,25
hiero_1028,2,9,25
hiero_1029,2,9,25
hiero_1030,2,9,25
hiero_1031,2,9,25
hiero_1032,2,9,25
hiero_1033,2,9,26
hiero_1034,2,9,26
hiero_1035,2,9,26
hiero_1036,2,9,26
hiero_1037,0,1,4
hiero_1038,0,1,4
hiero_1039,0,1,5
hiero_1040,0,1,3
hiero_1041,1,6,20
hiero_1042,0,3,11
hiero_1043,0,1,3
hiero_1044,0,1,3
hiero_1045,0,1,5
hiero_1046,2,8,24
hiero_1047,0,2,6
hiero_1048,0,1,4
hiero_1049,0,2,6
hiero_1050,2,8,23
hiero_1051,0,1,4
hiero_1052,0,1,4
hiero_1053,0,2,6
hiero_1054,0,2,6
hiero_1055,0,2,6
hiero_1056,0,2,7
hiero_1057,0,2,6
hiero_1058,0,1,4
hiero_1059,0,2,6
hiero_1060,0,0,1
hiero_1061,0,0,0
hiero_1062,0,0,1
hiero_1063,0,3,9
hiero_1064,0,3,9
hiero_1065,0,1,4
hiero_1066,0,2,8
hiero_1067,0,2,8
hiero_1068,0,1,5
hiero_1069,0,3,10
hiero_1070,0,1,5
hiero_1071,0,2,8
