rank,image_id,count,frequency
1,hiero_0000,1,0.0009328358208955224
2,hiero_0001,1,0.0009328358208955224
3,hiero_0002,1,0.0009328358208955224
4,hiero_0003,1,0.0009328358208955224
5,hiero_0004,1,0.0009328358208955224
6,hiero_0005,1,0.0009328358208955224
7,hiero_0006,1,0.0009328358208955224
8,hiero_0007,1,0.0009328358208955224
9,hiero_0008,1,0.0009328358208955224
10,hiero_0009,1,0.0009328358208955224
11,hiero_0010,1,0.0009328358208955224
12,hiero_0011,1,0.0009328358208955224
13,hiero_0012,1,0.0009328358208955224
14,hiero_0013,1,0.0009328358208955224
15,hiero_0014,1,0.0009328358208955224
16,hiero_0015,1,0.0009328358208955224
17,hiero_0016,1,0.0009328358208955224
18,hiero_0017,1,0.0009328358208955224
19,hiero_0018,1,0.0009328358208955224
20,hiero_0019,1,0.0009328358208955224
21,hiero_0020,1,0.0009328358208955224
22,hiero_0021,1,0.0009328358208955224
23,hiero_0022,1,0.0009328358208955224
24,hiero_0023,1,0.0009328358208955224
25,hiero_0024,1,0.0009328358208955224
26,hiero_0025,1,0.0009328358208955224
27,hiero_0026,1,0.0009328358208955224
28,hiero_0027,1,0.0009328358208955224
29,hiero_0028,1,0.0009328358208955224
30,hiero_0029,1,0.0009328358208955224
31,hiero_0030,1,0.0009328358208955224
32,hiero_0031,1,0.0009328358208955224
33,hiero_0032,1,0.0009328358208955224
34,hiero_0033,1,0.0009328358208955224
35,hiero_0034,1,0.0009328358208955224
36,hiero_0035,1,0.0009328358208955224
37,hiero_0036,1,0.0009328358208955224
38,hiero_0037,1,0.0009328358208955224
39,hiero_0038,1,0.0009328358208955224
40,hiero_0039,1,0.0009328358208955224
41,hiero_0040,1,0.0009328358208955224
42,hiero_0041,1,0.0009328358208955224
43,hiero_0042,1,0.0009328358208955224
44,hiero_0043,1,0.0009328358208955224
45,hiero_0044,1,0.0009328358208955224
46,hiero_0045,1,0.0009328358208955224
47,hiero_0046,1,0.0009328358208955224
48,hiero_0047,1,0.0009328358208955224
49,hiero_0048,1,0.0009328358208955224
50,hiero_0049,1,0.0009328358208955224
51,hiero_0050,1,0.0009328358208955224
52,hiero_0051,1,0.0009328358208955224
53,hiero_0052,1,0.0009328358208955224
54,hiero_0053,1,0.0009328358208955224
55,hiero_0054,1,0.0009328358208955224
56,hiero_0055,1,0.0009328358208955224
57,hiero_0056,1,0.0009328358208955224
58,hiero_0057,1,0.0009328358208955224
59,hiero_0058,1,0.0009328358208955224
60,hiero_0059,1,0.0009328358208955224
61,hiero_0060,1,0.0009328358208955224
62,hiero_0061,1,0.0009328358208955224
63,hiero_0062,1,0.0009328358208955224
64,hiero_0063,1,0.0009328358208955224
65,hiero_0064,1,0.0009328358208955224
66,hiero_0065,1,0.0009328358208955224
67,hiero_0066,1,0.0009328358208955224
68,hiero_0067,1,0.0009328358208955224
69,hiero_0068,1,0.0009328358208955224
70,hiero_0069,1,0.0009328358208955224
71,hiero_0070,1,0.0009328358208955224
72,hiero_0071,1,0.0009328358208955224
73,hiero_0072,1,0.0009328358208955224
74,hiero_0073,1,0.0009328358208955224
75,hiero_0074,1,0.0009328358208955224
76,hiero_0075,1,0.0009328358208955224
77,hiero_0076,1,0.0009328358208955224
78,hiero_0077,1,0.0009328358208955224
79,hiero_0078,1,0.0009328358208955224
80,hiero_0079,1,0.0009328358208955224
81,hiero_0080,1,0.0009328358208955224
82,hiero_0081,1,0.0009328358208955224
83,hiero_0082,1,0.0009328358208955224
84,hiero_0083,1,0.0009328358208955224
85,hiero_0084,1,0.0009328358208955224
86,hiero_0085,1,0.0009328358208955224
87,hiero_0086,1,0.0009328358208955224
88,hiero_0087,1,0.0009328358208955224
89,hiero_0088,1,0.0009328358208955224
90,hiero_0089,1,0.0009328358208955224
91,hiero_0090,1,0.0009328358208955224
92,hiero_0091,1,0.0009328358208955224
93,hiero_0092,1,0.0009328358208955224
94,hiero_0093,1,0.0009328358208955224
95,hiero_0094,1,0.0009328358208955224
96,hiero_0095,1,0.0009328358208955224
97,hiero_0096,1,0.0009328358208955224
98,hiero_0097,1,0.0009328358208955224
99,hiero_0098,1,0.0009328358208955224
100,hiero_0099,1,0.0009328358208955224
101,hiero_0100,1,0.0009328358208955224
102,hiero_0101,1,0.0009328358208955224
103,hiero_0102,1,0.0009328358208955224
104,hiero_0103,1,0.0009328358208955224
105,hiero_0104,1,0.0009328358208955224
106,hiero_0105,1,0.0009328358208955224
107,hiero_0106,1,0.0009328358208955224
108,hiero_0107,1,0.0009328358208955224
109,hiero_0108,1,0.0009328358208955224
110,hiero_0109,1,0.0009328358208955224
111,hiero_0110,1,0.0009328358208955224
112,hiero_0111,1,0.0009328358208955224
113,hiero_0112,1,0.0009328358208955224
114,hiero_0113,1,0.0009328358208955224
115,hiero_0114,1,0.0009328358208955224
116,hiero_0115,1,0.0009328358208955224
117,hiero_0116,1,0.0009328358208955224
118,hiero_0117,1,0.0009328358208955224
119,hiero_0118,1,0.0009328358208955224
120,hiero_0119,1,0.0009328358208955224
121,hiero_0120,1,0.0009328358208955224
122,hiero_0121,1,0.0009328358208955224
123,hiero_0122,1,0.0009328358208955224
124,hiero_0123,1,0.0009328358208955224
125,hiero_0124,1,0.0009328358208955224
126,hiero_0125,1,0.0009328358208955224
127,hiero_0126,1,0.0009328358208955224
128,hiero_0127,1,0.0009328358208955224
129,hiero_0128,1,0.0009328358208955224
130,hiero_0129,1,0.0009328358208955224
131,hiero_0130,1,0.0009328358208955224
132,hiero_0131,1,0.0009328358208955224
133,hiero_0132,1,0.0009328358208955224
134,hiero_0133,1,0.0009328358208955224
135,hiero_0134,1,0.0009328358208955224
136,hiero_0135,1,0.0009328358208955224
137,hiero_0136,1,0.0009328358208955224
138,hiero_0137,1,0.0009328358208955224
139,hiero_0138,1,0.0009328358208955224
140,hiero_0139,1,0.0009328358208955224
141,hiero_0140,1,0.0009328358208955224
142,hiero_0141,1,0.0009328358208955224
143,hiero_0142,1,0.0009328358208955224
144,hiero_0143,1,0.0009328358208955224
145,hiero_0144,1,0.0009328358208955224
146,hiero_0145,1,0.0009328358208955224
147,hiero_0146,1,0.0009328358208955224
148,hiero_0147,1,0.0009328358208955224
149,hiero_0148,1,0.0009328358208955224
150,hiero_0149,1,0.0009328358208955224
151,hiero_0150,1,0.0009328358208955224
152,hiero_0151,1,0.0009328358208955224
153,hiero_0152,1,0.0009328358208955224
154,hiero_0153,1,0.0009328358208955224
155,hiero_0154,1,0.0009328358208955224
156,hiero_0155,1,0.0009328358208955224
157,hiero_0156,1,0.0009328358208955224
158,hiero_0157,1,0.0009328358208955224
159,hiero_0158,1,0.0009328358208955224
160,hiero_0159,1,0.0009328358208955224
161,hiero_0160,1,0.0009328358208955224
162,hiero_0161,1,0.0009328358208955224
163,hiero_0162,1,0.0009328358208955224
164,hiero_0163,1,0.0009328358208955224
165,hiero_0164,1,0.0009328358208955224
166,hiero_0165,1,0.0009328358208955224
167,hiero_0166,1,0.0009328358208955224
168,hiero_0167,1,0.0009328358208955224
169,hiero_0168,1,0.0009328358208955224
170,hiero_0169,1,0.0009328358208955224
171,hiero_0170,1,0.0009328358208955224
172,hiero_0171,1,0.0009328358208955224
173,hiero_0172,1,0.0009328358208955224
174,hiero_0173,1,0.0009328358208955224
175,hiero_0174,1,0.0009328358208955224
176,hiero_0175,1,0.0009328358208955224
177,hiero_0176,1,0.0009328358208955224
178,hiero_0177,1,0.0009328358208955224
179,hiero_0178,1,0.0009328358208955224
180,hiero_0179,1,0.0009328358208955224
181,hiero_0180,1,0.0009328358208955224
182,hiero_0181,1,0.0009328358208955224
183,hiero_0182,1,0.0009328358208955224
184,hiero_0183,1,0.0009328358208955224
185,hiero_0184,1,0.0009328358208955224
186,hiero_0185,1,0.0009328358208955224
187,hiero_0186,1,0.0009328358208955224
188,hiero_0187,1,0.0009328358208955224
189,hiero_0188,1,0.0009328358208955224
190,hiero_0189,1,0.0009328358208955224
191,hiero_0190,1,0.0009328358208955224
192,hiero_0191,1,0.0009328358208955224
193,hiero_0192,1,0.0009328358208955224
194,hiero_0193,1,0.0009328358208955224
195,hiero_0194,1,0.0009328358208955224
196,hiero_0195,1,0.0009328358208955224
197,hiero_0196,1,0.0009328358208955224
198,hiero_0197,1,0.0009328358208955224
199,hiero_0198,1,0.0009328358208955224
200,hiero_0199,1,0.0009328358208955224
201,hiero_0200,1,0.0009328358208955224
202,hiero_0201,1,0.0009328358208955224
203,hiero_0202,1,0.0009328358208955224
204,hiero_0203,1,0.0009328358208955224
205,hiero_0204,1,0.0009328358208955224
206,hiero_0205,1,0.0009328358208955224
207,hiero_0206,1,0.0009328358208955224
208,hiero_0207,1,0.0009328358208955224
209,hiero_0208,1,0.0009328358208955224
210,hiero_0209,1,0.0009328358208955224
211,hiero_0210,1,0.0009328358208955224
212,hiero_0211,1,0.0009328358208955224
213,hiero_0212,1,0.0009328358208955224
214,hiero_0213,1,0.0009328358208955224
215,hiero_0214,1,0.0009328358208955224
216,hiero_0215,1,0.0009328358208955224
217,hiero_0216,1,0.0009328358208955224
218,hiero_0217,1,0.0009328358208955224
219,hiero_0218,1,0.0009328358208955224
220,hiero_0219,1,0.0009328358208955224
221,hiero_0220,1,0.0009328358208955224
222,hiero_0221,1,0.0009328358208955224
223,hiero_0222,1,0.0009328358208955224
224,hiero_0223,1,0.0009328358208955224
225,hiero_0224,1,0.0009328358208955224
226,hiero_0225,1,0.0009328358208955224
227,hiero_0226,1,0.0009328358208955224
228,hiero_0227,1,0.0009328358208955224
229,hiero_0228,1,0.0009328358208955224
230,hiero_0229,1,0.0009328358208955224
231,hiero_0230,1,0.0009328358208955224
232,hiero_0231,1,0.0009328358208955224
233,hiero_0232,1,0.0009328358208955224
234,hiero_0233,1,0.0009328358208955224
235,hiero_0234,1,0.0009328358208955224
236,hiero_0235,1,0.0009328358208955224
237,hiero_0236,1,0.0009328358208955224
238,hiero_0237,1,0.0009328358208955224
239,hiero_0238,1,0.0009328358208955224
240,hiero_0239,1,0.0009328358208955224
241,hiero_0240,1,0.0009328358208955224
242,hiero_0241,1,0.0009328358208955224
243,hiero_0242,1,0.0009328358208955224
244,hiero_0243,1,0.0009328358208955224
245,hiero_0244,1,0.0009328358208955224
246,hiero_0245,1,0.0009328358208955224
247,hiero_0246,1,0.0009328358208955224
248,hiero_0247,1,0.0009328358208955224
249,hiero_0248,1,0.0009328358208955224
250,hiero_0249,1,0.0009328358208955224
251,hiero_0250,1,0.0009328358208955224
252,hiero_0251,1,0.0009328358208955224
253,hiero_0252,1,0.0009328358208955224
254,hiero_0253,1,0.0009328358208955224
255,hiero_0254,1,0.0009328358208955224
256,hiero_0255,1,0.0009328358208955224
257,hiero_0256,1,0.0009328358208955224
258,hiero_0257,1,0.0009328358208955224
259,hiero_0258,1,0.0009328358208955224
260,hiero_0259,1,0.0009328358208955224
261,hiero_0260,1,0.0009328358208955224
262,hiero_0261,1,0.0009328358208955224
263,hiero_0262,1,0.0009328358208955224
264,hiero_0263,1,0.0009328358208955224
265,hiero_0264,1,0.0009328358208955224
266,hiero_0265,1,0.0009328358208955224
267,hiero_0266,1,0.0009328358208955224
268,hiero_0267,1,0.0009328358208955224
269,hiero_0268,1,0.0009328358208955224
270,hiero_0269,1,0.0009328358208955224
271,hiero_0270,1,0.0009328358208955224
272,hiero_0271,1,0.0009328358208955224
273,hiero_0272,1,0.0009328358208955224
274,hiero_0273,1,0.0009328358208955224
275,hiero_0274,1,0.0009328358208955224
276,hiero_0275,1,0.0009328358208955224
277,hiero_0276,1,0.0009328358208955224
278,hiero_0277,1,0.0009328358208955224
279,hiero_0278,1,0.0009328358208955224
280,hiero_0279,1,0.0009328358208955224
281,hiero_0280,1,0.0009328358208955224
282,hiero_0281,1,0.0009328358208955224
283,hiero_0282,1,0.0009328358208955224
284,hiero_0283,1,0.0009328358208955224
285,hiero_0284,1,0.0009328358208955224
286,hiero_0285,1,0.0009328358208955224
287,hiero_0286,1,0.0009328358208955224
288,hiero_0287,1,0.0009328358208955224
289,hiero_0288,1,0.0009328358208955224
290,hiero_0289,1,0.0009328358208955224
291,hiero_0290,1,0.0009328358208955224
292,hiero_0291,1,0.0009328358208955224
293,hiero_0292,1,0.0009328358208955224
294,hiero_0293,1,0.0009328358208955224
295,hiero_0294,1,0.0009328358208955224
296,hiero_0295,1,0.0009328358208955224
297,hiero_0296,1,0.0009328358208955224
298,hiero_0297,1,0.0009328358208955224
299,hiero_0298,1,0.0009328358208955224
300,hiero_0299,1,0.0009328358208955224
301,hiero_0300,1,0.0009328358208955224
302,hiero_0301,1,0.0009328358208955224
303,hiero_0302,1,0.0009328358208955224
304,hiero_0303,1,0.0009328358208955224
305,hiero_0304,1,0.0009328358208955224
306,hiero_0305,1,0.0009328358208955224
307,hiero_0306,1,0.0009328358208955224
308,hiero_0307,1,0.0009328358208955224
309,hiero_0308,1,0.0009328358208955224
310,hiero_0309,1,0.0009328358208955224
311,hiero_0310,1,0.0009328358208955224
312,hiero_0311,1,0.0009328358208955224
313,hiero_0312,1,0.0009328358208955224
314,hiero_0313,1,0.0009328358208955224
315,hiero_0314,1,0.0009328358208955224
316,hiero_0315,1,0.0009328358208955224
317,hiero_0316,1,0.0009328358208955224
318,hiero_0317,1,0.0009328358208955224
319,hiero_0318,1,0.0009328358208955224
320,hiero_0319,1,0.0009328358208955224
321,hiero_0320,1,0.0009328358208955224
322,hiero_0321,1,0.0009328358208955224
323,hiero_0322,1,0.0009328358208955224
324,hiero_0323,1,0.0009328358208955224
325,hiero_0324,1,0.0009328358208955224
326,hiero_0325,1,0.0009328358208955224
327,hiero_0326,1,0.0009328358208955224
328,hiero_0327,1,0.0009328358208955224
329,hiero_0328,1,0.0009328358208955224
330,hiero_0329,1,0.0009328358208955224
331,hiero_0330,1,0.0009328358208955224
332,hiero_0331,1,0.0009328358208955224
333,hiero_0332,1,0.0009328358208955224
334,hiero_0333,1,0.0009328358208955224
335,hiero_0334,1,0.0009328358208955224
336,hiero_0335,1,0.0009328358208955224
337,hiero_0336,1,0.0009328358208955224
338,hiero_0337,1,0.0009328358208955224
339,hiero_0338,1,0.0009328358208955224
340,hiero_0339,1,0.0009328358208955224
341,hiero_0340,1,0.0009328358208955224
342,hiero_0341,1,0.0009328358208955224
343,hiero_0342,1,0.0009328358208955224
344,hiero_0343,1,0.0009328358208955224
345,hiero_0344,1,0.0009328358208955224
346,hiero_0345,1,0.0009328358208955224
347,hiero_0346,1,0.0009328358208955224
348,hiero_0347,1,0.0009328358208955224
349,hiero_0348,1,0.0009328358208955224
350,hiero_0349,1,0.0009328358208955224
351,hiero_0350,1,0.0009328358208955224
352,hiero_0351,1,0.0009328358208955224
353,hiero_0352,1,0.0009328358208955224
354,hiero_0353,1,0.0009328358208955224
355,hiero_0354,1,0.0009328358208955224
356,hiero_0355,1,0.0009328358208955224
357,hiero_0356,1,0.0009328358208955224
358,hiero_0357,1,0.0009328358208955224
359,hiero_0358,1,0.0009328358208955224
360,hiero_0359,1,0.0009328358208955224
361,hiero_0360,1,0.0009328358208955224
362,hiero_0361,1,0.0009328358208955224
363,hiero_0362,1,0.0009328358208955224
364,hiero_0363,1,0.0009328358208955224
365,hiero_0364,1,0.0009328358208955224
366,hiero_0365,1,0.0009328358208955224
367,hiero_0366,1,0.0009328358208955224
368,hiero_0367,1,0.0009328358208955224
369,hiero_0368,1,0.0009328358208955224
370,hiero_0369,1,0.0009328358208955224
371,hiero_0370,1,0.0009328358208955224
372,hiero_0371,1,0.0009328358208955224
373,hiero_0372,1,0.0009328358208955224
374,hiero_0373,1,0.0009328358208955224
375,hiero_0374,1,0.0009328358208955224
376,hiero_0375,1,0.0009328358208955224
377,hiero_0376,1,0.0009328358208955224
378,hiero_0377,1,0.0009328358208955224
379,hiero_0378,1,0.0009328358208955224
380,hiero_0379,1,0.0009328358208955224
381,hiero_0380,1,0.0009328358208955224
382,hiero_0381,1,0.0009328358208955224
383,hiero_0382,1,0.0009328358208955224
384,hiero_0383,1,0.0009328358208955224
385,hiero_0384,1,0.0009328358208955224
386,hiero_0385,1,0.0009328358208955224
387,hiero_0386,1,0.0009328358208955224
388,hiero_0387,1,0.0009328358208955224
389,hiero_0388,1,0.0009328358208955224
390,hiero_0389,1,0.0009328358208955224
391,hiero_0390,1,0.0009328358208955224
392,hiero_0391,1,0.0009328358208955224
393,hiero_0392,1,0.0009328358208955224
394,hiero_0393,1,0.0009328358208955224
395,hiero_0394,1,0.0009328358208955224
396,hiero_0395,1,0.0009328358208955224
397,hiero_0396,1,0.0009328358208955224
398,hiero_0397,1,0.0009328358208955224
399,hiero_0398,1,0.0009328358208955224
400,hiero_0399,1,0.0009328358208955224
401,hiero_0400,1,0.0009328358208955224
402,hiero_0401,1,0.0009328358208955224
403,hiero_0402,1,0.0009328358208955224
404,hiero_0403,1,0.0009328358208955224
405,hiero_0404,1,0.0009328358208955224
406,hiero_0405,1,0.0009328358208955224
407,hiero_0406,1,0.0009328358208955224
408,hiero_0407,1,0.0009328358208955224
409,hiero_0408,1,0.0009328358208955224
410,hiero_0409,1,0.0009328358208955224
411,hiero_0410,1,0.0009328358208955224
412,hiero_0411,1,0.0009328358208955224
413,hiero_0412,1,0.0009328358208955224
414,hiero_0413,1,0.0009328358208955224
415,hiero_0414,1,0.0009328358208955224
416,hiero_0415,1,0.0009328358208955224
417,hiero_0416,1,0.0009328358208955224
418,hiero_0417,1,0.0009328358208955224
419,hiero_0418,1,0.0009328358208955224
420,hiero_0419,1,0.0009328358208955224
421,hiero_0420,1,0.0009328358208955224
422,hiero_0421,1,0.0009328358208955224
423,hiero_0422,1,0.0009328358208955224
424,hiero_0423,1,0.0009328358208955224
425,hiero_0424,1,0.0009328358208955224
426,hiero_0425,1,0.0009328358208955224
427,hiero_0426,1,0.0009328358208955224
428,hiero_0427,1,0.0009328358208955224
429,hiero_0428,1,0.0009328358208955224
430,hiero_0429,1,0.0009328358208955224
431,hiero_0430,1,0.0009328358208955224
432,hiero_0431,1,0.0009328358208955224
433,hiero_0432,1,0.0009328358208955224
434,hiero_0433,1,0.0009328358208955224
435,hiero_0434,1,0.0009328358208955224
436,hiero_0435,1,0.0009328358208955224
437,hiero_0436,1,0.0009328358208955224
438,hiero_0437,1,0.0009328358208955224
439,hiero_0438,1,0.0009328358208955224
440,hiero_0439,1,0.0009328358208955224
441,hiero_0440,1,0.0009328358208955224
442,hiero_0441,1,0.0009328358208955224
443,hiero_0442,1,0.0009328358208955224
444,hiero_0443,1,0.0009328358208955224
445,hiero_0444,1,0.0009328358208955224
446,hiero_0445,1,0.0009328358208955224
447,hiero_0446,1,0.0009328358208955224
448,hiero_0447,1,0.0009328358208955224
449,hiero_0448,1,0.0009328358208955224
450,hiero_0449,1,0.0009328358208955224
451,hiero_0450,1,0.0009328358208955224
452,hiero_0451,1,0.0009328358208955224
453,hiero_0452,1,0.0009328358208955224
454,hiero_0453,1,0.0009328358208955224
455,hiero_0454,1,0.0009328358208955224
456,hiero_0455,1,0.0009328358208955224
457,hiero_0456,1,0.0009328358208955224
458,hiero_0457,1,0.0009328358208955224
459,hiero_0458,1,0.0009328358208955224
460,hiero_0459,1,0.0009328358208955224
461,hiero_0460,1,0.0009328358208955224
462,hiero_0461,1,0.0009328358208955224
463,hiero_0462,1,0.0009328358208955224
464,hiero_0463,1,0.0009328358208955224
465,hiero_0464,1,0.0009328358208955224
466,hiero_0465,1,0.0009328358208955224
467,hiero_0466,1,0.0009328358208955224
468,hiero_0467,1,0.0009328358208955224
469,hiero_0468,1,0.0009328358208955224
470,hiero_0469,1,0.0009328358208955224
471,hiero_0470,1,0.0009328358208955224
472,hiero_0471,1,0.0009328358208955224
473,hiero_0472,1,0.0009328358208955224
474,hiero_0473,1,0.0009328358208955224
475,hiero_0474,1,0.0009328358208955224
476,hiero_0475,1,0.0009328358208955224
477,hiero_0476,1,0.0009328358208955224
478,hiero_0477,1,0.0009328358208955224
479,hiero_0478,1,0.0009328358208955224
480,hiero_0479,1,0.0009328358208955224
481,hiero_0480,1,0.0009328358208955224
482,hiero_0481,1,0.0009328358208955224
483,hiero_0482,1,0.0009328358208955224
484,hiero_0483,1,0.0009328358208955224
485,hiero_0484,1,0.0009328358208955224
486,hiero_0485,1,0.0009328358208955224
487,hiero_0486,1,0.0009328358208955224
488,hiero_0487,1,0.0009328358208955224
489,hiero_0488,1,0.0009328358208955224
490,hiero_0489,1,0.0009328358208955224
491,hiero_0490,1,0.0009328358208955224
492,hiero_0491,1,0.0009328358208955224
493,hiero_0492,1,0.0009328358208955224
494,hiero_0493,1,0.0009328358208955224
495,hiero_0494,1,0.0009328358208955224
496,hiero_0495,1,0.0009328358208955224
497,hiero_0496,1,0.0009328358208955224
498,hiero_0497,1,0.0009328358208955224
499,hiero_0498,1,0.0009328358208955224
500,hiero_0499,1,0.0009328358208955224
501,hiero_0500,1,0.0009328358208955224
502,hiero_0501,1,0.0009328358208955224
503,hiero_0502,1,0.0009328358208955224
504,hiero_0503,1,0.0009328358208955224
505,hiero_0504,1,0.0009328358208955224
506,hiero_0505,1,0.0009328358208955224
507,hiero_0506,1,0.0009328358208955224
508,hiero_0507,1,0.0009328358208955224
509,hiero_0508,1,0.0009328358208955224
510,hiero_0509,1,0.0009328358208955224
511,hiero_0510,1,0.0009328358208955224
512,hiero_0511,1,0.0009328358208955224
513,hiero_0512,1,0.0009328358208955224
514,hiero_0513,1,0.0009328358208955224
515,hiero_0514,1,0.0009328358208955224
516,hiero_0515,1,0.0009328358208955224
517,hiero_0516,1,0.0009328358208955224
518,hiero_0517,1,0.0009328358208955224
519,hiero_0518,1,0.0009328358208955224
520,hiero_0519,1,0.0009328358208955224
521,hiero_0520,1,0.0009328358208955224
522,hiero_0521,1,0.0009328358208955224
523,hiero_0522,1,0.0009328358208955224
524,hiero_0523,1,0.0009328358208955224
525,hiero_0524,1,0.0009328358208955224
526,hiero_0525,1,0.0009328358208955224
527,hiero_0526,1,0.0009328358208955224
528,hiero_0527,1,0.0009328358208955224
529,hiero_0528,1,0.0009328358208955224
530,hiero_0529,1,0.0009328358208955224
531,hiero_0530,1,0.0009328358208955224
532,hiero_0531,1,0.0009328358208955224
533,hiero_0532,1,0.0009328358208955224
534,hiero_0533,1,0.0009328358208955224
535,hiero_0534,1,0.0009328358208955224
536,hiero_0535,1,0.0009328358208955224
537,hiero_0536,1,0.0009328358208955224
538,hiero_0537,1,0.0009328358208955224
539,hiero_0538,1,0.0009328358208955224
540,hiero_0539,1,0.0009328358208955224
541,hiero_0540,1,0.0009328358208955224
542,hiero_0541,1,0.0009328358208955224
543,hiero_0542,1,0.0009328358208955224
544,hiero_0543,1,0.0009328358208955224
545,hiero_0544,1,0.0009328358208955224
546,hiero_0545,1,0.0009328358208955224
547,hiero_0546,1,0.0009328358208955224
548,hiero_0547,1,0.0009328358208955224
549,hiero_0548,1,0.0009328358208955224
550,hiero_0549,1,0.0009328358208955224
551,hiero_0550,1,0.0009328358208955224
552,hiero_0551,1,0.0009328358208955224
553,hiero_0552,1,0.0009328358208955224
554,hiero_0553,1,0.0009328358208955224
555,hiero_0554,1,0.0009328358208955224
556,hiero_0555,1,0.0009328358208955224
557,hiero_0556,1,0.0009328358208955224
558,hiero_0557,1,0.0009328358208955224
559,hiero_0558,1,0.0009328358208955224
560,hiero_0559,1,0.0009328358208955224
561,hiero_0560,1,0.0009328358208955224
562,hiero_0561,1,0.0009328358208955224
563,hiero_0562,1,0.0009328358208955224
564,hiero_0563,1,0.0009328358208955224
565,hiero_0564,1,0.0009328358208955224
566,hiero_0565,1,0.0009328358208955224
567,hiero_0566,1,0.0009328358208955224
568,hiero_0567,1,0.0009328358208955224
569,hiero_0568,1,0.0009328358208955224
570,hiero_0569,1,0.0009328358208955224
571,hiero_0570,1,0.0009328358208955224
572,hiero_0571,1,0.0009328358208955224
573,hiero_0572,1,0.0009328358208955224
574,hiero_0573,1,0.0009328358208955224
575,hiero_0574,1,0.0009328358208955224
576,hiero_0575,1,0.0009328358208955224
577,hiero_0576,1,0.0009328358208955224
578,hiero_0577,1,0.0009328358208955224
579,hiero_0578,1,0.0009328358208955224
580,hiero_0579,1,0.0009328358208955224
581,hiero_0580,1,0.0009328358208955224
582,hiero_0581,1,0.0009328358208955224
583,hiero_0582,1,0.0009328358208955224
584,hiero_0583,1,0.0009328358208955224
585,hiero_0584,1,0.0009328358208955224
586,hiero_0585,1,0.0009328358208955224
587,hiero_0586,1,0.0009328358208955224
588,hiero_0587,1,0.0009328358208955224
589,hiero_0588,1,0.0009328358208955224
590,hiero_0589,1,0.0009328358208955224
591,hiero_0590,1,0.0009328358208955224
592,hiero_0591,1,0.0009328358208955224
593,hiero_0592,1,0.0009328358208955224
594,hiero_0593,1,0.0009328358208955224
595,hiero_0594,1,0.0009328358208955224
596,hiero_0595,1,0.0009328358208955224
597,hiero_0596,1,0.0009328358208955224
598,hiero_0597,1,0.0009328358208955224
599,hiero_0598,1,0.0009328358208955224
600,hiero_0599,1,0.0009328358208955224
601,hiero_0600,1,0.0009328358208955224
602,hiero_0601,1,0.0009328358208955224
603,hiero_0602,1,0.0009328358208955224
604,hiero_0603,1,0.0009328358208955224
605,hiero_0604,1,0.0009328358208955224
606,hiero_0605,1,0.0009328358208955224
607,hiero_0606,1,0.0009328358208955224
608,hiero_0607,1,0.0009328358208955224
609,hiero_0608,1,0.0009328358208955224
610,hiero_0609,1,0.0009328358208955224
611,hiero_0610,1,0.0009328358208955224
612,hiero_0611,1,0.0009328358208955224
613,hiero_0612,1,0.0009328358208955224
614,hiero_0613,1,0.0009328358208955224
615,hiero_0614,1,0.0009328358208955224
616,hiero_0615,1,0.0009328358208955224
617,hiero_0616,1,0.0009328358208955224
618,hiero_0617,1,0.0009328358208955224
619,hiero_0618,1,0.0009328358208955224
620,hiero_0619,1,0.0009328358208955224
621,hiero_0620,1,0.0009328358208955224
622,hiero_0621,1,0.0009328358208955224
623,hiero_0622,1,0.0009328358208955224
624,hiero_0623,1,0.0009328358208955224
625,hiero_0624,1,0.0009328358208955224
626,hiero_0625,1,0.0009328358208955224
627,hiero_0626,1,0.0009328358208955224
628,hiero_0627,1,0.0009328358208955224
629,hiero_0628,1,0.0009328358208955224
630,hiero_0629,1,0.0009328358208955224
631,hiero_0630,1,0.0009328358208955224
632,hiero_0631,1,0.0009328358208955224
633,hiero_0632,1,0.0009328358208955224
634,hiero_0633,1,0.0009328358208955224
635,hiero_0634,1,0.0009328358208955224
636,hiero_0635,1,0.0009328358208955224
637,hiero_0636,1,0.0009328358208955224
638,hiero_0637,1,0.0009328358208955224
639,hiero_0638,1,0.0009328358208955224
640,hiero_0639,1,0.0009328358208955224
641,hiero_0640,1,0.0009328358208955224
642,hiero_0641,1,0.0009328358208955224
643,hiero_0642,1,0.0009328358208955224
644,hiero_0643,1,0.0009328358208955224
645,hiero_0644,1,0.0009328358208955224
646,hiero_0645,1,0.0009328358208955224
647,hiero_0646,1,0.0009328358208955224
648,hiero_0647,1,0.0009328358208955224
649,hiero_0648,1,0.0009328358208955224
650,hiero_0649,1,0.0009328358208955224
651,hiero_0650,1,0.0009328358208955224
652,hiero_0651,1,0.0009328358208955224
653,hiero_0652,1,0.0009328358208955224
654,hiero_0653,1,0.0009328358208955224
655,hiero_0654,1,0.0009328358208955224
656,hiero_0655,1,0.0009328358208955224
657,hiero_0656,1,0.0009328358208955224
658,hiero_0657,1,0.0009328358208955224
659,hiero_0658,1,0.0009328358208955224
660,hiero_0659,1,0.0009328358208955224
661,hiero_0660,1,0.0009328358208955224
662,hiero_0661,1,0.0009328358208955224
663,hiero_0662,1,0.0009328358208955224
664,hiero_0663,1,0.0009328358208955224
665,hiero_0664,1,0.0009328358208955224
666,hiero_0665,1,0.0009328358208955224
667,hiero_0666,1,0.0009328358208955224
668,hiero_0667,1,0.0009328358208955224
669,hiero_0668,1,0.0009328358208955224
670,hiero_0669,1,0.0009328358208955224
671,hiero_0670,1,0.0009328358208955224
672,hiero_0671,1,0.0009328358208955224
673,hiero_0672,1,0.0009328358208955224
674,hiero_0673,1,0.0009328358208955224
675,hiero_0674,1,0.0009328358208955224
676,hiero_0675,1,0.0009328358208955224
677,hiero_0676,1,0.0009328358208955224
678,hiero_0677,1,0.0009328358208955224
679,hiero_0678,1,0.0009328358208955224
680,hiero_0679,1,0.0009328358208955224
681,hiero_0680,1,0.0009328358208955224
682,hiero_0681,1,0.0009328358208955224
683,hiero_0682,1,0.0009328358208955224
684,hiero_0683,1,0.0009328358208955224
685,hiero_0684,1,0.0009328358208955224
686,hiero_0685,1,0.0009328358208955224
687,hiero_0686,1,0.0009328358208955224
688,hiero_0687,1,0.0009328358208955224
689,hiero_0688,1,0.0009328358208955224
690,hiero_0689,1,0.0009328358208955224
691,hiero_0690,1,0.0009328358208955224
692,hiero_0691,1,0.0009328358208955224
693,hiero_0692,1,0.0009328358208955224
694,hiero_0693,1,0.0009328358208955224
695,hiero_0694,1,0.0009328358208955224
696,hiero_0695,1,0.0009328358208955224
697,hiero_0696,1,0.0009328358208955224
698,hiero_0697,1,0.0009328358208955224
699,hiero_0698,1,0.0009328358208955224
700,hiero_0699,1,0.0009328358208955224
701,hiero_0700,1,0.0009328358208955224
702,hiero_0701,1,0.0009328358208955224
703,hiero_0702,1,0.0009328358208955224
704,hiero_0703,1,0.0009328358208955224
705,hiero_0704,1,0.0009328358208955224
706,hiero_0705,1,0.0009328358208955224
707,hiero_0706,1,0.0009328358208955224
708,hiero_0707,1,0.0009328358208955224
709,hiero_0708,1,0.0009328358208955224
710,hiero_0709,1,0.0009328358208955224
711,hiero_0710,1,0.0009328358208955224
712,hiero_0711,1,0.0009328358208955224
713,hiero_0712,1,0.0009328358208955224
714,hiero_0713,1,0.0009328358208955224
715,hiero_0714,1,0.0009328358208955224
716,hiero_0715,1,0.0009328358208955224
717,hiero_0716,1,0.0009328358208955224
718,hiero_0717,1,0.0009328358208955224
719,hiero_0718,1,0.0009328358208955224
720,hiero_0719,1,0.0009328358208955224
721,hiero_0720,1,0.0009328358208955224
722,hiero_0721,1,0.0009328358208955224
723,hiero_0722,1,0.0009328358208955224
724,hiero_0723,1,0.0009328358208955224
725,hiero_0724,1,0.0009328358208955224
726,hiero_0725,1,0.0009328358208955224
727,hiero_0726,1,0.0009328358208955224
728,hiero_0727,1,0.0009328358208955224
729,hiero_0728,1,0.0009328358208955224
730,hiero_0729,1,0.0009328358208955224
731,hiero_0730,1,0.0009328358208955224
732,hiero_0731,1,0.0009328358208955224
733,hiero_0732,1,0.0009328358208955224
734,hiero_0733,1,0.0009328358208955224
735,hiero_0734,1,0.0009328358208955224
736,hiero_0735,1,0.0009328358208955224
737,hiero_0736,1,0.0009328358208955224
738,hiero_0737,1,0.0009328358208955224
739,hiero_0738,1,0.0009328358208955224
740,hiero_0739,1,0.0009328358208955224
741,hiero_0740,1,0.0009328358208955224
742,hiero_0741,1,0.0009328358208955224
743,hiero_0742,1,0.0009328358208955224
744,hiero_0743,1,0.0009328358208955224
745,hiero_0744,1,0.0009328358208955224
746,hiero_0745,1,0.0009328358208955224
747,hiero_0746,1,0.0009328358208955224
748,hiero_0747,1,0.0009328358208955224
749,hiero_0748,1,0.0009328358208955224
750,hiero_0749,1,0.0009328358208955224
751,hiero_0750,1,0.0009328358208955224
752,hiero_0751,1,0.0009328358208955224
753,hiero_0752,1,0.0009328358208955224
754,hiero_0753,1,0.0009328358208955224
755,hiero_0754,1,0.0009328358208955224
756,hiero_0755,1,0.0009328358208955224
757,hiero_0756,1,0.0009328358208955224
758,hiero_0757,1,0.0009328358208955224
759,hiero_0758,1,0.0009328358208955224
760,hiero_0759,1,0.0009328358208955224
761,hiero_0760,1,0.0009328358208955224
762,hiero_0761,1,0.0009328358208955224
763,hiero_0762,1,0.0009328358208955224
764,hiero_0763,1,0.0009328358208955224
765,hiero_0764,1,0.0009328358208955224
766,hiero_0765,1,0.0009328358208955224
767,hiero_0766,1,0.0009328358208955224
768,hiero_0767,1,0.0009328358208955224
769,hiero_0768,1,0.0009328358208955224
770,hiero_0769,1,0.0009328358208955224
771,hiero_0770,1,0.0009328358208955224
772,hiero_0771,1,0.0009328358208955224
773,hiero_0772,1,0.0009328358208955224
774,hiero_0773,1,0.0009328358208955224
775,hiero_0774,1,0.0009328358208955224
776,hiero_0775,1,0.0009328358208955224
777,hiero_0776,1,0.0009328358208955224
778,hiero_0777,1,0.0009328358208955224
779,hiero_0778,1,0.0009328358208955224
780,hiero_0779,1,0.0009328358208955224
781,hiero_0780,1,0.0009328358208955224
782,hiero_0781,1,0.0009328358208955224
783,hiero_0782,1,0.0009328358208955224
784,hiero_0783,1,0.0009328358208955224
785,hiero_0784,1,0.0009328358208955224
786,hiero_0785,1,0.0009328358208955224
787,hiero_0786,1,0.0009328358208955224
788,hiero_0787,1,0.0009328358208955224
789,hiero_0788,1,0.0009328358208955224
790,hiero_0789,1,0.0009328358208955224
791,hiero_0790,1,0.0009328358208955224
792,hiero_0791,1,0.0009328358208955224
793,hiero_0792,1,0.0009328358208955224
794,hiero_0793,1,0.0009328358208955224
795,hiero_0794,1,0.0009328358208955224
796,hiero_0795,1,0.0009328358208955224
797,hiero_0796,1,0.0009328358208955224
798,hiero_0797,1,0.0009328358208955224
799,hiero_0798,1,0.0009328358208955224
800,hiero_0799,1,0.0009328358208955224
801,hiero_0800,1,0.0009328358208955224
802,hiero_0801,1,0.0009328358208955224
803,hiero_0802,1,0.0009328358208955224
804,hiero_0803,1,0.0009328358208955224
805,hiero_0804,1,0.0009328358208955224
806,hiero_0805,1,0.0009328358208955224
807,hiero_0806,1,0.0009328358208955224
808,hiero_0807,1,0.0009328358208955224
809,hiero_0808,1,0.0009328358208955224
810,hiero_0809,1,0.0009328358208955224
811,hiero_0810,1,0.0009328358208955224
812,hiero_0811,1,0.0009328358208955224
813,hiero_0812,1,0.0009328358208955224
814,hiero_0813,1,0.0009328358208955224
815,hiero_0814,1,0.0009328358208955224
816,hiero_0815,1,0.0009328358208955224
817,hiero_0816,1,0.0009328358208955224
818,hiero_0817,1,0.0009328358208955224
819,hiero_0818,1,0.0009328358208955224
820,hiero_0819,1,0.0009328358208955224
821,hiero_0820,1,0.0009328358208955224
822,hiero_0821,1,0.0009328358208955224
823,hiero_0822,1,0.0009328358208955224
824,hiero_0823,1,0.0009328358208955224
825,hiero_0824,1,0.0009328358208955224
826,hiero_0825,1,0.0009328358208955224
827,hiero_0826,1,0.0009328358208955224
828,hiero_0827,1,0.0009328358208955224
829,hiero_0828,1,0.0009328358208955224
830,hiero_0829,1,0.0009328358208955224
831,hiero_0830,1,0.0009328358208955224
832,hiero_0831,1,0.0009328358208955224
833,hiero_0832,1,0.0009328358208955224
834,hiero_0833,1,0.0009328358208955224
835,hiero_0834,1,0.0009328358208955224
836,hiero_0835,1,0.0009328358208955224
837,hiero_0836,1,0.0009328358208955224
838,hiero_0837,1,0.0009328358208955224
839,hiero_0838,1,0.0009328358208955224
840,hiero_0839,1,0.0009328358208955224
841,hiero_0840,1,0.0009328358208955224
842,hiero_0841,1,0.0009328358208955224
843,hiero_0842,1,0.0009328358208955224
844,hiero_0843,1,0.0009328358208955224
845,hiero_0844,1,0.0009328358208955224
846,hiero_0845,1,0.0009328358208955224
847,hiero_0846,1,0.0009328358208955224
848,hiero_0847,1,0.0009328358208955224
849,hiero_0848,1,0.0009328358208955224
850,hiero_0849,1,0.0009328358208955224
851,hiero_0850,1,0.0009328358208955224
852,hiero_0851,1,0.0009328358208955224
853,hiero_0852,1,0.0009328358208955224
854,hiero_0853,1,0.0009328358208955224
855,hiero_0854,1,0.0009328358208955224
856,hiero_0855,1,0.0009328358208955224
857,hiero_0856,1,0.0009328358208955224
858,hiero_0857,1,0.0009328358208955224
859,hiero_0858,1,0.0009328358208955224
860,hiero_0859,1,0.0009328358208955224
861,hiero_0860,1,0.0009328358208955224
862,hiero_0861,1,0.0009328358208955224
863,hiero_0862,1,0.0009328358208955224
864,hiero_0863,1,0.0009328358208955224
865,hiero_0864,1,0.0009328358208955224
866,hiero_0865,1,0.0009328358208955224
867,hiero_0866,1,0.0009328358208955224
868,hiero_0867,1,0.0009328358208955224
869,hiero_0868,1,0.0009328358208955224
870,hiero_0869,1,0.0009328358208955224
871,hiero_0870,1,0.0009328358208955224
872,hiero_0871,1,0.0009328358208955224
873,hiero_0872,1,0.0009328358208955224
874,hiero_0873,1,0.0009328358208955224
875,hiero_0874,1,0.0009328358208955224
876,hiero_0875,1,0.0009328358208955224
877,hiero_0876,1,0.0009328358208955224
878,hiero_0877,1,0.0009328358208955224
879,hiero_0878,1,0.0009328358208955224
880,hiero_0879,1,0.0009328358208955224
881,hiero_0880,1,0.0009328358208955224
882,hiero_0881,1,0.0009328358208955224
883,hiero_0882,1,0.0009328358208955224
884,hiero_0883,1,0.0009328358208955224
885,hiero_0884,1,0.0009328358208955224
886,hiero_0885,1,0.0009328358208955224
887,hiero_0886,1,0.0009328358208955224
888,hiero_0887,1,0.0009328358208955224
889,hiero_0888,1,0.0009328358208955224
890,hiero_0889,1,0.0009328358208955224
891,hiero_0890,1,0.0009328358208955224
892,hiero_0891,1,0.0009328358208955224
893,hiero_0892,1,0.0009328358208955224
894,hiero_0893,1,0.0009328358208955224
895,hiero_0894,1,0.0009328358208955224
896,hiero_0895,1,0.0009328358208955224
897,hiero_0896,1,0.0009328358208955224
898,hiero_0897,1,0.0009328358208955224
899,hiero_0898,1,0.0009328358208955224
900,hiero_0899,1,0.0009328358208955224
901,hiero_0900,1,0.0009328358208955224
902,hiero_0901,1,0.0009328358208955224
903,hiero_0902,1,0.0009328358208955224
904,hiero_0903,1,0.0009328358208955224
905,hiero_0904,1,0.0009328358208955224
906,hiero_0905,1,0.0009328358208955224
907,hiero_0906,1,0.0009328358208955224
908,hiero_0907,1,0.0009328358208955224
909,hiero_0908,1,0.0009328358208955224
910,hiero_0909,1,0.0009328358208955224
911,hiero_0910,1,0.0009328358208955224
912,hiero_0911,1,0.0009328358208955224
913,hiero_0912,1,0.0009328358208955224
914,hiero_0913,1,0.0009328358208955224
915,hiero_0914,1,0.0009328358208955224
916,hiero_0915,1,0.0009328358208955224
917,hiero_0916,1,0.0009328358208955224
918,hiero_0917,1,0.0009328358208955224
919,hiero_0918,1,0.0009328358208955224
920,hiero_0919,1,0.0009328358208955224
921,hiero_0920,1,0.0009328358208955224
922,hiero_0921,1,0.0009328358208955224
923,hiero_0922,1,0.0009328358208955224
924,hiero_0923,1,0.0009328358208955224
925,hiero_0924,1,0.0009328358208955224
926,hiero_0925,1,0.0009328358208955224
927,hiero_0926,1,0.0009328358208955224
928,hiero_0927,1,0.0009328358208955224
929,hiero_0928,1,0.0009328358208955224
930,hiero_0929,1,0.0009328358208955224
931,hiero_0930,1,0.0009328358208955224
932,hiero_0931,1,0.0009328358208955224
933,hiero_0932,1,0.0009328358208955224
934,hiero_0933,1,0.0009328358208955224
935,hiero_0934,1,0.0009328358208955224
936,hiero_0935,1,0.0009328358208955224
937,hiero_0936,1,0.0009328358208955224
938,hiero_0937,1,0.0009328358208955224
939,hiero_0938,1,0.0009328358208955224
940,hiero_0939,1,0.0009328358208955224
941,hiero_0940,1,0.0009328358208955224
942,hiero_0941,1,0.0009328358208955224
943,hiero_0942,1,0.0009328358208955224
944,hiero_0943,1,0.0009328358208955224
945,hiero_0944,1,0.0009328358208955224
946,hiero_0945,1,0.0009328358208955224
947,hiero_0946,1,0.0009328358208955224
948,hiero_0947,1,0.0009328358208955224
949,hiero_0948,1,0.0009328358208955224
950,hiero_0949,1,0.0009328358208955224
951,hiero_0950,1,0.0009328358208955224
952,hiero_0951,1,0.0009328358208955224
953,hiero_0952,1,0.0009328358208955224
954,hiero_0953,1,0.0009328358208955224
955,hiero_0954,1,0.0009328358208955224
956,hiero_0955,1,0.0009328358208955224
957,hiero_0956,1,0.0009328358208955224
958,hiero_0957,1,0.0009328358208955224
959,hiero_0958,1,0.0009328358208955224
960,hiero_0959,1,0.0009328358208955224
961,hiero_0960,1,0.0009328358208955224
962,hiero_0961,1,0.0009328358208955224
963,hiero_0962,1,0.0009328358208955224
964,hiero_0963,1,0.0009328358208955224
965,hiero_0964,1,0.0009328358208955224
966,hiero_0965,1,0.0009328358208955224
967,hiero_0966,1,0.0009328358208955224
968,hiero_0967,1,0.0009328358208955224
969,hiero_0968,1,0.0009328358208955224
970,hiero_0969,1,0.0009328358208955224
971,hiero_0970,1,0.0009328358208955224
972,hiero_0971,1,0.0009328358208955224
973,hiero_0972,1,0.0009328358208955224
974,hiero_0973,1,0.0009328358208955224
975,hiero_0974,1,0.0009328358208955224
976,hiero_0975,1,0.0009328358208955224
977,hiero_0976,1,0.0009328358208955224
978,hiero_0977,1,0.0009328358208955224
979,hiero_0978,1,0.0009328358208955224
980,hiero_0979,1,0.0009328358208955224
981,hiero_0980,1,0.0009328358208955224
982,hiero_0981,1,0.0009328358208955224
983,hiero_0982,1,0.0009328358208955224
984,hiero_0983,1,0.0009328358208955224
985,hiero_0984,1,0.0009328358208955224
986,hiero_0985,1,0.0009328358208955224
987,hiero_0986,1,0.0009328358208955224
988,hiero_0987,1,0.0009328358208955224
989,hiero_0988,1,0.0009328358208955224
990,hiero_0989,1,0.0009328358208955224
991,hiero_0990,1,0.0009328358208955224
992,hiero_0991,1,0.0009328358208955224
993,hiero_0992,1,0.0009328358208955224
994,hiero_0993,1,0.0009328358208955224
995,hiero_0994,1,0.0009328358208955224
996,hiero_0995,1,0.0009328358208955224
997,hiero_0996,1,0.0009328358208955224
998,hiero_0997,1,0.0009328358208955224
999,hiero_0998,1,0.0009328358208955224
1000,hiero_0999,1,0.0009328358208955224
1001,hiero_1000,1,0.0009328358208955224
1002,hiero_1001,1,0.0009328358208955224
1003,hiero_1002,1,0.0009328358208955224
1004,hiero_1003,1,0.0009328358208955224
1005,hiero_1004,1,0.0009328358208955224
1006,hiero_1005,1,0.0009328358208955224
1007,hiero_1006,1,0.0009328358208955224
1008,hiero_1007,1,0.0009328358208955224
1009,hiero_1008,1,0.0009328358208955224
1010,hiero_1009,1,0.0009328358208955224
1011,hiero_1010,1,0.0009328358208955224
1012,hiero_1011,1,0.0009328358208955224
1013,hiero_1012,1,0.0009328358208955224
1014,hiero_1013,1,0.0009328358208955224
1015,hiero_1014,1,0.0009328358208955224
1016,hiero_1015,1,0.0009328358208955224
1017,hiero_1016,1,0.0009328358208955224
1018,hiero_1017,1,0.0009328358208955224
1019,hiero_1018,1,0.0009328358208955224
1020,hiero_1019,1,0.0009328358208955224
1021,hiero_1020,1,0.0009328358208955224
1022,hiero_1021,1,0.0009328358208955224
1023,hiero_1022,1,0.0009328358208955224
1024,hiero_1023,1,0.0009328358208955224
1025,hiero_1024,1,0.0009328358208955224
1026,hiero_1025,1,0.0009328358208955224
1027,hiero_1026,1,0.0009328358208955224
1028,hiero_1027,1,0.0009328358208955224
1029,hiero_1028,1,0.0009328358208955224
1030,hiero_1029,1,0.0009328358208955224
1031,hiero_1030,1,0.0009328358208955224
1032,hiero_1031,1,0.0009328358208955224
1033,hiero_1032,1,0.0009328358208955224
1034,hiero_1033,1,0.0009328358208955224
1035,hiero_1034,1,0.0009328358208955224
1036,hiero_1035,1,0.0009328358208955224
1037,hiero_1036,1,0.0009328358208955224
1038,hiero_1037,1,0.0009328358208955224
1039,hiero_1038,1,0.0009328358208955224
1040,hiero_1039,1,0.0009328358208955224
1041,hiero_1040,1,0.0009328358208955224
1042,hiero_1041,1,0.0009328358208955224
1043,hiero_1042,1,0.0009328358208955224
1044,hiero_1043,1,0.0009328358208955224
1045,hiero_1044,1,0.0009328358208955224
1046,hiero_1045,1,0.0009328358208955224
1047,hiero_1046,1,0.0009328358208955224
1048,hiero_1047,1,0.0009328358208955224
1049,hiero_1048,1,0.0009328358208955224
1050,hiero_1049,1,0.0009328358208955224
1051,hiero_1050,1,0.0009328358208955224
1052,hiero_1051,1,0.0009328358208955224
1053,hiero_1052,1,0.0009328358208955224
1054,hiero_1053,1,0.0009328358208955224
1055,hiero_1054,1,0.0009328358208955224
1056,hiero_1055,1,0.0009328358208955224
1057,hiero_1056,1,0.0009328358208955224
1058,hiero_1057,1,0.0009328358208955224
1059,hiero_1058,1,0.0009328358208955224
1060,hiero_1059,1,0.0009328358208955224
1061,hiero_1060,1,0.0009328358208955224
1062,hiero_1061,1,0.0009328358208955224
1063,hiero_1062,1,0.0009328358208955224
1064,hiero_1063,1,0.0009328358208955224
1065,hiero_1064,1,0.0009328358208955224
1066,hiero_1065,1,0.0009328358208955224
1067,hiero_1066,1,0.0009328358208955224
1068,hiero_1067,1,0.0009328358208955224
1069,hiero_1068,1,0.0009328358208955224
1070,hiero_1069,1,0.0009328358208955224
1071,hiero_1070,1,0.0009328358208955224
1072,hiero_1071,1,0.0009328358208955224
